SKU,Description,Cost
0000000NV314,LOGIC_IC xCBDWE52697AV4                 ,
0000000NU710,LOGIC_IC xCPBDWE52603V4                 ,
0000000NU704,LOGIC_IC xCPBDWE52609V4                 ,
0000000NU599,LOGIC_IC xCPBDWE52620V4                 ,
0000000NU692,LOGIC_IC xCPBDWE52630V4                 ,
0000000NU686,LOGIC_IC xCPBDWE52640V4                 ,
0000000NU685,LOGIC_IC xCPBDWE52650V4                 ,
0000000NU717,LOGIC_IC xCPBDWE52667V4                 ,
0000000NV344,LOGIC_IC xCPBDWE52673V4                 ,
0000000NU693,LOGIC_IC xCPBDWE52680V4                 ,
0000000NU635,LOGIC_IC xCPBDWE526xxV4                 ,
0000000NV321, LOGIC_IC xCPBDWE74850V4                ,
0000000NV317, LOGIC_IC xCPBDWE78890V4                ,
0000040X7472,LOGIC_IC xCPHWE52698C1                  ,
0000040X7387,  LOGIC_IC xCPIVBE52620S1               ,
SM30E51142,MEMORY 16G D4-21E HMA82GU7MFR8N-TF,
SM30J46602,MEMORY 16G D4-21R HMA42GR7AFR4N-TF,
SM30G54884,MEMORY S M393A2G40DB0CPB 16GB D421R   ,
SM30K12156,MEMORY 16G D424R HMA42GR7AFR4NUH      ,
SM30G16438,MEMORY 16GB D4 21S M471A2K43BB1-CPB,
SM30G16450,MEMORY M378A2K43BB1CPB 16GB D4U        ,
SM30G16512,MEMORY 16GB D4 24S M471A2K43BB1CRC     ,
SM30M49903,MEMORY 16GB D4 S M471A2K43CB1CRC       ,
SM30E51097,MEMORY 16GB RDIMM DDR31866 1R*8 1.5V   ,
0000000NU565,MEMORY 16GB2133UDIMMECC2Rx8,
0000000NV204,MEMORY 16GB2400Mhz Ri                   ,
0000000NU400,MEMORY 16GBSTRCGOAL                     ,
0000000NV283,MEMORY 1Rx8 8GB 8Gbit 2400 UDIMM ECC,
000000B00602,MEMORY 2GB 1RX8 PC310600U 2Gb SV UDIMM ,
SM30G16485,MEMORY 2GB D3L 16S M471B5674EB0YK0     ,
SM30G16477,MEMORY 2GB D3L 16S RMT3190MN76F8F-1600,
SM30K25230,MEMORY 2G D4 2400U HMA425U6AFR6NUHN0   ,
SM30K25228,MEMORY 2GB D4 24U M378A5644EB0-CRC,
0000000NV279,MEMORY 2Rx4 32GB 8Gbit 2400MHz RDiMM    ,
0000000NV284,MEMORY 2Rx8 16GB 8Gbit 2400 UDIMM ECC   ,
SM30K12159,MEMORY HMA84GR7MFR4NUH 32GB D424R     ,
0000000NV194,MEMORY 32Gb2133lrdimm                   ,
0000000NV205,MEMORY 32GB2400MHZRid                   ,
0000047J0256,MEMORY 32GB8gb12                        ,
0000000NV253,MEMORY 32GB8gb2R4LP24,
0000047J0244,MEMORY 32GBLR186615v                    ,
SM30H35444,MEMORY 4G D4-21E HMA451U7AFR8N-TF,
SM30K12150,MEMORY 4G D4-24R HMA451R7AFR8N-UH,
SM30A47983,MEMORY 4GB 1RX8 PC3L12800E 4GBIT       ,
000000B49257,MEMORY 4GB 2RX8 PC312800E (11111     ,
SM30G16423,MEMORY 4GB D3L 16S M471B5173EB0YK0     ,
SM30G16515,MEMORY 4GB D3L 16S RMT3170MP68F9F-1600,
SM30G16469,MEMORY 4GB D3L 16U M378B5173EB0-YK0,
SM30G16476,MEMORY RMR5030KQ68F9F1600 4GBU D3L     ,
SM30F92655,MEMORY MEMORY Mic_R D9RVX 4GB D3L1600  ,
SM30G16431,MEMORY HMA451S6AFR8NTF 4GB D4 2133S    ,
SM30G16479,MEMORY 4GB D4 21S M471A5143EB0CPB      ,
SM30G16443,MEMORY HMA451U6AFR8NTF 4GB D4 2133U    ,
SM30G16481,MEMORY 4GB D4 21U M378A5143EB1CPB,
SM30K25266,MEMORY 4GB D4 21U RMUA5090KE68H9F2133  ,
SM30E51302,MEMORY 4GB D4 24S M471A5244BB0CRC      ,
SM30G16507,MEMORY 4GB D4 24S RMSA3270MB86H9F2400  ,
SM30K25236,MEMORY 4GB D4 24U M378A5244BB0CRC      ,
SM30K25273,MEMORY 4GB D4 24U M378A5244CB0CRC      ,
SM30K25242,MEMORY 4GB D4 24U RMUA5120MB86H9F2400  ,
SM30M49902,MEMORY 4GB D4 S M471A5244CB0CRC        ,
000000C40973,MEMORY 4GB DDR3L 1600,
SM30E51237,MEMORY 4GB DDR4 SD M471A5143DB0-CPB,
SM30E51274,MEMORY 4GB DDR4 SD M471A5143EB0CPB,
0000000NU554,MEMORY 4GB2133UDIMMECC1Rx8,
0000047J0172,MEMORY 4GB2GB2rx81600                   ,
0000047J0243,MEMORY 64GBLoadRdimm                    ,
0000047J0257,MEMORY 64GBLR12V8gb                     ,
0000000NV207,MEMORY 64GBLRDIMM2400                   ,
SM30E51144,MEMORY H HMA41GR7MFR4NTF 8GB D421R    ,
SM30G54893,MEMORY MTA18ASF1G72PZ2G1A2 8G D421R   ,
SM30K12153,MEMORY 8G D424R HMA41GR7AFR8NUH       ,
000000B49258,MEMORY 8GB 2RX8 PC312800E (11111     ,
SM30G16424,MEMORY 8GB D3L 16S M471B1G73EB0YK0     ,
SM30G16516,MEMORY 8GB D3L 16S RMT3160MP68FAF-1600,
SM30K25272,MEMORY 8GB D3L 16U RMR5040MP68FAF1600  ,
SM30G16435,MEMORY HMA41GS6AFR8NTF 8GB D4 2133S    ,
SM30G16466,MEMORY M471A1G43DB0CPB 8GB D4 2133S    ,
SM30G16480,MEMORY 8GB D4 21S M471A1K43BB0CPB      ,
SM30G16447,MEMORY HMA41GU6AFR8NTF 8GB D4 2133U    ,
SM30G16482,MEMORY 8GB DDR4 2133U M378A1K43BB1CPB  ,
SM30K25220,MEMORY 8GB D4U RMUA5090KB78HAF2133     ,
SM30G16509,MEMORY 8GB D4 24S HMA81GS6AFR8NUH      ,
SM30G16511,MEMORY 8GB D4 24S RMSA3260MB78HAF2400  ,
SM30K25246,MEMORY 8GB D4 24U HMA81GU6AFR8NUH      ,
SM30K25276,MEMORY 8GB D4 24U M378A1K43CB2CRC      ,
SM30G16517,MEMORY 8GB D4 S HMA41GS6AFR8NTF N0 B   ,
SM30M49901,MEMORY 8GB D4 24S M471A1K43CB1CRC      ,
SM30E51191,MEMORY 8GB DDR3L SD M471B1G73EB0YK0,
SM30E51238,MEMORY 8GB DDR4 SD M471A1G43DB0-CPB,
SM30E51275,MEMORY 8GB DDR4 SD M471A1K43BB0-CPB,
SM30E51241,MEMORY 8GB DDR4 SD MTA16ATF1G64HZ2G1A2,
SM30E51096,MEMORY 8GB RDIMM DDR31866 1R*8 1.5V    ,
0000047J0181,MEMORY 8GB1600mhzUdim                   ,
0000000NU564,MEMORY 8GB2133UDIMMECC2Rx8,
0000000NV202,MEMORY 8GB2400Rdimms                    ,
0000000NV203,MEMORY 8GB2Rx82400Rdi                   ,
0000047J0209,MEMORY 8GB4Gb1RX413,
0000047J0211,MEMORY 8GB4Gb1RX416,
0000047J0210,MEMORY 8GB4Gb2RX813                     ,
0000047J0212,MEMORY 8GB4Gb2Rx816                     ,
0000047J0169,MEMORY 8GBLP16001.5v                    ,
0000047J0166,MEMORY 8GBV16002r41.5                   ,
SM30K02060,MEMORY H HMA41GR7AFR4NUH 8GB D424R,
SM30G97407,MEMORY H HMA41GU7AFR8NTF 8GB D421E    ,
SM30G97420,MEMORY H HMA42GR7AFR4N-TF 16GB D4-21R,
SM30K02063,MEMORY H HMA42GR7AFR4NUH 16GB D424R   ,
SM30E51116,MEMORY H HMA42GR7MFR4N-TF 16GB D4-21R,
SM30K02066,MEMORY H HMA84GR7MFR4NUH 32GB D424R   ,
SM30E82732,MEMORY H HMT41GR7AFR8CRD 8GB D318R    ,
SM30E82730,MEMORY H HMT41GU7AFR8CRD 8GB D318E    ,
SM30E82731,MEMORY H HMT451R7AFR8CRD 4GB D318R    ,
SM30E82729,MEMORY H HMT451U7AFR8CRD 4GB D318E    ,
0000047J0237,MEMORY IV16GV1351600,
0000047J0236,MEMORY IV16GV151866                     ,
0000047J0229,MEMORY IV4GV1351600,
0000047J0231,MEMORY IV4GV1351600                     ,
0000047J0230,MEMORY IV4GV151866                      ,
0000047J0233,MEMORY IV8GV1351600                     ,
0000047J0235,MEMORY IV8GV1351600                     ,
0000047J0232,MEMORY IV8GV151866                      ,
0000047J0234,MEMORY IV8GV151866                      ,
0000047J0226,MEMORY IVY16GB1351600                   ,
0000047J0225,MEMORY IVY16GBRD18661                   ,
0000047J0227,MEMORY IVY32GB1351600                   ,
0000047J0219,MEMORY IVY4GB1351600                    ,
0000047J0218,MEMORY IVY4GBRD1866                     ,
0000047J0220,MEMORY IVY4GBRD1866                     ,
0000047J0216,MEMORY IVY4GBUD1600,
0000047J0222,MEMORY IVY8GB1351600                    ,
0000047J0224,MEMORY IVY8GB1351600                    ,
0000047J0221,MEMORY IVY8GBRD1866                     ,
0000047J0223,MEMORY IVY8GBRD1866                     ,
0000047J0217,MEMORY IVY8GBUD1600                     ,
0000047J0176,MEMORY LR32GB4g1354r4,
SM30G16422,MEMORY M378B1G73EB0CK0 8GB D31600     ,
SM30G16421,MEMORY M378B5173EB0CK0 4GB D31600     ,
0000047J0250,MEMORY Memory                           ,
0000047J0251,MEMORY Memory                           ,
0000047J0252,MEMORY Memory                           ,
0000047J0253,MEMORY Memory                           ,
0000047J0254,MEMORY Memory                           ,
SM30E51122,MEMORY MTA18ASF1G72PZ2G1A2 8GB D421R  ,
SM30E51120,MEMORY S M386A4G40DM0CPB 32GB D421L   ,
SM30L13369,MEMORY S M386A8K40BM2CTD 64GB D426LR  ,
SM30L13334,MEMORY S M391A1G43EB1CPB D421E        ,
SM37A18848,MEMORY S M391A1K43BB1CRC 8GB D424E    ,
SM30G97394,MEMORY S M391A2K43BB1CPB 16GB D421E   ,
SM37A18842,MEMORY S M391A2K43BB1CRC 16GB D424E,
SM30E51118,MEMORY S M393A1G40DB0CPB 8GB D421R    ,
SM30K02061,MEMORY S M393A1G40DB1CRC 8GB D424R    ,
SM30K02151,MEMORY S M393A1K43BB1CTD 8GB D426R    ,
SM30E51119,MEMORY S M393A2G40DB0CPB 16GB D421R   ,
SM30K02152,MEMORY S M393A2K40BB2CTD 16GB D426R,
SM30L13366,MEMORY S M393A2K43BB1CTD 16GB D426R   ,
SM30K02153,MEMORY S M393A4K40BB2CTD 32GB D426R   ,
SM30G07949,MEMORY S M393B5173QH0CMA 4GB D318R    ,
SM30G97395,MEMORY TBD 16GB D421E                  ,
000000C62612,SP 3120A,
SSA0F61392,SP 3120A                                ,
SSA0F61430,SP A10 PRO8750B 3.6GHz/4C/4MB 65W CPU  ,
SSA0F66683,SP A10 PRO8770E 2.8GHz/4C/2M 35W AM4   ,
000000C62602,SP A106700                             ,
000000C62603,SP A106800B                            ,
SSA0F61336,SP A107800B                            ,
SSA0F66681,SP A12 PRO8870E 2.9GHz/4C/2M 35W AM4   ,
SSA0F61411,SP A4 PRO7300B 3.8GHz/                 ,
SSA0F61433,SP A4 PRO8350B 3.5GHz/2C/1MB 65W CPU   ,
000000C62595,SP A46300                              ,
000000C62596,SP A46300B                             ,
SSA0F61432,SP A6 PRO8550B 3.7GHz/2C/1MB 65W CPU   ,
000000C62597,SP A66400B                             ,
SSA0F61335,SP A67400B                             ,
SSA0F61431,SP A8 PRO8650B 3.2GHz/4C/4MB 65W CPU   ,
000000C62599,SP A86500                              ,
000000C62600,SP A86500B                             ,
SSA0F61316,SP A87600                              ,
SSA0F61334,SP A87600B                             ,
SSA0F66659,SP AMD A109700E 3.0GHz/4C/2M 35W AM4   ,
SSA0F66669,SP AMD PRO A109700E 3.0GHz/4C/2M 35WAM4,
SSA0F66667,SP AMD A129800E 3.1GHz/4C/2M 35W AM4   ,
SSA0F66666,SP AMD PRO A69500E 3.0GHz/2C/1M 35W AM4,
SSA0J21669,SP Intel E52682v4                      ,
000000C64541,SP E31220V3                            ,
000000C64528,SP E31225v3                            ,
SSA0D93079,SP E31225v3                            ,
SSA0F61324,SP E31226v3                            ,
000000C64532,SP E31230v3                            ,
SSA0F61321,SP E31231v3                            ,
000000C64531,SP E31240v3                            ,
SSA0F61320,SP E31241v3                            ,
000000C64527,SP E31245v3                            ,
SSA0F61323,SP E31246v3                            ,
000000C64530,SP E31270v3                            ,
SSA0F61319,SP E31271v3                            ,
000000C64526,SP E31275v3                            ,
SSA0F61322,SP E31276v3                            ,
000000C64529,SP E31280v3                            ,
SSA0F61318,SP E3-1281v3,
SSA0F61381,SP E31281v3                            ,
000000C64525,SP E31285v3                            ,
SSA0F61376,SP E51603v3                            ,
000000C62665,SP E51607v2                            ,
SSA0F61375,SP E51607v3                            ,
000000C62664,SP E51620v2                            ,
SSA0F61370,SP E51620v3                            ,
SSA0F61371,SP E51630v3                            ,
000000C62663,SP E51650v2                            ,
SSA0F61372,SP E51650v3                            ,
000000C62662,SP E51660v2                            ,
SSA0F61374,SP E51660v3                            ,
SSA0D93096,SP E51680v2                            ,
SSA0F61373,SP E51680v3                            ,
000000C62660,SP E52403v2                            ,
000000C62659,SP E52407v2                            ,
000000C62658,SP E52420v2                            ,
000000C62657,SP E52430Lv2                           ,
000000C62656,SP E52430v2                            ,
000000C62655,SP E52440v2                            ,
000000C62653,SP E52450Lv2                           ,
000000C62654,SP E52450v2                            ,
000000C62652,SP E52470v2                            ,
000000C62651,SP E52603v2                            ,
SSA0F61362,SP E52603v3                            ,
000000C62650,SP E52609v2                            ,
SSA0F61363,SP E52609v3                            ,
000000C62647,SP E52620v2                            ,
SSA0F61368,SP E52620v3                            ,
SSA0F61367,SP E52623v3                            ,
000000C62648,SP E52630Lv2                           ,
SSA0F61364,SP E52630Lv3                           ,
000000C62646,SP E52630v2                            ,
SSA0F61365,SP E52630v3                            ,
000000C62649,SP E52637v2                            ,
SSA0F61360,SP E52637v3                            ,
000000C62644,SP E52640v2                            ,
SSA0F61366,SP E52640v3                            ,
000000C62645,SP E52643v2                            ,
SSA0F61361,SP E52643v3                            ,
000000C62641,SP E52650Lv2                           ,
SSA0F61357,SP E52650Lv3                           ,
000000C62643,SP E52650v2                            ,
SSA0F61352,SP E52650v3                            ,
000000C62640,SP E52660v2                            ,
SSA0F61353,SP E52660v3                            ,
000000C62642,SP E52667v2                            ,
SSA0F61351,SP E52667v3                            ,
000000C62639,SP E52670v2                            ,
SSA0F61354,SP E52670v3                            ,
000000C62638,SP E52680v2                            ,
SSA0F61355,SP E52680v3                            ,
SSA0F61348,SP E52683v3                            ,
SSA0F61358,SP E52685v3                            ,
000000C62661,SP E52687Wv2                           ,
SSA0F61359,SP E52687Wv3                           ,
000000C62637,SP E52690v2                            ,
SSA0F61356,SP E52690v3                            ,
000000C62636,SP E52695v2                            ,
SSA0F61347,SP E52695v3                            ,
000000C62635,SP E52697v2                            ,
SSA0F61369,SP E52697v3                            ,
SSA0F61349,SP E52698v3                            ,
SSA0F61350,SP E52699v3                            ,
000000C00240,SP G1620,
SSA0D93090,SP G1820                                ,
SSA0D93091,SP G1820T                               ,
SSA0F61309,SP G1840                                ,
SSA0D93116,SP G1840T                               ,
000000C62588,SP G2030                                ,
SSA0D93065,SP G3220                                ,
SSA0D93069,SP G3220T                               ,
SSA0D93121,SP G3240                                ,
SSA0D93118,SP G3240T                               ,
SSA0F61454,SP G3260 3.3GHz/                        ,
SSA0F61456,SP G3260T 2.9GHz/                       ,
000000C62680,SP G3420                                ,
SSA0D93068,SP G3420T                               ,
SSA0D93063,SP G3430                                ,
SSA0F61459,SP G3460T 3.0GHz/                       ,
SSA0F66633,SP G4400 3.3GHz/2C/3M 65W               ,
000000C62590,SP G470                                 ,
SSA0F66605,SP I G3250  3.2/2C/3M/1333/1150/53 CPU  ,
SSA0F66606,SP I G3250T 2.8/2C/3M/1333/1150/35 CPU  ,
SSA0D93122,SP G3440                                ,
SSA0D93123,SP I G3450 3.4/1600/2C/3M/1150/54 CPU,
SSA0F66610,SP I G3450T 2.9/2C/3M/1600/1150/35 CPU  ,
SSA0F66608,SP I G3460 3.5/2C/3M/1600/1150/53 CPU   ,
SSA0F66635,SP I G3900 2.8GHz/2C/2M 65W CPU         ,
SSA0F66640,SP I G3900T 2.6GHz/2C/2M 35W CPU        ,
SSA0F66634,SP I G3920 2.9GHz/2C/2M 65W CPU         ,
SSA0F66639,SP I G4400T 2.9GHz/2C/3M 35W CPU        ,
SSA0F66632,SP I G4500 3.5GHz/2C/3M 65W CPU         ,
SSA0F66638,SP I G4500T 3.0GHz/2C/3M 35W CPU        ,
SSA0F66631,SP I G4520 3.6GHz/2C/3M 65W CPU         ,
SSA0F66603,SP I I34160 3.6/2C/3M/1600/1150/54 CPU ,
SSA0F66604,SP I I34160T 3.1/2C/3M/1600/1150/35 CPU,
SSA0D93126,SP I34350                              ,
SSA0D93125,SP I34350T                             ,
SSA0D93127,SP I34360                              ,
SSA0F66609,SP I I34360T 3.2/2C/4M/1600/1150/35 CPU,
SSA0F66607,SP I I34370 3.8/2C/4M/1600/1150/54 CPU ,
SSA0F66630,SP I I36100 3.7GHz/2C/3M 51W CPU       ,
SSA0F66637,SP I I36100T 3.2GHz/2C/3M 35W CPU      ,
SSA0F66636,SP I I36300T 3.3GHz/2C/4M 35W CPU      ,
SSA0D93132,SP I54590S                             ,
SSA0D93133,SP I54690S                             ,
SSA0F66622,SP I I56400 2.7GHz/4C/6M 65W           ,
SSA0F66646,SP I I56400 2.7GHz/4C/6M 65W           ,
SSA0F66626,SP I I56400T 2.2GHz/4C/6M 35W SR2BS    ,
SSA0F66650,SP I I56400T 2.2GHz/4C/6M 35W          ,
SSA0F66625,SP I I56500T 2.5GHz/4C/6M 35W          ,
SSA0F66649,SP I I56500T 2.5GHz/4C/6M 35W          ,
SSA0F66642,SP I I5-6600K 3.5GHz/4C/6M 95W SR2L4,
SSA0F66624,SP I I56600T 2.7GHz/4C/6M 35W          ,
SSA0F66648,SP I I56600T 2.7GHz/4C/6M 35W          ,
SSA0D93139,SP I74790S                             ,
SSA0F66619,SP I I76700 3.4GHz/4C/8M 65W           ,
SSA0F66643,SP I I76700 3.4GHz/4C/8M 65W SR2L2     ,
SSA0F66641,SP I I7-6700K 4.0GHz/4C/8M 95W SR2L0,
SSA0F66623,SP I I76700T 2.8GHz/4C/8M 35W          ,
SSA0F66647,SP I I76700T 2.8GHz/4C/8M 35W          ,
000000C62584,SP i33250                              ,
000000C62585,SP i33250T                             ,
000000C62666,SP I34000M                             ,
000000C62679,SP i34130                              ,
000000C62682,SP i34130T                             ,
SSA0D93124,SP I34150                              ,
SSA0D93120,SP I34150T                             ,
SSA0F61390,SP i34160                              ,
SSA0F61453,SP i34170 3.7GHz/                      ,
SSA0F61455,SP i34170T 3.2GHz/                     ,
000000C62678,SP i34330                              ,
000000C62681,SP i34330T                             ,
000000C62677,SP i34340                              ,
SSA0F61393,SP i34370 3.8GHz/                      ,
SSA0F66629,SP I I36300 3.8GHz/2C/4M 65W CPU       ,
SSA0F66628,SP I I36320 3.9GHz/2C/4M 65W CPU       ,
000000C62668,SP I54200M                             ,
000000C62669,SP I54300M                             ,
SSA0D93071,SP i54440                              ,
SSA0D93070,SP i54440S                             ,
SSA0D93134,SP I54460                              ,
SSA0D93131,SP I54460S                             ,
SSA0D93128,SP I54460T                             ,
SSA0D93088,SP i54570T                             ,
SSA0D93135,SP I54590                              ,
SSA0D93129,SP I54590T                             ,
SSA0D93136,SP I54690                              ,
SSA0F66645,SP I I56500 3.2GHz/4C/6M 65W           ,
SSA0F66621,SP I I56500 3.2GHz/4C/6M 65W           ,
SSA0F66620,SP I I56600 3.3GHz/4C/6M 65W           ,
SSA0F66644,SP I I56600 3.3GHz/4C/6M 65W           ,
000000C62671,SP I74600M                             ,
SSA0D93072,SP i74771                              ,
SSA0D93137,SP I74785T                             ,
SSA0D93140,SP I74790                              ,
SSA7A23496,SP InteG4560 3.5G/2+2/3M/54W/2400       ,
SSA0M55886,SP Intel  i57400 3.0GHz/4C/6M/LGA 65W  ,
SSA0M55887,SP Intel  i57400T 2.4GHz/4C/6M/LGA 35W ,
SSA0M55882,SP Intel  i57500 3.4GHz/4C/6M/LGA 65W  ,
SSA0M55885,SP Intel  i57500T 2.7GHz/4C/6M/LGA 35W ,
SSA0M55881,SP Intel  i57600 3.5GHZ/4C/6M/LGA 65W  ,
SSA0M55884,SP Intel  i57600T 2.8GHz/4C/6M/LGA 35W ,
SSA0M55880,SP Intel  i77700 3.6GHZ/4C/8M/LGA 65W  ,
SSA0M55883,SP Intel  i77700T 2.9GHz/4C/8M/LGA 35W ,
SSA0J21640,SP Intel E31220 v53.0GHz/4C/8M         ,
SSA0F61488,SP Intel E31220v5 3.0GHz/4C/8M         ,
SSA0J21642,SP Intel E31225 v53.3GHz/4C/8M         ,
SSA0F61491,SP Intel E31225v5 3.3GHz/4C/8M         ,
SSA0J21638,SP Intel E31230 v53.4GHz/4C/8M         ,
SSA0F61487,SP Intel E31230v5 3.4GHz/4C/8M         ,
SSA0J21637,SP Intel E31240 v53.5GHz/4C/8M         ,
SSA0F61486,SP Intel E31240v5 3.5GHz/4C/8M         ,
SSA0J21644,SP Intel E31245 v53.5GHz/4C/8M         ,
SSA0F61490,SP Intel E31245v5 3.5GHz/4C/8M         ,
SSA0J21639,SP Intel E31270 v53.6GHz/4C/8M         ,
SSA0F61485,SP Intel E31270v5 3.6GHz/4C/8M         ,
SSA0J21643,SP Intel E31275 v53.6GHz/4C/8M         ,
SSA0F61489,SP Intel E31275v5 3.6GHz/4C/8M         ,
SSA0J21636,SP Intel E31280 v5 3.7GHz/4C/8M        ,
SSA0F61484,SP Intel E31280v5 3.7GHz/4C/8M         ,
SSA0J21661,SP Intel E51603 v4 2.8GHz/4C/10M/140W  ,
SSA0J21660,SP Intel E51607 v4 3.1GHz/4C/10M       ,
SSA0J21659,SP Intel E51620 v4 3.5GHz/4C/10M       ,
SSA0J21658,SP Intel E51630 v4 3.7GHz/4C/10M       ,
SSA0J21657,SP Intel E51650 v4 3.6GHz/6C/15M       ,
SSA0J21656,SP Intel E51660 v4 3.2GHz/8C/20M       ,
SSA0J21655,SP Intel E51680 v4 3.4GHz/8C/20M       ,
SSA0J21631,SP Intel E52603V41.7GHz/6C/15M         ,
SSA0J21630,SP Intel E52609V41.7GHz/8C/20M         ,
SSA0J21629,SP Intel E52620V42.1GHz/8C/20M         ,
SSA0J21632,SP Intel E52623V42.6GHz/4C/10M         ,
SSA0J21634,SP Intel E52630LV41.8GHz/10C/25M       ,
SSA0J21628,SP Intel E52630V42.2GHz/8C/20M         ,
SSA0J21621,SP Intel E52637V43.5GHz/4C/15M         ,
SSA0J21627,SP Intel E52640V42.4GHz/10C/25M        ,
SSA0J21620,SP Intel E52643V43.4GHz/6C/20M         ,
SSA0J21633,SP Intel E52650LV41.7GHz/14C/35M       ,
SSA0J21626,SP Intel E52650V42.2GHz/12C/30M        ,
SSA0J21625,SP Intel E52660V42.0GHz/14C/35M        ,
SSA0J21619,SP Intel E52667V43.2GHz/8C/25M         ,
SSA0J21624,SP Intel E52680V42.4GHz/14C/35M        ,
SSA0J21623,SP Intel E52683V42.1GHz/16C/40M        ,
SSA0J21648,SP Intel E5-2687W v4 3.0GHz/12C/30M,
SSA0J21618,SP Intel E52690V42.6GHz/14C/35M        ,
SSA0J21616,SP Intel E52697AV42.6GHz/16C/40M       ,
SSA0J21617,SP Intel E52698V42.2GHz/20C/50M        ,
SSA0J21614,SP Intel E52699V42.2GHz/22C/55M        ,
SSA0M91178,SP Intel Celeron G3930T                 ,
SSA0M55891,SP Intel i37100 3.9GHz/2C/3M/LGA 51W   ,
SSA0M91174,SP Intel Core i37300T                  ,
SSA7A23484,SP IntelE31220V6 3.0G/4+0/72W/2400     ,
SSA7A23487,SP IntelE31225V6 3.3G/4+2/73W/2400     ,
SSA7A23482,SP IntelE31240V6 3.7G/4+0/72W/2400     ,
SSA7A23481,SP IntelE31270V6 3.8G/4+0/72W/2400     ,
SSA7A23477,SP IntelE52699AV4 2.4G/22C/55M/145W    ,
SSA7A23478,SP IntelE52699RV4 2.2G/22C/55M/145W    ,
SSA7A23500,SP IntelG3930T 2.7G/2+2/2M/35W/2133,
SSA7A23491,SP Inteli37100 3.9G/2+2/3M/51W/2400    ,
SSA7A23490,SP Inteli37300T 3.5G/2+2/4M/35W/2400   ,
SSA0M91187,SP Xeon E31225v6 3.3G 4C 73W           ,
SSA0M91185,SP Xeon E31240v6 3.7G 4C 72W           ,
0000001GV758,"SSD 1.6TB 12Gb SAS 2.5"" SSD             ",
SSS7A06660,"SSD 1.92TB NVMe 2.5"" SSD",
0000001GV756,"SSD 400GB 12Gb SAS 2.5"" SSD             ",
0000001GV757,"SSD 800GB 12Gb SAS 2.5"" SSD",
SSD0H55435,SSD INTL LoydStar 180G 2.5 OPAL,
SSS0L25071,SSD INTL LoydStar 256G 2.5 OPAL         ,
0000000AH638,SSD ORDERABLE PN,
0000000AH641,OPT_DRIVE ORDERABLE PN                  ,
0000000AH644,OPT_DRIVE ORDERABLE PN                  ,
0000000AH645,SSD ORDERABLE PN,
0000000D8453,SSD ORDERABLE PN,
0000000D8455,OPT_DRIVE ORDERABLE PN                  ,
0000000D8457,SSD ORDERABLE PN,
0000000FG722,SSD ORDERABLE PN                        ,
0000000MP651,SSD ORDERABLE PN,
0000000MP652,OPT_DRIVE ORDERABLE PN                  ,
0000000MP653,OPT_DRIVE ORDERABLE PN                  ,
0000000MP676,OPT_DRIVE ORDERABLE PN                  ,
0000000MP678,SSD ORDERABLE PN,
0000000MP680,SSD ORDERABLE PN                        ,
0000000MP681,SSD ORDERABLE PN                        ,
0000000YK154,SSD ORDERABLE PN                        ,
0000000YL699,SSD ORDERABLE PN,
0000001GR296,SSD ORDERABLE PN,
0000001GR298,SSD ORDERABLE PN,
SSS0L25140,SSD RAM S121 16G M.2 2242,
SSS0L25141,SSD RAM S121 32G M.2 2242               ,
0000000FN968,SSD S3610 200GB SS,
SSD0H55421,SSD SAM CM871a 128G 2.5                 ,
SSD0H55423,SSD SAM CM871a 256G 2.5                 ,
SSD0H55422,SSD SAM CM871a 256G 2.5 OPAL            ,
SSD0H55407,SSD SAM PM871a 1024G 2.5                ,
SSD0H55406,SSD SAM PM871a 512G 2.5                 ,
SSS0L25057,SSD SAM PM961128GB M.2 PCIe NVMe       ,
SSS0L25044,SSD SAM PM961256 M.2 NVMe OPAL         ,
SSS0L25045,SSD SAM PM961512 M.2 NVMe OPAL         ,
SSS0L25075,SSD SAM SM961 1024G M.2 2280 OPAL       ,
SSS0L25048,SSD SAM SM961 512G M.2 NVMe OPAL        ,
SSS0L24676,SSD SAN X400 2.5 128G                   ,
SSS0L24677,SSD SAN X400 2.5 256G                   ,
SSS0L24680,SSD SAN X400 2.5 256G OPAL              ,
SSS0L24678,SSD SAN X400 2.5 512G                   ,
SSS0L24693,SSD TSB XG4 128G M.2 2280 PCIe,
SSS0L24686,SSD TSB XG4 M.2 2280 512G OPAL PCIe     ,
0000000YK168,"SSD_ASM 1.6TB  12G SAS 2.5"" SSD",
0000000YK146,"SSD_ASM 1.92TB NVMe 2.5"" SSD",
0000000YK307,"SSD_ASM 1.92TB NVMe 2.5"" SSD",
SSD0E97898,SSD_ASM 2.5 X300S256 6GB/S             ,
SSD0F66183,"SSD_ASM 2.5"" CM871120 6Gb/s            ",
SSD0F66184,"SSD_ASM 2.5"" CM871-192 6Gb/s",
SSD0F66232,"SSD_ASM 2.5""CM871-128 6Gb/s",
SSD0E97937,"SSD_ASM 2.5""PM871256 6Gb/s             ",
SSD0F66164,"SSD_ASM 2.5""TS Refresh180 OPAL 2.0     ",
SSD0F66165,"SSD_ASM 2.5""TS Refresh-240 OPAL 2.0",
SSD0F66167,"SSD_ASM 2.5""TS Refresh-480 OPAL 2.0",
SSD0F66155,"SSD_ASM 2.5""V2S128 6Gb/s               ",
SSD0F66158,"SSD_ASM 2.5""V2S-512 6Gb/s",
SSD0E97880,"SSD_ASM 2.5""X300S512 6Gb/s             ",
SSD0E38401,"SSD_ASM 2.5""PM851256 6Gb/s             ",
SSD0E97866,SSD_ASM 2.5SIERRA STAR180 6GB/S        ,
SSD0E97867,"SSD_ASM 2.5""Sierra Star240 FDE 6G      ",
SSD0E38434,SSD_ASM 2.5X110128 6GB/S               ,
0000000YK159,"SSD_ASM 240GB SATA G3HS 2.5"" SSD        ",
0000000YK163,"SSD_ASM 3.84TB 12Gb SAS 2.5""SSD",
0000000YK308,"SSD_ASM 3.84TB NVMe 2.5"" SSD",
0000001GR785,SSD_ASM 32GB M.2 SATA 2242 SSD,
SSD7A20774,SSD_ASM 32GB M.2 SATA 2242 SSD,
0000000YK166,"SSD_ASM 400GB 12G SAS 2.5"" SSD",
SSD0F55470,SSD_ASM 400GB SFF8639 PCIe3x4 Intel     ,
0000000YK160,"SSD_ASM 480GB SATA G3HS 2.5"" SSD        ",
0000000YK167,"SSD_ASM 800GB  12G SAS 2.5"" SSD",
0000000YK161,"SSD_ASM 960GB SATA G3HS 2.5"" SSD",
000000C19818,"SSD_ASM Bare 2.5"" 64GB Sandisk X110 SSD ",
0000000D8407,SSD_ASM FUSION-IO ioD2,
0000000D8415,SSD_ASM Fusionio ioD2                  ,
SSD0L16542,SSD_ASM Intel S3610 2.5 SATA 6G SSD 1.2T,
SSD0L20143,SSD_ASM Intel S3610 2.5 SATA 6G SSD 400,
SSD0L16541,SSD_ASM Intel S3610 2.5 SATA 6G SSD 800G,
SSD0H80872,SSD_ASM Intl S3510 SATA6G 240G 2.5,
SSD0L16529,SSD_ASM Intl S3520 SATA 6G 2.5 480G     ,
SSD0F66179,SSD_ASM LIT CS14P16 16G M.2 2242       ,
SSD0L20505,SSD_ASM Liteon CV3 6Gb SATA 128GB,
SSD0E97864,SSD_ASM M.2 2242 U11016                ,
SSD0E38456,SSD_ASM M.2 2280 HG6512,
SSD0F66243,SSD_ASM M.2 2280 PCIe AHCI SM951512    ,
SSD0E97862,SSD_ASM M.2 PCIe XP941256              ,
0000068Y7769,SSD_ASM Micron P400E,
0000000AH601,SSD_ASM ORDERABLE PN                    ,
0000000AH602,SSD_ASM ORDERABLE PN,
0000000AH603,SSD_ASM ORDERABLE PN                    ,
0000000AH606,SSD_ASM ORDERABLE PN                    ,
0000000AH609,SSD_ASM ORDERABLE PN,
0000000AH624,SSD_ASM ORDERABLE PN                    ,
0000000AH627,SSD_ASM ORDERABLE PN                    ,
0000000AH628,SSD_ASM ORDERABLE PN                    ,
0000000AH647,SSD_ASM ORDERABLE PN                    ,
0000000AH648,SSD_ASM ORDERABLE PN                    ,
0000000AH649,SSD_ASM ORDERABLE PN                    ,
0000000D5329,SSD_ASM ORDERABLE PN,
0000000D5330,SSD_ASM ORDERABLE PN,
0000000D5331,SSD_ASM ORDERABLE PN,
0000000D5348,SSD_ASM ORDERABLE PN,
0000000D5394,SSD_ASM ORDERABLE PN                    ,
0000000D5395,SSD_ASM ORDERABLE PN                    ,
0000000D5396,SSD_ASM ORDERABLE PN                    ,
0000000D5397,SSD_ASM ORDERABLE PN,
0000000D5398,SSD_ASM ORDERABLE PN,
0000000D8434,SSD_ASM ORDERABLE PN,
0000000D8435,SSD_ASM ORDERABLE PN,
0000000D8436,SSD_ASM ORDERABLE PN,
0000000D8437,SSD_ASM ORDERABLE PN,
0000000D8438,SSD_ASM ORDERABLE PN                    ,
0000000D8439,SSD_ASM ORDERABLE PN                    ,
0000000D8440,SSD_ASM ORDERABLE PN                    ,
0000000D8441,SSD_ASM ORDERABLE PN                    ,
0000000D8450,SSD_ASM ORDERABLE PN                    ,
0000000D8451,SSD_ASM ORDERABLE PN                    ,
0000000D8459,SSD_ASM ORDERABLE PN,
0000000D8460,SSD_ASM ORDERABLE PN,
0000000D8461,SSD_ASM ORDERABLE PN,
0000000FG711,SSD_ASM ORDERABLE PN,
0000000FG713,SSD_ASM ORDERABLE PN                    ,
0000000FG725,SSD_ASM ORDERABLE PN                    ,
0000000FG726,SSD_ASM ORDERABLE PN                    ,
0000000FG727,SSD_ASM ORDERABLE PN                    ,
0000000YK157,SSD_ASM ORDERABLE PN,
0000000YK158,SSD_ASM ORDERABLE PN,
0000000YK162,SSD_ASM ORDERABLE PN,
0000000YK164,SSD_ASM ORDERABLE PN,
0000000YK371,SSD_ASM ORDERABLE PN,
0000000YK596,SSD_ASM ORDERABLE PN,
0000000YK628,SSD_ASM ORDERABLE PN,
0000000YK629,SSD_ASM ORDERABLE PN                    ,
0000068Y7719,SSD_ASM ORDERABLE PN                    ,
0000068Y7780,SSD_ASM ORDERABLE PN                    ,
0000068Y7781,SSD_ASM ORDERABLE PN                    ,
0000068Y7782,SSD_ASM ORDERABLE PN                    ,
0000068Y7784,SSD_ASM ORDERABLE PN                    ,
0000068Y7786,SSD_ASM ORDERABLE PN,
0000068Y7788,SSD_ASM ORDERABLE PN,
0000068Y7789,SSD_ASM ORDERABLE PN,
0000068Y7790,SSD_ASM ORDERABLE PN                    ,
0000068Y7791,SSD_ASM ORDERABLE PN                    ,
0000068Y7783,SSD_ASM ORDERABLE PNti                  ,
0000000D8430,SSD_ASM OREDERABLE PN,
0000000D8431,SSD_ASM OREDERABLE PN                   ,
0000000D8432,SSD_ASM OREDERABLE PN,
0000000D8433,SSD_ASM OREDERABLE PN,
SSD0H55425,SSD_ASM SAM CM871a 256G M.2 OPAL,
SSD0K18153,SSD_ASM Sam PM1635 SAS TLC 400G,
SSD0K18154,SSD_ASM Sam PM1635 SAS TLC 800G,
SSD0E38400,SSD_ASM 2.5PM851128 6GB/S              ,
SSD0E38402,SSD_ASM 2.5PM851256 OPAL 2.0 6GB/S     ,
SSD0K36443,SSD_ASM Sam PM863 SATA6G  2.5 T 120G    ,
SSD0E97934,"SSD_ASM 2.5""PM871128 6Gb/s             ",
SSD0E97935,SSD_ASM SAM PM871 256G 2.5 OPAL         ,
SSD0E97940,SSD_ASM SAM PM871 512G M.2,
SSD0H55415,SSD_ASM SAM PM871a 512G M.2 OPAL,
SSD0F66219,SSD_ASM M.2 PCIe NVMe SM951512         ,
SSD0L16551,SSD_ASM Samsung PM863a SATA 6G SSD 240G ,
SSD0L16552,SSD_ASM Samsung PM863a SATA 6G SSD 480G ,
SSD0L16553,SSD_ASM Samsung PM863a SATA 6G SSD 960G,
SSD0E97954,SSD_ASM SAN X300 2.5 256G OPAL SATA,
SSD0E97955,SSD_ASM SAN X300 2.5 512G SATA          ,
SSD0F66199,SSD_ASM SAN X300 M.2 2280 512G SATA,
SSD0J47156,SSD_ASM SAN X300S 2.5 256G OPAL SATA    ,
SSD0J47155,SSD_ASM SAN X300S 2.5 512G SATA         ,
0000000FG724,SSD_ASM SnstCvPLRINSED                  ,
SSD0G78455,SSD_ASM SSD  S3500 120G                 ,
SSD0G97127,SSD_ASM SSD_ASM 1.2T 2.5 SATA6G Intel,
SSD0F66227,SSD_ASM TSBXG31000GM.2M2280PCIeNVMe     ,
SM30K12165,MEMORY 64G D424L HMAA8GL7MMR4NUH      ,
SM30G16505,MEMORY 4GB D4 24S HMA851S6AFR6NUH      ,
SM30G16513,MEMORY 16GB D4 24S HMA82GS6AFR8NUH     ,
SSD0H55424,SSD_ASM SAM CM871a 128G M.2,
SM30K02067,MEMORY S M393A4K40BB1CRC 32GB D424R,
SM30L45467,MEMORY 16G D4-24E MTA18ASF2G72AZ-2G3B1,
SSD0F66181,SSD_ASM SAM SM951 256G M.2 OPAL,
0000000MP677,SSD ORDERABLE PN,
SSD0E97939,SSD_ASM SAM PM871 256G M.2 OPAL,
SSA0M91177,SP Intel G4560T 2.9GHz/2C/3M/LGA 35W    ,
SM30K25238,MEMORY 4GB D4 24U HMA851U6AFR6NUH      ,
SM30K25254,MEMORY 16GB D4 24U HMA82GU6AFR8NUH     ,
SSD0F66204,SSD_ASM M.2 2280 PCIe NVMe SM951-128,
SSA0M91175,SP Intel i37100T 3.4GHz/2C/3M/LGA 35W  ,
SM37A18844,MEMORY MTA18ASF2G72AZ2G3B1 16GB D424E ,
SM30L37606,MEMORY 16G D424R MTA36ASF2G72PZ2G3B1  ,
SM30L13336,MEMORY H HMA82GU7AFR8N-TF 16GB D4-21E,
SM30L13371,MEMORY S M393AAK40B42CWD 128GB D426R  ,
0000000NV280,MEMORY 2Rx8 16GB 8Gbit 2400MHz RDIMM    ,
SSA7A23483,SP IntelE31230V6 3.5G/4+0/72W/2400     ,
SSD0E97953,"SSD_ASM 2.5""X300-256 6Gb/s",
SSS0L25041,SSD INT PS 256G M.2 2280 OPAL           ,
SSS0L25047,SSD SAM SM961 256G M.2 NVMe OPAL        ,
0000000MP695,SSD ORDERABLE PN,
0000000AH640,OPT_DRIVE ORDERABLE PN                  ,
0000000AK603,COA_LABELS COAR2DC2CROK,
0000000AK617,COA_LABELS COAR2ES2CPUROK,
0000000AK621,COA_LABELS COAR22SE2CRK,
0000000Y4688,COA_LABELS COASAL2CROK,
0000000Y4691,COA_LABELS COADC2CPUROK,
0000000Y4692,COA_LABELS COADCAL2CROK,
0000000Y4703,COA_LABELS COACAL5D,
0000000Y4706,COA_LABELS COARDCAL5U,
0000000Y4715,COA_LABELS COACAL1D,
0000000Y4717,COA_LABELS COACAL10D,
0000000Y4718,COA_LABELS COACAL10U,
0000000Y4719,COA_LABELS COACAL50D,
0000000Y4720,COA_LABELS COACAL50U,
0000000Y4722,COA_LABELS COARDCAL1U,
0000068Y6516,COA_LABELS COASBCAL1U,
0000078P3957,ELEC_COMP Memory                        ,
0000078P4086,LOGIC_IC Memory                         ,
0000071Y3514,COA LABEL   COA Win7 Pro                ,
SSD0F66241,SSD_ASM M.2 2242 CS1-SP32 6Gb/s,
000000B94234,COA LABEL   COA part numberLenovo numbe,
000000C44448,COA LABEL   COA part numberLenovo numbe,
0000071Y9155,COA LABEL   W7HP COA ORY                ,
000000C48348,COA LABEL   Win 7 Pro NatAc Eng MM SFF C,
0000000AK620,COA_LABELS COAR22SE2C,
0000000AK618,COA_LABELS COAR2FD1C,
0000071Y3518,COA LABEL COA Win7 Pro                  ,
SCL0F45285,COA_LABELS WS2012R2DCROKCOA,
000000A91961,COA LABEL   COA part number(MS),
SCL0F45306,COA_LABELS WS2012R2FROKCOA              ,
0000019R1294,COA LABEL   WXP EMBED,
000000B98375,COA LABEL   COA LABEL Windows Embedded S,
0000071Y3516,COA LABEL   COA Win7 Pro                ,
0000071Y9163,COA LABEL   W7PRO COA                   ,
0000089Y0800,COA LABEL   W7pro Nat Aca               ,
SCL0F45284,COA_LABELS WS2012R2STDROKCOA            ,
SCL0F45286,COA_LABELS WS2012R2ESSROKCOA            ,
SCL0F45289,COA_LABELS COA part numberLenovo number,
SCL0H29381,COA_LABELS Win Embro Retail 8.1 EMB RT,
SCL0K20110,COA_LABELS Win7P NatAc COA SB SFF AEE   ,
SCL0K09730,COA_LABELS COA_Lenovo WES8              ,
SCL0F45296,COA_LABELS COA part numberLenovo numbe ,
0000071Y3505,COA LABEL   COA Win7 HP                 ,
0000071Y3497,COA LABEL   COA Win7 HB                 ,
0000071Y3539,COA LABEL   COA Win7 Ultim              ,
0000001DE517,COA_LABELS COAW16STD16                 ,
0000071Y3517,COA LABEL COA Win7 Pro                  ,
000000C44445,COA LABEL   COA part numberLenovo numbe,
0000071Y3541,COA LABEL   COA Win7 Ultim              ,
SM30F92656,MEMORY Sam_R K4B4G0846D 4GB D3L1600    ,
0000081Y3692,SSD_ASM ORDERABLE PN                    ,
0000081Y3691,SSD_ASM ORDERABLE PN                    ,
0000000YK374,SSD_ASM Intel P3700 800GB AIC,
SSD0L16528,SSD_ASM Intl S3520 SATA 6G 2.5 240G     ,
0000000AK599,COA_LABELS COAR2SE2CROK,
0000000AK619,COA_LABELS COAR2FDRK1C,
0000000Y4704,COA_LABELS COACAL5U,
0000000Y4716,COA_LABELS COACAL1U,
SSA0M91192,SP AMD Ryzen 7 1700 3.0G/8C/16M/AM4/65W ,
SM30L37604,MEMORY 4G D4-24R MTA9ASF51272PZ-2G3B1,
SSD0L16530,SSD_ASM Intl S3520 SATA 6G 2.5 960G     ,
SM30L13368,MEMORY H HMA84GR7AFR4NVK 32GB D426R   ,
SSD0L16555,SSD_ASM Samsung PM1633a 12Gb SAS 3.84TB ,
SSD0L16556,SSD_ASM Samsung PM1633a 12Gb SAS 7.68TB ,
SSD0L16627,SSD_ASM HGST Bear Cove SAS SSD 400GB SSD,
SSD0L16628,SSD_ASM HGST Bear Cove SAS SSD 800GB SSD,
SSS7A06661,"SSD 3.84TB NVMe 2.5"" SSD                ",
SSS7A06729,"SSD 400GB 12Gb SAS 2.5"" SSD             ",
SSS0L25072,SSD INT LOYDSTAR 256G M.2 OPAL,
SSD0L20442,SSD_ASM Toshiba M3 PCIe AIC 1.6T        ,
SSD0L20443,SSD_ASM Toshiba M3 PCIe AIC 3.2T        ,
SM30L13363,MEMORY MTA18ASF2G72AZ-2G1B1 16GB D4-21E,
SCL0F45301,COA_LABELS COA part numberLenovo numbe ,
SM30L13364,MEMORY MTA9ASF1G72PZ-2G6B1 8GB D4-26R,
SSD0K11145,SSD_ASM Intl S3510 SATA6G 2.5 RD N 480G ,
SSS0L25058,SSD SAM PM961-256GB M.2 PCIe NVMe,
SSA0M55893,SP Intel G4600 3.6GHz/2C/3M/LGA 51W     ,
SSA0M91176,SP Intel G4600T 3.0GHz/2C/3M/LGA 35W    ,
SCL0N02371,COA_LABELS COA part numberLenovo numbe ,
0000001GR710,"SSD 800GB SATA 2.5"" SSD",
0000001GR832,"SSD 1.2TB  6Gb SATA 2.5"" SSD",
0000001GR833,"SSD 1.6TB  6Gb SATA 2.5"" SSD",
SSA7A25359,SP SKL 28C/2.5G/205W/38.5MB             ,
SSA7A25360,SP SKL 28C/2.1G/165W/38.5MB             ,
SSA7A25361,SP SKL 26C/2.1G/165W/35.75MB            ,
SSA7A25362,SP SKL 26C/2.0G/150W/35.75MB            ,
SSA7A25363,SP SKL 24C/2.1G/150W/33MB               ,
SSA7A25364,SP SKL 16C/2.0G/125W/22MB               ,
SSA7A25365,SP SKL 24C/2.7G/205W/33M                ,
SSA7A25367,SP SKL 4C/3.6G/105W/16.5M               ,
SSA7A25368,SP SKL 24C/2.1G/150W/33M                ,
SSA7A25369,SP SKL 22C/2.1G/140W/30.25M             ,
SSA7A25370,SP SKL 20C/2.4G/150W/27.5M              ,
SSA7A25371,SP SKL 20C/2.0G/125W/27.5M              ,
SSA7A25372,SP SKL 18C/2.3G/140W/24.75M             ,
SSA7A25373,SP SKL 16C/2.1G/125W/22M                ,
SSA7A25374,SP SKL 14C/2.2G/105W/19.25M             ,
SSA7A25375,SP SKL 12C/2.3G/105W/16.5M              ,
SSA7A25376,SP SKL 18C/3.0G/200W/24.75M             ,
SSA7A25377,SP SKL 18C/2.7G/165W/24.75M             ,
SSA7A25378,SP SKL 16C/2.6G/150W/22MB               ,
SSA7A25381,SP SKL 12C/3.0G/148W/24.75M             ,
SSA7A25382,SP SKL 12C/2.6G/125W/19.25M             ,
SSA7A25384,SP SKL 8C/3.2G/130W/24.75M              ,
SSA7A25386,SP SKL 4C/3.6G/105W/16.5M               ,
SSA7A25387,SP SKL 20C/2.0G/125W/xxM                ,
SSA7A25388,SP SKL 16C/2.1G/125W/xxM                ,
SSA7A25389,SP SKL 14C/2.2G/105W/19.25M             ,
SSA7A25391,SP SKL 12C/2.6G/125W/19.25M             ,
SSA7A25870,SP SKL 28C/2.5G/205W/38.5M              ,
SSA7A25872,SP SKL 24C/2.1G/150W/xxM                ,
SSA7A29205,SP SKL 10C/2.4G/85W/x.xM                ,
SSA7A29207,SP SKL 12C/2.1G/85W/16.5M               ,
SM30K25250,MEMORY 8GB D4 24U RMUA5110MB78HAF-2400,
SSD0H55385,"SSD_ASM Micron M600 2.5"" 7mm 256 OPL",
SSA0M55894,SP Intel G4560 3.5GHz/2C/3M/LGA 54W     ,
SM30K25244,MEMORY 8GB D4 24U M378A1K43BB2CRC      ,
SSD0L20445,SSD_ASM Toshiba M3 PCIe 2.5 1.92T       ,
SSD0L20444,SSD_ASM Toshiba M3 PCIe 2.5 960G        ,
SM30G16508,MEMORY 8GB D4 24S M471A1K43BB1CRC      ,
SM30G16504,MEMORY 4GB D4 24S M471A5143EB1-CRC,
0000001GV838,"SSD 5100 Pro 240GB SATA 2.5"" SSD",
0000001GV839,"SSD 5100 MAX 480GB SATA 2.5"" SSD",
0000001GV840,"SSD 5100 Pro 960GB SATA 2.5"" SSD",
0000001GV841,"SSD 5100 Pro 1.92TB SATA 2.5"" SSD",
0000001GV842,"SSD 5100 Pro 3.84TB SATA 2.5"" SSD",
0000001KR492,"SSD 5100 ECO 480GB SATA 2.5"" SSD",
0000001KR493,"SSD 5100 ECO 960GB SATA 2.5"" SSD",
0000001KR494,"SSD 5100 ECO 1.92TB SATA 2.5"" SSD",
0000001KR495,"SSD 5100 ECO 3.84TB SATA 2.5"" SSD",
SSS7A06693,SSD 400GB SAS FIPS SSD,
SSS7A06694,SSD 800GB SAS FIPS SSD,
SSS7A06695,SSD 1.6TB SAS FIPS SSD,
0000000AH643,SSD ORDERABLE PN,
0000000D8452,OPT_DRIVE ORDERABLE PN                  ,
0000000D8456,SSD ORDERABLE PN,
0000000MP654,SSD ORDERABLE PN,
0000000MP655,SSD ORDERABLE PN,
0000000MP679,OPT_DRIVE ORDERABLE PN                  ,
0000000D8458,SSD_ASM ORDERABLE PN,
0000000YK156,SSD_ASM ORDERABLE PN,
0000000YK370,SSD_ASM ORDERABLE PN,
0000000YK372,SSD_ASM ORDERABLE PN,
0000000YK609,SSD_ASM ORDERABLE PN                    ,
0000000YK627,SSD_ASM ORDERABLE PN                    ,
0000000YL700,SSD_ASM ORDERABLE PN,
SSA7A23485,SP IntelE31275V6 3.8G/4+2/73W/2400     ,
SM30G16501,MEMORY 2GB D4 24S HMA425S6AFR6NUH,
SSA7A23486,SP IntelE31245V6 3.7G/4+2/73W/2400     ,
SSA0M91186,SP Xeon E31230v6 3.5G 4C 72W           ,
SSA7A25366,SP SKL 12C/150W/3.0GHz/24.75MB          ,
SSA7A29208,SP SKL 10C/2.2G/85W/xxM                 ,
SSA7A29209,SP SKL 8C/2.1G/85W/xxM                  ,
SSA7A29210,SP SKL 8C/1.8G/85W/xxM                  ,
SSA7A29211,SP SKL 4C/2.6G/85W/xxM                  ,
SSA7A29214,SP SKL 8C/2.0G/70W/xxM                  ,
SSA7A29215,SP SKL 8C/1.7G/85W/xxM                  ,
SSA7A29216,SP SKL 6C/1.7G/85W/xxM                  ,
SSS7A06663,"SSD 1.6TB 2.5"" SATA 6Gb SSD",
SSS7A06662,"SSD 1.2TB 2.5"" SATA 6Gb SSD",
SM30E51202,MEMORY 8GB DDR3L SD HMT41GS6BFR8A-PB,
SM30M06725,MEMORY H HMA84GR7AFR4NVK 32GB D426R,
SM30M06724,MEMORY S M393A4K40BB2CTD 32GB D426R   ,
SM30M06723,MEMORY MTA18ASF2G72PDZ-2G6B1 16GB,
SM30M06721,MEMORY H HMA82GR7AFR4N-VK 16GB D4-26R,
SM30J46601,MEMORY 8G D4-21R HMA41GR7AFR4N-TF,
SCL0N02329,COA_LABELS COA part numberLenovo numbe ,
SSS0L24685,SSD TSB XG4 M.2 2280 256G OPAL PCIe     ,
SM30M55940,MEMORY 8G D424E HMA81GU7AFR8NUHT0     ,
SSA0M55878,SP Intel  i77700K 4.2GHZ/4C/8M/LGA 95W ,
SSD0J47154,SSD_ASM SAN X300S 2.5 128G SATA,
SM30G97406,MEMORY H HMA451U7AFR8N-TF 4GB D4-21E,
SSA0M91183,SP Xeon E31270v6 3.8G 4C 72W           ,
SSD0L82129,SSD_ASM Intel S3520 6Gb  SATA 800GB 2.5,
SSD0M07004,SSD_ASM intel S3520 M.2 480G,
0000001DE524,COA_LABELS COAWSS16STD                 ,
SSS7A06672,"SSD 2.5"" 240GB  SATA 6Gbps SSD          ",
SSS7A06673,"SSD 2.5"" 480GB  SATA 6Gbps SSD          ",
SSS7A06674,"SSD 2.5"" 960GB SATA 6Gbps SSD",
SSS7A06675,"SSD 2.5"" 1.92TB SATA 6Gbps SSD          ",
SSS7A06677,"SSD 3.84TB  SATA  2.5"" SSD              ",
SSS7A06702,"SSD 2.5"" 480GB  SATA 6Gbps SSD",
SSS7A06703,"SSD 2.5"" 960GB  SATA 6Gbps SSD",
SSS7A06704,"SSD 2.5"" 1.92TB  SATA 6Gbps SSD         ",
SSS7A06705,"SSD 2.5"" 3.84TB  SATA 6Gbps SSD",
SSS7A06735,"SSD 800GB 12Gb SAS 2.5"" SSD             ",
SCL0N02325,COA_LABELS COA part numberLenovo numbe ,
SSA0M91184,SP Xeon E31245v6 3.7G 4C 73W           ,
SSA7A22537,SP IntelE78894V4 2.22.9G/24C/60M/165W ,
SSA0M91188,SP Xeon E31220v6 3.0G 4C 72W           ,
SSA0F66658,SP AMD A129800E 3.1GHz/4C/2M 35W AM4   ,
SSA0F66661,SP AMD A109700 3.5GHz/4C/2M 65W AM4    ,
SSA0F66663,SP AMD A69500 3.5GHz/2C/1M 65W AM4     ,
SSA0F66668,SP AMD PRO A109700 3.5GHz/4C/2M 65W AM4,
SSA0F66670,SP AMD PRO A89600 3.1GHz/4C/2M 65W AM4 ,
SSA0F66682,SP AMD PRO A108770 3.5GHz/4C/2M 65W AM4,
SSS0L24694,SSD SAN X400 1TB 2.5 OPAL               ,
SM30N88301,MEMORY 16GB D424R M393A2G40EB1CRC     ,
0000001GW991,MEMORY 2Rx4 16GB 2400MHz RDiMM,
0000001GW990,MEMORY 2Rx8 8GB 2400MHz RDiMM,
0000047J0164,MEMORY 4GBV16001.5V,
0000047J0170,MEMORY 16GB4gb1600135,
SM30K25278,MEMORY 16GB D4 24U M378A2K43CB1CRC     ,
SM30L08729,MEMORY 16G D4-26R MTA18ASF2G72PDZ-2G6B1,
SSA7A25874,SP SKL 18C/2.3G/140W/xxM                ,
SSA7A23480,SP IntelE31280V6 3.9G/4+0/72W/2400     ,
SSA0M91219,SP Xeon GOLD 5122 3.6G 4C 105W          ,
SSA0P23559,SP Xeon GOLD 6134 3.2G 8C 130W          ,
SM37A18902,MEMORY S M393A1G43EB1CTD 8GB D426R,
SSD0H32457,"SSD_ASM 1TB 2.5"" 7mm SATA6G MICRON",
SSA0M55890,SP Intel Core i37300                   ,
SSA0M91181,SP Xeon E31280v6 3.9G 4C 72W           ,
SSA0F66657,SP AMD A69500E 3.0GHz/2C/1M 35W AM4    ,
SSA0P24575,SP Xeon SILVER 4110 2.1G 8C 85W         ,
SM30K12147,MEMORY 16G D424E M391A2K43BB1CRC      ,
SM30N88302,MEMORY 8GB D424R M393A1G43EB1CRC      ,
SM30K25252,MEMORY 16GB D4 24U M378A2K43BB1CRC     ,
SSA0F66685,SP AMD PRO A68570E 3.0GHz/2C/1M 35W AM4,
SM30L08732,MEMORY 32G D4-26R MTA36ASF4G72PZ-2G6B2,
SM30L13381,MEMORY S M393A2K43BB1-CRC 16GB D4-24R,
SM30H35442,MEMORY 8G D421E M391A1G43DB0CPB       ,
SSS0L25099,SSD INT LoydStar 256G M.2 OPAL          ,
SSA0M91182,SP Xeon E31275v6 3.8G 4C 73W           ,
SSD0L16557,SSD_ASM Samsung PM1633a 12Gb SAS 15.36TB,
SSS0L25069,SSD LNV AH6661 256G M.2 PCIe OPAL       ,
SSS7A06679,"SSD Intel S4500 240GB 2.5"" SATA 6Gb SSD ",
SSS7A06680,"SSD 480GB 2.5"" STAT 6Gb SSD             ",
SSS7A06681,"SSD 960GB 2.5"" SATA 6Gb SSD",
SSS7A06687,"SSD 240GB 2.5"" SATA 6Gb SSD             ",
SSS7A06688,"SSD 480GB 2.5"" STAT 6Gb SSD             ",
SSS7A06689,"SSD 960GB 2.5"" SATA 6Gb SSD             ",
SM30E51285,MEMORY 8GB DDR4 ECC M474A1G43EB1-CPB,
SSD0L16629,SSD_ASM HGST Bear Cove SAS SSD 1.6TB SSD,
SSS7A06699,SSD 480GB SATA Boot M.2 SSD             ,
SSS0L25014,SSD MIC 1100 2TB 2.5 OPAL               ,
SSS0L25043,SSD INT PS 512G M.2 2280 OPAL           ,
SSA0F66671,SP AMD PRO A69500 3.5GHz/2C/1M 65W AM4 ,
SSA0M91193,SP AMD Ryzen 7 PRO 1700 3.0G/8C/16M/AM4 ,
SSA0M91205,SP AMD Ryzen 3 PRO 1200 3.1G/4C/8M/AM4  ,
SSA0M91199,SP AMD Ryzen 5 PRO 1500 3.5G/4C/16M/AM4 ,
SM30G16464,MEMORY 4GB D3L 16S RMT3170MN68F9F1600  ,
SSA7A25385,SP SKL 6C/x.xG/115125W/19.25M          ,
SSA7A25871,SP SKL 28C/2.1G/165W/xxM                ,
SSS7A23303,SSD Intel P4500 4.0TB HHHL Entry NVMe,
SSS7A23304,SSD Intel P4500 8.0TB HHHL Entry NVMe,
SSS7A23308,SSD Intel P4600 2.0TB HHHLMS NVMe       ,
SSS7A23309,SSD Intel P4600 4.0TB HHHL MS NVMe,
SSD0L16554,SSD_ASM Samsung PM863a SATA 6G SSD 1920G,
SSD0H55393,SSD_ASM M.2 2280 PCIe NVme PM951256    ,
SM30K12158,MEMORY 32G D424R M393A4K40BB1CRC      ,
SSD0H55436,SSD INTL LoydStar 240G 2.5 OPAL         ,
0000001DE525,COA_LABELS COAW16Ess                   ,
SM30L13365,MEMORY H HMA82GR7AFR4NVK 16GB D426R   ,
SM30L13367,MEMORY MTA18ASF2G72PDZ-2G6B1 16GB D4-26R,
SM30J46031,MEMORY 8GB D4S TMA41GU6AFR8N PPB,
0000001DE521,COA_LABELS COAW16DATA16                ,
SM30H35443,MEMORY 16G D4-21E M391A2K43BB1-CPB,
SSD0E97919,SSD_ASM M.2 2242 S9G-16,
SSS0L25046,SSD SAM PM9611024 M.2 NVMe OPAL        ,
SSS0L25068,SSD INT Stonybeach 16G M.2 2280         ,
SM30L13370,MEMORY MTA72ASS8G72LZ-2G6B2 64GB D4-26LR,
SM30L08727,MEMORY 8G D426R M393A1K43BB0CTD       ,
SSS7A06682,"SSD 1.92TB 2.5"" SATA 6Gb SSD",
SSS7A06683,"SSD 3.84TB 2.5"" SATA 6Gb SSD",
SSS7A06690,"SSD 1.92TB 2.5"" SATA 6Gb SSD            ",
SSS7A23300,SSD Intel P4500 U.2 1.0TB Entry NVMe,
SSS7A23301,SSD Intel P4500 U.2 2.0TB Entry NVMe,
SSS7A23305,SSD Intel P4600 U.2 1.6TB MS NVMe       ,
SM30K02105,MEMORY S M393A2G40EB1CRC 16GB D424R   ,
0000000NV264,MEMORY 16GB2400RDIMM,
SSS0L24688,SSD SAN X400 M.2 2280 128G,
SSA0F66665,SP AMD PRO A129800 3.8GHz/4C/2M 65W AM4,
0000000AK600,COA_LABELS COAR2SE4C,
0000000AK604,COA_LABELS COAR2DC4CPU,
SM30L08730,MEMORY 16G D426R M393A2K43BB1CTD      ,
SSD7A20722,SSD_ASM Samsung PM963                   ,
SSS0L24690,SSD SAN X400 M.2 2280 512G OPAL,
SM30K25297,MEMORY 8GB D4 26U RMUA5110MH78HAF2666  ,
SSS7A06700,"SSD PM863 960GB 2.5"" SSD",
0000000AK616,COA_LABELS COAR2ES2CPU,
SSS7A06738,"SSD 1.6TB 12Gb SAS 2.5"" SSD             ",
SSS0L68728,SSD LIT CA1 128G M.2 PCIe NVMe          ,
SSA7A25379,SP SKL 14C/2.6G/133W/19.25M             ,
SSS0L25059,SSD SAM PM961 512G M.2 2280,
SM30G16470,MEMORY 8GB D3L 16U M378B1G73EB0-YK0,
SM30K25298,MEMORY 16GB D4 26U RMUA5180MH78HBF-2666,
SM30L08734,MEMORY 32G D426R HMA84GR7AFR4NVK      ,
SM30N25331,MEMORY 8GB D424E M391A1G43EB1CRC,
SSS0L25108,SSD SAM PM981 512G M.2 PCIe NVMe OPAL   ,
SM37A18897,MEMORY H HMAA8GL7AMR4NVK 64GB D426LR  ,
SM37A18907,MEMORY H HMA82GR7AFR8NVK 16GB D426R   ,
SM30E51248,MEMORY 16GB DDR4 ECC M474A2K43BB1CPB,
SBB7A03332,Xeon 8180 28C/205W/2.5GHz,
SBB7A03365,Xeon 8168 24C/205W/2.7GHz,
SBB7A04805,Xeon 6154 18C/200W/3.0GHz,
SSD0G97126,SSD_ASM SSD_ASM 800G 2.5 SATA6G Intel,
SM30E51243,MEMORY 4GB DDR4 SD HMA451S6AFR8N-TFN0,
SSD0E97938,SSD_ASM SAM PM871 128G M.2,
SM30K25234,MEMORY 2GB D4 24U RMUA5120MB76H8F2400,
0000000YG986,SSD_ASM Solid State Dr,
SSS0L25070,SSD LNV AH6661 512G M.2 PCIe OPAL,
SSA0P24567,SP Xeon GOLD 5118 2.3G 12C 105W         ,
SSA0P24573,SP Xeon SILVER 4114 2.2G 10C 85W        ,
SM30K25307,MEMORY 4GB D4 24U RMUA5110KE68H9F2400  ,
SSA7A25383,SP SKL 8C/3.5G/145W/24.75M              ,
SSS7A06731,SSD 128GB M.2 SATA 2280 SSD,
0000001KM767,MEMORY 1Rx8 8GB 2400MHz ECC UDiMM,
0000001KM768,MEMORY 2Rx8 16GB 2400MHz ECC UDiMM      ,
SSA0M91222,SP Xeon GOLD 6128 3.4G 6C 115W          ,
SSA0P23550,SP Xeon GOLD 6142 2.6G 16C 150W         ,
SSA0P23552,SP Xeon GOLD 6136 3.0G 12C 150W         ,
SSA0P24569,SP Xeon SILVER 4116 2.1G 12C 85W        ,
SM30L08735,MEMORY 64G D4-26L MTA72ASS8G72LZ-2G6B2,
SSA0P24574,SP Xeon SILVER 4112 2.6G 4C 85W         ,
SSA0P24566,SP Xeon GOLD 5120 2.2G 14C 105W         ,
SSA0P24577,SP Xeon BRONZE 3106 1.7G 8C 85W         ,
SSA0P23569,SP Xeon Platinum 8180 2.5G 28C 205W     ,
SM30N76503,MEMORY 4GB D4 24S M471A5143SB1CRC00    ,
SM30Q39040,MEMORY 16GB D426R M393A2K43CB2CTD     ,
SSA0M55889,SP Intel Core i37320                   ,
SSS7A06678,"SSD 5100 7.68TB SATA 2.5"" SSD",
0000001PG200,MEMORY 2Rx4 32GB 8Gbit 2400MHz RDIMM    ,
SSD7A34814,SSD_ASM Samsung PM963                   ,
SSS7A34813,"SSD PM863A 960GB 2.5"" SSD               ",
0000001KM932,MEMORY 2Rx4 32GB 8Gbit 2400MHz RDiMM    ,
SSS7A06727,SSD Micron 5100max 2.5 1.92T SATA,
SM37A18914,MEMORY H HMA81GR7AFR8NVK 8GB D426R,
SSS7A06697,SSD Micron 5100max 2.5 960GB SATA,
SSS7A23306,SSD Intel P4600 U.2 3.2TB MS NVMe       ,
SM30N72447,MEMORY 64G D4-24L M386A8K40BMB-CRC,
SSD0G45928,SSD_ASM HGST 200G SSD,
SSA0P24576,SP Xeon SILVER 4108 1.8G 8C 85W         ,
SSS0L25080,SSD SAM PM871b 256G 2.5 OPAL            ,
SSA0P23562,SP Xeon GOLD 6148 2.4G 20C 150W         ,
SM30K25294,MEMORY 8GB D4 26S RMSA3260MH78HAF2666  ,
SM30K25311,MEMORY 8GB D4 26S HMA81GS6CJR8NVKN0    ,
SSA0F66662,SP AMD A89600 3.1GHz/4C/2M 65W AM4     ,
SSD0N85563,SSD RAM S121 32G M.2 2242               ,
SSS7A06708,SSD Mic 5100Pro 2.5 SED SATA 960G       ,
SSS7A06749,SSD Mic 5100ECO SED 2.5 SATA 7.68T      ,
0000001KT806,MEMORY 8Rx4 128GB 3DS 2400MHz RDiMM,
SM30M06722,MEMORY S M393A2K43BB1CTD 16GB D426R,
SM30Q39042,MEMORY 64GB D426L M386A8K40CM2CTD     ,
SM37A18919,MEMORY H HMA81GR7AFR8NVK 8GB D426R,
SSA0F66660,SP AMD A129800 3.8GHz/4C/2M 65W AM4    ,
SSA7A25380,SP SKL 12C/3.2G/165W/24.75M             ,
SM30N76485,MEMORY 8GB DDR4 26U M378A1K43CB2CTD    ,
SM30N76487,MEMORY 4GB DDR4 26S M471A5244CB0CTD    ,
SSD0H55414,SSD_ASM SAM PM871a 512G 2.5 OPAL        ,
SSS7A23302,SSD Intel P4500 U.2 4.0TB Entry NVMe,
SSA0P23557,SP Xeon GOLD 6154 3.0G 18C 200W         ,
SSD7A37066,SSD_ASM EP3KW960 960GB M.2 SSD         ,
SSS7A37064,"SSD Hynix SE3010 960GB 2.5"" SSD         ",
SSA0P24591,SP Xeon W2145 3.7GHz/8C/11M 140W       ,
SSA0P24593,SP Xeon W2133 3.6GHz/6C/8.25M 140W     ,
SSA0M55896,SP Intel G3930 2.9GHz/2C/2M/LGA 51W,
SM30N76498,MEMORY 8GB D4 26S RMSA3260ME78HAF2666  ,
SSA0P24597,SP Xeon W2102 2.9GHz/4C/8.25M 120W     ,
SSS0L24720,SSD SDK X600 256G 2.5 OPAL              ,
SSS0L25111,SSD SAM PM981 1024G M.2 PCIe NVMe OPAL  ,
SSS7A23338,SSD U.2 Intel P4800X 375GB  NVMe        ,
SSA7A23493,SP IntelG4620 3.7G/2+2/3M/51W/2400      ,
SM30K25314,MEMORY 8GB D4 26U HMA81GU6CJR8NVKN0,
SM30N76486,MEMORY 16GB DDR4 26U M378A2K43CB1CTD   ,
SM30N76489,MEMORY 16GB DDR4 26S M471A2K43CB1CTD   ,
SSA0M91218,SP Xeon Platinum 8160T 2.1G 24C 150W    ,
SSA0P24568,SP Xeon GOLD 5115 2.4G 10C 85W          ,
SSA0P24570,SP Xeon GOLD 5120T 2.2G 14C 105W        ,
SSA0P24596,SP Xeon W2104 3.2GHz/4C/8.25M 120W     ,
SSS0L24718,SSD SDK X600 128G 2.5                   ,
SSS0L25095,SSD SAM PM871b 128G 2.5                 ,
SSA7A29213,SP SKL 10C/2.2G/85W/13.75M              ,
SSA0P24592,SP Xeon W2135 3.7GHz/6C/8.25M 140W     ,
SM37A18918,MEMORY S M393A1K43BB1CTD 8GB D426R,
SM37A18999,MEMORY H HMAA8GL7AMR4NVK 64GB D426LR  ,
SM37A19002,MEMORY MTA72ASS8G72LZ2G6D2 64G D426LR,
SSA7A23499,SP IntelG3930 2.9G/2+2/2M/51W/2133      ,
SSS0L24679,SSD SAN X400 2.5 1TB                    ,
SSS7A23408,SSD Sm PM863a 2.5 SATA 240G A          ,
SSA7A31108,SP SKL 14C/2.0G/105W/19.25M             ,
SSS7A38442,SSD Int S3520 150G 2.5 SATA 6G          ,
SM30K25316,MEMORY 4GB D4 26S RMSA3270ME86H9F2666  ,
SM30L08728,MEMORY 8G D426R HMA81GR7AFR8NVK       ,
SM37A19004,MEMORY MTA72ASS8G72PSZ2S6G1 64GB D426R,
SM37A19006,MEMORY MTA144ASQ16G72PSZ2S6G1 128D426R ,
SM37A19003,MEMORY H HMAA8GR7A2R4NVN 64GB D426R,
SM37A19005,MEMORY H HMABAGR7A4R4NVN 128GB D426R  ,
SM30N76484,MEMORY 4GB DDR4 26U M378A5244CB0CTD    ,
SSA0P24598,SP Intel i78700 3.2GHz/6C/12M/LGA 65W  ,
SSA0P24604,SP Intel i38100 3.6GHz/4C/6M/LGA 65W   ,
SSA0Q76935,SP Intel i58600 3.1GHz/6C/9M/LGA 65W   ,
SSA0Q76936,SP Intel i58500 3GHz/6C/9M/LGA 65W     ,
SSA0P23561,SP Xeon GOLD 6138 2.0G 20C 125W         ,
SSA0Q84780,SP Xeon E2136 3.3GHz/6C/12M 80W        ,
SSA0Q84781,SP Xeon E2124G 3.4GHz/4C/8M 71W        ,
SSS0L25106,SSD SAM PM981 256G M.2 PCIe NVMe OPAL   ,
SM30L08731,MEMORY 16G D426R HMA82GR7AFR8NVK,
SSA0P24580,SP Xeon SILVER 4109T 2.0G 8C 70W        ,
SSA0P24590,SP Xeon W2155 3.3GHz/10C/13.75M 140W   ,
SSA7A29212,SP SKL 12C/2.1G/85W/16.5M               ,
SSA0M91223,SP Xeon GOLD 6130 2.1G 16C 125W         ,
SSS0L25116,SSD INT LibertyH 180G 2.5 OPAL,
SM37A19000,MEMORY S M393A8K40B22CWD 64GB D426R   ,
SM37A19001,MEMORY S M393AAK40B42CWD 128GB D426R  ,
SSS0L24722,SSD SDK X600  512G 2.5 OPAL             ,
SM30Q39038,MEMORY 32GB D424R M393A4K40CB1CRC     ,
SSS7A23402,SSD Seagate Koho 1DWD 1.92TB            ,
SSS7A23403,SSD Seagate Koho 3DWD 3.84TB,
SSS7A23360,SSD Samsung PM1725a 1.6TB,
SSS7A23361,SSD Samsung PM1725a 3.2TB,
SM37A19010,MEMORY H HMAA8GL7AMR4NVK 64GB D426LR  ,
SM30E51297,MEMORY 16GB D4ES M474A2K43BB1CRC,
SSS0L24723,SSD SDK X600  1TB 2.5 OPAL              ,
SSS7A06751,"SSD 480GB 2.5"" Entry SATA SSD           ",
SSS7A23359,SSD Samsung PM1725a 800GB,
SSS7A23362,SSD Samsung PM1725a 6.4TB               ,
SSA0Q84172,SP AMD Ryzen 5 2400GE 3.2GHz/4C/4M/35W  ,
SSS7A06730,SSD 32GB 6Gb SATA 2242 SSD,
SM30N76488,MEMORY 8GB DDR4 26S M471A1K43CB1CTD    ,
SM37A18996,MEMORY S M393A4K40CB1CRC 32GB D424R   ,
SM37A19011,MEMORY MTA72ASS8G72LZ2G6D2 64G D426LR,
SM30Q15666,MEMORY 8GB D426E MTA18ASF1G72AZ2G6B1  ,
SM30K25289,MEMORY 16GB DDR4 2666 SODIMM            ,
SSA0Q78022,SP Intel i58600T 2.3GHz/6C/9M/LGA 35W  ,
SSS7A06752,"SSD 960GB 2.5"" Entry SATA SSD           ",
SCL0F45299,COA_LABELS COA part numberLenovo numbe ,
SSD7A37134,SSD_ASM EP3KW960 960GB M.2 SSD         ,
SM30M55941,MEMORY 16G D424E HMA82GU7AFR8NUHT0    ,
SSS0L24689,SSD SAN X400 M.2 2280 256G OPAL,
SSA0F66684,SP AMD PRO A68570 3.5GHz/2C/1M 65W AM4 ,
SSA0M55892,SP Intel Pentium G4620                  ,
SM30N76494,MEMORY 16GB D4 26S MTA16ATF2G64HZ2G6E1,
SM37A18965,MEMORY S M391A1K43BB2CTD 8GB D426E    ,
SM37A18968,MEMORY S M391A2K43BB1CTD 16GB D426E   ,
SM30K25315,MEMORY 16GB D4 26U HMA82GU6CJR8NVKN0   ,
SSS0L25100,SSD INT StonyBeach2 16G M.2 2280 Optane ,
000000B49787,9270CV8i   9270CV8i,
SA70A15440,ASM Intel Dual Band WirelessAC 7260 ASM,
SM30E51140,MEMORY H HMA451U7MFR8N-TF 4GB D4-21E    ,
SM30E51146,MEMORY H HMA84GR7MFR4N-TF 32GB D4-21R,
SM30E51147,MEMORY H HMA84GL7MMR4N-TF 32GB D4-21L   ,
SM30G54890,MEMORY M MTA18ASF1G72AZ-2G1A1 8GB D4-21E,
SSA0F66680,SP AMD PRO A128870 3.7GHz/4C/2M 65W AM4,
SSA0P24578,SP Xeon BRONZE 3104 1.7G 6C 85W         ,
SSA0P24594,SP Xeon W2125 4.0GHz/4C/8.25M 120W     ,
SSA0P24595,SP Xeon W2123 3.6GHz/4C/8.25M 120W     ,
SSA0P24614,SP Xeon W2195 2.3GHz/18C/24.75M 140W   ,
SSA0Q78021,SP Intel i78700T 2.4GHz/6C/12M/LGA 35W ,
SSA0Q89501,SP Xeon 4114T 2.2GHz/10C/13.75M 85W     ,
SSA0R00672,SP Xeon W2175 2.5GHz/14C/19.25M 140W   ,
SSA0R06911,SP AMD Ryzen5 PRO 2400G 3.6GHz/4C/4M/65W,
SSA0R06912,SP AMD Ryzen3 PRO 2200G 3.5GHz/4C/4M/65W,
SSD0E38447,SSD_ASM 2.5 HG6-256 OPAL 2.0 6GB/S      ,
SSD0H55438,SSD INT LoydStar 480G 2.5 OPAL,
SSS0L24681,SSD SAN X400 2.5 512G OPAL              ,
SSS0L24702,SSD TOS BG3 128G M.2 2242 PCIe          ,
SSS0L24721,SSD SDK X600 512G 2.5                   ,
SSW0F33747,ASSET_TAG RAID 110i SW Licence Label    ,
SW10A11641,WIRELESS LTN NFA435 1*1ac+BT M2 Combo,
SW10H24530,WIRELESS LTN 8821AE M.2 AGN,
SM30G16468,MEMORY M378A1G43DB0-CPB 8GB D4 2133U    ,
SSA0P24599,SP Intel i58400 2.8GHz/6C/9M/LGA 65W   ,
SSA0Q78023,SP Intel i58500T 2.1GHz/6C/9M/LGA 35W  ,
SSA0Q78024,SP Intel i58400T 1.7GHz/6C/9M/LGA 35W  ,
SSA0Q78026,SP Intel i38100T 3.1GHz/4C/6M/LGA 35W  ,
SSS7A06753,"SSD 1.92TB 2.5"" Entry SATA SSD          ",
SSS0L24698,SSD TOS XG5 256G  M.2 2280 PCIe OPAL    ,
SSS7A23248,SSD Hyx PE4010 960GB M.2 NVMe,
SM30M55939,MEMORY 8G D424E M391A1K43BB1CRC,
SM30N76500,MEMORY 8GB D4 26U RMUA5110ME78HAF2666  ,
SSS7A23250,SSD Hyx PE4010 960GB M.2 NVMeA         ,
SSS7A06754,"SSD 3.84TB 2.5"" Entry SATA SSD          ",
SSS7A23429,"SSD Micron 5200 max 2.5"" 3.84T MS SSD   ",
SSA7A25390,SP SKL 14C/1.9G/85W/19.25M              ,
SSA0R49101,SP AMD Ryzen5 PRO 2400GE 3.2GHz/4C/4M35W,
SSA0R06918,SP AMD Ryzen7 PRO 2700 3.2GHz/8C/16M/65W,
SSA0R49102,SP AMD Ryzen3 PRO 2200GE 3.2GHz/4C/4M35W,
SSA0R06919,SP AMD Ryzen5 PRO 2600 3.4GHz/6C/16M/65W,
SSS7A06743,"SSD PM883 2.5"" 240G SATA HS SSD         ",
SSS7A06744,"SSD PM883 2.5"" 480G SATA HS SSD         ",
SM37A18917,MEMORY S M393A4K40CB2CTD 32GB D426R   ,
SM37A18878,MEMORY S M386A8K40CM2CTD 64GB D426LR  ,
SSA0Q78029,SP Intel Celeron G4900T 2.9GHz/2C/2M 35W,
SSD7A20648,"SSD_ASM Micron 5100 960G 2.5"" HDD",
SSS7A23238,SSD Intel S4510 240G Entry HS SSD       ,
SSS7A23239,SSD Intel S4510 480G Entry HS SSD       ,
SSS7A23240,SSD Intel S4510 960G Entry HS SSD       ,
SSA0Q76937,SP Intel i38300 3.7GHz/4C/8M/LGA 62W   ,
SSA0Q76939,SP Intel G5500 3.8GHz/2C/4M/LGA 54W     ,
SSA0Q76940,SP Intel G5400 3.7GHz/2C/4M/LGA 58W     ,
SSA0Q76942,SP Intel Celeron G4900 3.1GHz/2C/2M 54W ,
SSS0L25096,SSD SAM PM871b 128G M.2,
SSA0Q78025,SP Intel i38300T 3.2GHz/4C/8M/LGA 35W  ,
SSA0Q78028,SP Intel G5400T 3.1GHz/2C/4M/LGA 35W    ,
SSA0Q84775,SP Xeon E2186G 3.8GHz/6C/12M 95W       ,
SSA0Q84777,SP Xeon E2174G 3.8GHz/4C/8M 71W        ,
SSA0Q84778,SP Xeon E2146G 3.5GHz/6C/12M 80W       ,
SSA0Q84779,SP Xeon E2134 3.5GHz/4C/8M 71W         ,
SSA0Q84782,SP Xeon E2126G 3.3GHz/6C/12M 80W       ,
SSA0Q84783,SP Xeon E2124 3.3GHz/4C/8M 71W         ,
SSA0Q84784,SP Xeon E2104G 3.2GHz/4C/8M 65W        ,
SSA0Q97996,SP Xeon E2144G 3.6GHz/4C/8M 71W        ,
SSS7A23315,SSD U.2 PM983 1.92T Entry PCIe          ,
SM30N76501,MEMORY 16GB D4 26U RMUA5180ME78HBF2666 ,
SM30Q98193,MEMORY 8G D426E HMA81GU7CJR8NVKT0     ,
SM30K25310,MEMORY 4GB D4 26S HMA851S6CJR6NVKN0    ,
SM30K25312,MEMORY 16GB D4 26S HMA82GS6CJR8NVKN0   ,
SM30K25317,MEMORY 4GB D4 26U RMUA5120ME86H9F2666  ,
0000001KM881,MEMORY 2Rx4 32GB 8Gbit 2400MHz RDiMM,
SM30Q98194,MEMORY 16G D426E HMA82GU7CJR8NVKT0    ,
SSA0P24605,SP Intel i78700K 3.7GHz/6C/12M/LGA 95W ,
SSA7A26487,SP SKL 8C/3.2G/130W/24.75M              ,
SSS0L25129,SSD INT HarrisH M.2 2280 512G PCIe OPAL ,
SSS7A06745,"SSD PM883 2.5"" 960G SATA HS SSD         ",
SSS7A23307,SSD Intel P4600 U.2 6.4TB MS NVMe,
SM30N76514,MEMORY 4GB D3L 16S RMT3170NE68F9F1600  ,
SSD0E97920,"SSD_ASM 2.5""Temple Star180 OPAL 2.0    ",
SSD0K87960,SSD_ASM Intl S3510 SATA6G 2.5 Mread 1.6T,
0000001KM925,MEMORY 2Rx4 32GB 8Gbit 2400MHz RDIMM    ,
SSS7A06741,SSD Samsung PM1643 3.84T SAS SSD        ,
SSS7A06737,SSD Samsung PM1645 800G MS SAS SSD      ,
SSS7A06739,SSD Samsung PM1645 1.6T MS SAS SSD      ,
SSS7A23332,"SSD 1.6TB toshiba CM5 NVMe 2.5"" SSD     ",
SM30N76544,MEMORY DDR4 2666 4GB D4 26U M378A5143TB2,
SSA7A36838,SP SKL 8C/3.9G/205W/24.75M              ,
SSS7A23425,"SSD Micron 5200 max 2.5"" 240G MS SSD",
SSS7A23426,"SSD Micron 5200 max 2.5"" 480G MS SSD    ",
SSS7A23427,"SSD Micron 5200 max 2.5"" 960G MS SSD    ",
SSS7A23428,"SSD Micron 5200 max 2.5"" 1.92T MS SSD   ",
SSS0L25112,SSD SAM PM981 2TB M.2 PCIe NVMe OPAL    ,
SSS7A06667,SSD LiteOn CV8 128GB M.2 SATA SSD       ,
SM37A21264,MEMORY S M386AAG40MM2 128G D429R       ,
SM37A21266,MEMORY S M393ABG40M52 256G D429R       ,
SSS0L24743,SSD SKH BC501 128G M.2 2242 PCIe NVMe   ,
SSS7A23241,SSD Intel S4510 1.92T Entry HS SSD      ,
SSS7A23394,SSD Intel S4610 240G MS HS SSD          ,
SSS7A23395,SSD Intel S4610 480G MS HS SSD          ,
SSS7A23396,SSD Intel S4610 960G MS HS SSD          ,
SSS7A23397,SSD Intel S4610 1.92T MS HS SSD         ,
SSA7A42082,SP Intel CLX 8276L QS QQBE              ,
SSS7A23294,"SSD P4510 2TB NVMe 2.5"" SSD             ",
SM30Q15670,MEMORY 16GB D426E M391A2K43BB1CTD     ,
SM30Q15669,MEMORY 16GB D426E MTA18ASF2G72AZ2G6D1 ,
SSS7A06720,SSD 480GB 2.5 SATA 6Gb SSD,
SSD7A20697,SSD_ASM I P4500 3DTLC NVME 4T,
SSD7A20669,SSD_ASM I P4500 3DTLC NVME 2T,
SSA7A33754,SP SKL 20C/2.5G/150W/27.5M              ,
4SS7A13464,SSD VLH Intel SSD DC P4510 Series 4.0TB ,
SSA7A37386,SP IntelE2186G 3.8G/6+2/95W/2666       ,
SSA7A37389,SP IntelE2146G 3.5G/6+2/80W/2666       ,
SSA7A37390,SP IntelE2144G 3.6G/4+2/71W/2666       ,
SSA7A37391,SP IntelE2136 3.3G/6+0/80W/2666        ,
SSA7A37392,SP IntelE2134 3.5G/4+0/71W/2666        ,
SSA7A40525,SP Inteli38350K 4.0G/8M/4C4T/91W/2400  ,
SSA7A40526,SP Inteli38300 3.7G/8M/4C4T/62W/2400   ,
SSA7A40527,SP Inteli38100 3.6G/6M/4C4T/65W/2400   ,
SSA7A40536,SP Intel G5400T 3.1G/4M/2C4T/35W/2400   ,
SSS7A06755,"SSD 7.68TB 2.5"" Entry SATA SSD          ",
SSS7A43139,SSD Sm PM883 240G IPDC A2KS            ,
SSA0Q84776,SP Xeon E2176G 3.7GHz/6C/12M 80W       ,
SSS7A23434,"SSD 480GB 2.5"" Entry SATA SSD",
SSS0L25134,SSD INT StonyBeach2 32G M.2 2280 Optane ,
SM30L08736,MEMORY 64G D426L M386A8K40BM2CTD      ,
SSA7A37393,SP IntelE2126G 3.3G/6+2/80W/2666       ,
SSA7A40534,SP Intel G4900 3.1G/2M/2C2T/54W/2400    ,
SSA7A40537,SP Intel G4900T 2.9G/2M/2C2T/35W/2400   ,
SSS7A23389,SSD Int S4610 960G SATA SSD             ,
SSS7A06746,"SSD PM883 2.5"" 1.92T SATA HS SSD        ",
SSS7A23406,SSD Int S3520 150G 2.5 SATA 6G          ,
SSA0Q76938,SP Intel G5600 3.9GHz/2C/4M/LGA 54W     ,
SSA0Q84171,SP AMD Ryzen 3 2200G 3.5GHz/4C/4M/65W   ,
SSA7A25873,SP SKL 16C/2.6G/150W/xxM                ,
SSA0Q78027,SP Intel G5500T 3.2GHz/2C/4M/LGA 35W    ,
SSA7A37422,SP IntelE31205v6 3.0G/4+2/65w/2400     ,
SM30Q39041,MEMORY 32GB D426R M393A4K40CB2CTD     ,
SM37A18920,MEMORY H HMA82GR7AFR8NVK 16GB D426R,
SSS0L25081,SSD SAM PM871b 512G 2.5 OPAL            ,
SSA0R06914,SP AMD Ryzen 5 2600 3.4GHz/6C/16M/65W   ,
SSS7A39328,"SSD Mic 5200MAX 960G 2.5"" SSD           ",
SM37A18979,MEMORY H HMA84GR7CJR4NVK 32GB D426R   ,
SSS7A06676,"SSD 3.2TB 12Gb SAS 2.5"" SSD             ",
SSA0Q84173,SP AMD Ryzen 3 2200GE 3.2GHz/4C/4M/35W  ,
SSS7A43094,SSD WD 1.6TB SN200 2.5 U.2,
SSS7A43150,"M.2 Boot Drive, w/ Toshiba NAND (Primary)",
SSS7A43151,"M.2 Boot Drive, w/ Intel NAND (Optional",
SM37A47294,MEMORY H HMA84GR7CJR4NVK 32G D426R    ,
SSS7A23410,"SSD Mic 5200Eco 3.84T 2.5"" SSD",
SSS7A42060,SSD Micron 5200max 960GB SATA SSD,
SM37A18875,MEMORY M MTA9ASF1G72AZ2G3B1 8GB D424E,
SM37A18943,MEMORY H HMA81GR7CJR8NWMT 8GB D429R   ,
SM37A18946,MEMORY H HMA82GR7CJR4NWMT 16GB D429R,
SM37A18949,MEMORY H HMA82GR7CJR8NWMT 16GB D429R  ,
SM37A18952,MEMORY H HMA84GR7CJR4NWMT 32GB D429R  ,
SM37A18923,MEMORY H HMA82GR7CJR4NVK 16GB D426R   ,
SM37A18958,MEMORY H HMAA8GL7CPR4NWMT 64GB D429LR ,
SM37A18954,MEMORY S M393A8G40MB2CVF 64GB D429R   ,
SM37A19033,MEMORY S M393ABG40M5BCYF 256G D429R,
SM37A21303,MEMORY S M393AAG40M3BCYF 128G D429R   ,
SM37A18860,MEMORY S M386AAG40MM2CVF 128GB D429LR ,
SM37A21293,MEMORY S M393A2K43CB2CVF 16GB D429R   ,
SM37A21322,MEMORY Sansung 8G 1RX8 PC42666R,
SM37A21323,MEMORY Samsung 16GB 1RX4 PC42666R     ,
SM37A21325,MEMORY Samsung 32GB 2RX4 PC42666R,
SM37A21324,MEMORY Samsung 16GB 2RX8 PC42666R     ,
SM37A21326,MEMORY Samsung 64GB 4RX4 PC42666LR,
SSS7A23342,SSD U.2 PM983 3.84T Entry PCIe          ,
SM37A18977,MEMORY H HMA82GR7CJR8NVK 16GB D426R   ,
SM37A18898,MEMORY H HMA81GR7CJR8NVK 8GB D426R,
SM37A18924,MEMORY S M393A2K40CB2CTD 16GB D426R,
SM37A21294,MEMORY S M393A4K40CB2CVF 32GB D429R   ,
SSA7A47854,SP Intel CLX 8280L QS B0                ,
SSA7A47853,SP Intel CLX 8260 QS B0                 ,
SSS7A40913,SSD SD 1.6TB SAS 512 PI2 3DWD FIPS,
SM37A47293,MEMORY H 2Rx4 32GB 2400MHz RDIMM        ,
SM37A47849,MEMORY S M393AAK40B42CWD 128G D426R   ,
SSS7A36882,SSD Sam PM983 960G M.2 NVMe SSD         ,
SSS7A23398,SSD Intel S4610 3.84T MS HS SSD         ,
SSA7A37387,SP IntelE2176G 3.7G/6+2/80W/2666       ,
SSS7A39338,SSD S PM1725B 6.4T NVMe AIC IPDC,
SSD0L20408,SSD_ASM Intl Coldstream PCIe 2.5 750G   ,
SSS0L24740,SSD WD SN720 512G M.2 2280 PCIe OPAL    ,
SSS7A23335,SSD 1.6TB toshiba CM5 HHHL Card,
SM37A21345,MEMORY HMA82GR7AFR4NVK                 ,
SSA0R06913,SP AMD Ryzen 7 2700 3.2GHz/8C/16M/65W   ,
SSA7A25880,SP SKL 18C/2.3G/135W/xxM                ,
SSA7A37394,SP IntelE2124G 3.4G/4+2/71W/2666       ,
SSA0T06175,SP Intel i79700K 3.60GHz/8C/12M 95W    ,
SSA7A37396,SP IntelE2104G 3.2G/4+2/65W/2666       ,
SSA7A37388,SP IntelE2174G 3.8G/4+2/71W/2666       ,
SSA7A37395,SP IntelE2124 3.3G/4+0/71W/2666        ,
SSA0T06176,SP Intel i99900K 3.60GHz/8C/16M 95W    ,
SSS7A23369,SSD U.2 P4610 3.2TB Mainstream NVMe SSD ,
SM37A21342,MEMORY HMAA8GL7AMR4NVK 64G M1,
SSS7A06747,"SSD PM883 2.5"" 3.84T SATA HS SSD        ",
SSS7A06740,SSD Samsung PM1645 3.2T MS SAS SSD      ,
SM37A21279,MEMORY S M393A2K40CB2CVF 16GB D429R,
SSS7A23242,SSD Intel S4510 3.84T Entry HS SSD      ,
SSS7A39345,SSD NVMe DP 3DWD 12.8TB PM1725b,
SSS7A23368,SSD U.2 P4610 1.6TB Mainstream NVMe SSD ,
SSS7A40911,SSD SSD 800GB SAS 512 PI2 3DWD,
SM30E51338,MEMORY 16GB D4 26S M471A2K43DB1CTD     ,
SSA7A44100,SP CLX 8280L 28C/2.7G/205W/??M          ,
SSS7A23363,SSD U.2 P4510 1TB Entry NVMe SSD        ,
SSS7A23336,SSD 3.2TB toshiba CM5 HHHL Card,
SSS7A23337,SSD 6.4TB toshiba CM5 SSD HHHL Card     ,
SSA7A44092,SP CLX 8280M 28C/2.7G/205W/??M          ,
SSA0T81776,SP Intel i59400 2.9GHz/6C/9M 65W P0    ,
SSS7A23265,SSD K SATA M.2 64G w/I.N IPDCG1,
SSS7A23263,SSD T SATA M.2 48G SSD G1              ,
SM37A19027,MEMORY Apache Pass 128GB                ,
SSS0L24737,SSD WD SN520 128G M.2 2242 PCIe         ,
SSS0L24738,SSD WD SN520 256G M.2 2242 PCIe         ,
SSS0L24766,SSD WD SN520 512G M.2 2242 PCIe         ,
SSS7A51128,"SSD CM5 3840GB 1DWPD 2.5""",
SSS7A23259,SSD Lon EPXKW960 960GB M.2 M1A        ,
SSA0Q84170,SP AMD Ryzen 5 2400G 3.6GHz/4C/4M/65W   ,
SSA7A40529,SP Inteli38100T 3.1G/6M/4C4T/35W/2400  ,
SSA7A40530,SP Intel G5600 3.9G/4M/2C4T/54W/2400    ,
SSA7A40532,SP Intel G5400 3.7G/4M/2C4T/54W/2400    ,
SSA7A40533,SP Intel G4920 3.2G/2M/2C2T/54W/2400    ,
SM37A18966,MEMORY H HMA81GU7CJR8NVK 8GB D426E    ,
SM37A18969,MEMORY H HMA82GU7CJR8NVK 16GB D426E   ,
SM37A21328,MEMORY S M393AAK40B42CWD 128G M1,
SFR0T77580,FLASH_ROM W25Q64FWSSIQ                  ,
SM30N76492,MEMORY 16GB D4 26U MTA16ATF2G64AZ2G6E1,
SSS7A23417,SSD Int S4510 480G 2.5 STAT             ,
SSS7A23247,SSD Sam PM983 960G M.2 NVMe SSD         ,
SSD0N85564,SSD RAM S158 32G M.2 2242               ,
SSS7A06748,"SSD PM883 2.5"" 7.68T SATA HS SSD        ",
SCL7A46740,COA_LABELS COA WinSvr 2019 StdP7307760,
SM30Q15667,MEMORY 8GB D426E M391A1K43BB2CTD      ,
SM30N76491,MEMORY 8GB D4 26U MTA8ATF1G64AZ2G6E1,
SM30E51327,MEMORY 32GB D4S M471A4G43MB1CTD        ,
SM30N76493,MEMORY 8GB D4 26S MTA8ATF1G64HZ2G6E1,
SM37A21304,MEMORY HMA82GR7CJR8NWMT 16G D429,
SSS7A23333,"SSD 3.2TB toshiba CM5 NVMe 2.5"" SSD",
SSS7A23334,"SSD 6.4TB toshiba CM5 NVMe 2.5"" SSD",
SM37A21351,MEMORY HMA82GR7CJR4NVK                 ,
SM37A19034,MEMORY 128GB DDR4 2666MHz OptaneDCPMM   ,
SM37A19035,MEMORY 256GB DDR4 2666MHz OptaneDCPMM   ,
SM37A19036,MEMORY 512GB DDR4 2666MHz OptaneDCPMM   ,
SSS7A23341,SSD Intel P4600 U.2 6.4T,
SM37A21305,MEMORY HMA84GR7CJR4NWMT 32G D429,
SSS7A39315,SSD 400GB 12Gb SAS SED SSD,
SM37A18993,MEMORY S M393A4K40CB2CTD 32GB D426R   ,
SM37A21309,MEMORY S M393A2K43CB2CVF 16GB D429R   ,
SSA7A50395,SP CLX 6263CY 24C/2.6G/205W/33M         ,
SSA7A41388,SP CLX 8280 28C/2.7G/205W/??M           ,
SSA7A41390,SP CLX 8270 26C/2.6G/205W/??M           ,
SSA7A41393,SP CLX 6252 24C/2.1G/150W/??M           ,
SSA7A41395,SP CLX 6248 20C/2.5G/150W/27.5M         ,
SSA7A41396,SP CLX 6244 8C/3.7G/165W/??M            ,
SSA7A41397,SP CLX 6242 16C/2.8G/150W/??M           ,
SSA7A41398,SP CLX 6240 18C/2.6G/150W/??M           ,
SSA7A41399,SP CLX 6230 20C/2.1G/125W/??M           ,
SSA7A41400,SP CLX 5220 18C/2.2G/125W/??M           ,
SSA7A41401,SP CLX 5218 16C/2.3G/125W/22M           ,
SSA7A41404,SP CLX 4216 16C/2.2G/<100W/??M          ,
SSA7A41405,SP CLX 4215 8C/2.5G/85W/11M             ,
SSA7A41406,SP CLX 4214 12C/2.2G/85W/??M            ,
SSA7A44089,SP CLX 8260C ??C/??G/165W/??M           ,
SSA7A44090,SP CLX 6240C ??C/??G/150W/??M           ,
SSA7A44091,SP CLX 4214C ??C/??G/105W/??M           ,
SSA7A44093,SP CLX 8276M 28C/2.3G/165W/??M          ,
SSA7A44094,SP CLX 8260M 24C/2.4G/165W/??M          ,
SSA7A44096,SP CLX 5215M 10C/2.5G/85W?/13.75M       ,
SSA7A44097,SP CLX 6238T 22C/2.0G/125W/??M          ,
SSA7A44102,SP CLX 8260L 24C/2.4G/165W/??M          ,
SSA7A44104,SP CLX 5215L 10C/2.6G/85W?/??M          ,
SSA7A47807,SP CLX 8256 4C/3.8G/105W/??M            ,
SSA7A47808,SP CLX 8253 16C/2.2G/125W/??M           ,
SSA7A42606,SP Intel CLX 8276L QS QQBE paid ver     ,
SSS7A23409,"SSD Mic 5200Eco 480G 2.5"" SSD           ",
SSS7A23343,SSD U.2 PM983 7.68T Entry PCIe          ,
SM30Q98196,MEMORY 16G D426R HMA82GR7CJR8NVK      ,
SM37A21348,MEMORY Sam 16G 1RX4 26R B-Die-IPDC M1,
SM37A21349,MEMORY S 16G 1RX4 26R B-Die-M1-Arrow,
SM37A21350,MEMORY HMA82GR7CJR4N-VK,
SM37A21343,MEMORY HMAA8GL7AMR4NVK 64G M1a,
SM37A21344,MEMORY HMA82GR7AFR4N-VK,
SM37A21271,MEMORY S M393A4K40CB2-CTD 32G D4-26R,
0000001KM746,MEMORY 2Rx4 32GB 2400MHz RDiMM,
SM37A21275,MEMORY H HMA84GR7CJR4N-VK 32G D4-26R,
0000000NV282,MEMORY 2Rx4 32GB 8Gbit 2400MHz RDiMM,
SSA7A42079,SP Intel CLX 8280L QS QQRC              ,
SSA7A42085,SP Intel CLX 8268 QS QPJW               ,
SSS7A23364,SSD U.2 P4510 2TB Entry NVMe SSD        ,
SSS7A06750,SSD Sam PM883 960G 2.5 SATA6G SSD,
SSS7A36883,SSD Sam PM883 960G 2.5 SATA6G SSD       ,
0000001GR299,SSD ORDERABLE PN,
SSS7A23433,SSD Hy SE4011 960G 2.5 SATA,
SSS7A06713,SSD Mic 5100max 2.5 SATA 960G,
0000001GT221,SSD_ASM Lite-On 960GB M.2 NVME,
SSS7A23258,SSD Lon EPX-KW960 960GB M.2,
0000001GT222,SSD_ASM Hynix 960GB M.2 NVME,
SSS7A40912,SSD SSD 1.6TB SAS 512 PI2 3DWD          ,
SSA7A42089,SP Intel CLX 8260M QS QPKD              ,
SSA0U55877,SP Xeon Gold 6242 2.8GHz/16C/22M 150W   ,
SSA0U55894,SP Xeon Silver 4214 2.2GHz/12C/16.5M 85W,
SSS0L24732,SSD SDK X600 512G M.2 2280 OPAL,
SSA7A42098,SP Intel CLX 6230 QS QPKG               ,
SM30R45312,MEMORY 16G D429R HMA82GR7CJR8NWM      ,
SM37A21378,MEMORY S M393ABG40M52 256G D429R       ,
SM37A21376,MEMORY S M386AAG40MM2 128G D429R       ,
SSS7A23295,"SSD P4510 4TB NVMe 2.5"" SSD             ",
SSS7A23391,SSD Int P4600 U.2 3.2T T5 AVAP,
SSS7A23340,SSD Intel P4600 U.2 3.2T                ,
SSS7A06733,SSD Samsung PM1643 7.68T SAS SSD        ,
SM37A21375,MEMORY M 32GB 2RX4 D426R Z11B M1A     ,
SSS7A43209,SSD Hy SE4011 960G 2.5 SATA M1A        ,
SM37A18980,MEMORY H HMAA8GL7CPR4NVK 64GB D426LR,
SSA7A53946,SP SKL 6138 QS,
SM37A19030,MEMORY Apache Pass 128GB 2666 QS,
SSA7A41391,SP CLX 8268 24C/2.9G/205W/??M           ,
SM30Q98195,MEMORY 8G D426R HMA81GR7CJR8NVK       ,
SM30Q98197,MEMORY 32G D426R HMA84GR7CJR4NVK      ,
SM37A18989,MEMORY MTA36ASF4G72PZ2G6E1 32GB D426R,
SSS7A23244,SSD 240GB SATA Boot M.2 SSD             ,
SSS7A43111,"SSD 960G CM5 1DWPD 2.5"" SED SSD         ",
SSS7A43112,"SSD 1.92T CM5 1DWPD 2.5"" SED SSD",
SSS7A23365,SSD U.2 P4510 4TB Entry NVMe SSD        ,
SM30R45308,MEMORY 32GB D429R M393A4K40CB2CVF     ,
SSS7A56289,SSD CM5 960GB 1DWPD 2.5,
SP20V05288,"PAD MB VR thermal pad for P330,FXC      ",
SSA0V08101,SP Xeon E2236 3.4GHz/6C/12M 80W        ,
SSA0T81779,SP Intel i59400F 2.9GHz/6C/9M 65W U0   ,
SM37A21247,MEMORY H HMA82GR7CJR8NXN 16GB D432R   ,
SM37A21249,MEMORY S M393A4K40DB2CWE 32GB D432R   ,
SSA7A41408,SP CLX 4208 8C/2.1G/85W/11M             ,
SSS7A43149,SSD I S4500 240G IPDC A2-NP             ,
SSS7A23379,SSD Int P4610 3.2TB U.2 SSD for IPDC    ,
SSS0L24756,SSD KIX XG6 256G 2280 PCIe3x4 OP        ,
SSS0L24757,SSD KIX XG6 512G 2280 PCIe3x4 OP        ,
SSS0L24763,SSD SKH BC501PLP 128G M.2 2242 PCIe    ,
SSA0T81778,SP Intel i59400 2.9GHz/6C/9M 65W U0    ,
SSA0U55883,SP Xeon Gold 5218 2.3GHz/16C/22M 125W   ,
SSA0U55895,SP Xeon Silver 4210 2.2GHz/10C/13.75M85W,
SSA7A41394,SP CLX 6254 18C/3.2G/200W/??M           ,
SSA7A41407,SP CLX 4210 10C/2.2G/85W/13.75M         ,
SM30R45311,MEMORY 8G D429R HMA81GR7CJR8NWM       ,
SSA7A41389,SP CLX 8276 28C/2.3G/165W/??M           ,
SSA7A41392,SP CLX 8260 24C/2.4G/165W/??M           ,
SSA7A41409,SP CLX 3204 6C/1.9G/85W/??M             ,
SSA7A44099,SP CLX 4209T 8C/2.2G/70W/??M            ,
SSA7A44101,SP CLX 8276L 28C/2.3G/165W/??M          ,
SSA7A47809,SP CLX 5222 4C/3.8G/105W/??M            ,
SM37A21311,MEMORY S M393A4K40CB2CVF 32G D429,
SM37A21341,MEMORY S M393A4K40CB2CTD 32GB D426R   ,
SM30V96030,MEMORY MXIC MX25L25673GM2I08G          ,
SM30R13317,MEMORY 8G D426R MTA9ASF1G72PZ2G6D1    ,
SM37A21427,MEMORY S M393A4K40BB2-CTD 32GB D4-26R,
SSA0U55891,SP Xeon Silver 4216 2.1GHz/16C/22M 100W ,
SSS7A43101,SSD Sm PM1725B 6.4T AIC –M1A           ,
SSS0L25097,SSD SAM PM871b 256G M.2 OPAL            ,
SM37A21357,MEMORY S M393A2K40CB2CVF 16GB D429R,
SM37A21362,MEMORY S M393A8G40MB2CVF 64GB D429R,
SM37A21302,MEMORY Apache Pass 128GB 2666,
SSA0V08334,SP AMD Ryzen 5 3400G 3.7GHz/4C/4M/65W   ,
SSA0U98759,SP Intel i39300 3.7GHz/4C/8M 62W       ,
SSS0L68730,SSD MIC 1300 256G 2.5 SATA OPAL         ,
SSS7A40914,SSD SSD 3.2TB SAS 512 PI2 3DWD          ,
SSS7A43153,SSD 480G SATA Boot M.2 SED SSD,
SM30N76542,MEMORY 8GB D4 26U M378A1K43DB2CTD      ,
SM30E51337,MEMORY 8GB D4 26S M471A1K43DB1CTD      ,
SSA7A57953,SP AMD ROME 7452  32C/2.35G/155W/128M  ,
SSA7A57952,SP AMD ROME 7702  64C/2.0G/200W/256M   ,
SSS7A23370,SSD U.2 P4610 6.4TB Mainstream NVMe SSD ,
SM37A21366,MEMORY MTA72ASS8G72LZ2G6D2 64D426LR,
SSA0U55898,SP Xeon Bronze 3204 1.9GHz/6C/8.25M 85W ,
SSA0U98780,SP I i99900K 3.60GHz/8C/16M 95W R0SRG19,
SSA0V08097,SP Xeon E2276G 3.8GHz/6C/12M 80W       ,
SSA0U98754,SP Intel i99900 3.1GHz/8C/16M 65W      ,
SSA0U98756,SP Intel i59600 3.1GHz/6C/9M 65W       ,
SSA0V08103,SP Xeon E2226G 3.4GHz/6C/12M 80W       ,
SSA7A53927,SP CLX 5218B 16C/2.3G/125W/22M          ,
SM37A21318,MEMORY S M393AAG40M3BCYF 128G D429R,
SSS7A43328,SSD WD SN630 7.68T NVMe 2.5 IPDC,
0000001KM880,MEMORY 2Rx4 16GB 4Gbit 2400MHz RDiMM,
SM37A21250,MEMORY H HMA84GR7CJR4NXN 32GB D432R,
SM37A21406,MEMORY HMA84GR7AFR4NVK 32G M1a,
SM37A21416,MEMORY S M386AAG40MMB CVF  M1           ,
SM37A21420,MEMORY S M393A8G40MB2CVF 64G M1,
SM37A21422,MEMORY S M393A4K40CB2 CVF M1,
SSA0Q89497,SP Xeon 6146 3.2GHz/12C/24.75M 165W     ,
SSA0U98767,SP Intel i79700T 2GHz/8C/12M 35W       ,
SSA0U98771,SP Intel i59400T 1.8GHz/6C/9M 35W U0   ,
SSA0U98773,SP Intel i39100T 3.1GHz/4C/6M 35W      ,
SSA0V08098,SP Xeon E2274G 4GHz/4C/8M 83W          ,
SSA0V08102,SP Xeon E2234 3.6GHz/4C/8M 71W         ,
SSA0V08105,SP Xeon E2224 3.4GHz/4C/8M 71W         ,
SSA0V08337,SP AMD Ryzen 3 3200GE 3.3GHz/4C/4M/35W  ,
SSA7A57093,SP CLX 6246 12C/3.3G/165W/??M           ,
SSA7A57431,SP CLX 5220S 18C/2.7G/125W/24.75M       ,
SSA7A57432,SP CLX 6262V 24C/1.9G/135W/33M          ,
SSA7A57433,SP CLX 6222V 20C/1.8G/115W/27.5M        ,
SSS0L25157,SSD SAM PM981a M.2 2280 2TB PCIe OPAL   ,
SSS7A43152,SSD 960G SATA Boot M.2 SSD              ,
SSS7A43279,SSD M 2.5 SATA 960G SSD IPDCMA       ,
SSA0V08104,SP Xeon E2224G 3.5GHz/4C/8M 71W        ,
SSA0U55881,SP Xeon Gold 6230 2.1GHz/20C/27.5M 125W ,
SSA7A57426,SP CLX 6238 22C/2.1G/140W/30.25M        ,
SSA7A57428,SP CLX 6226 12C/2.7G/125W/19.25M        ,
SM37A18912,MEMORY S M393A2K43CB2CTD 16GB D426R,
SSA0V08100,SP Xeon E2244G 3.8GHz/4C/8M 71W        ,
SSA7A57956,SP AMD ROME 7262  8C/3.2G/155W/128M    ,
SSA7A57959,SP AMD ROME 7402P  24C/2.8G/180W/128M  ,
SSA7A57960,SP AMD ROME 7302P  16C/3.0G/155W/128M  ,
SSA7A57418,SP AMD ROME 7742  64C/2.25G/225W/256M  ,
SSA7A57958,SP AMD ROME 7502P  32C/2.5G/180W/128M  ,
SSS7A23282,SSD A600i 480G M.2 SATA SSD             ,
SM37A21371,MEMORY MTA18ASF2G72PDZ3G2E1 16G D432R ,
SSS7A43155,SSD 1.92T SATA Boot M.2 SED SSD,
SM30K25319,MEMORY 4GB D4 26U MTA4ATF51264AZ2G6E1,
SM37A18985,MEMORY MTA18ASF2G72PDZ2G6E1 16G D426R,
SSA0U98779,SP Intel i79700K 3.60GHz/8C/12M 95W R0 ,
SSS0L25162,SSD INT TetonGlacier 512G M.2           ,
SM37A21282,MEMORY H HMA82GR7CJR4NWMT 16GB D429R,
SM37A21285,MEMORY H HMA82GR7CJR8NWMT 16GB D429R  ,
SSS7A43154,SSD 960G SATA Boot M.2 SED SSD          ,
SM37A18953,MEMORY MTA36ASF4G72PZ2G9E2 32GB D429R ,
SM30R45306,MEMORY 32G D429R MTA36ASF4G72PZ2G9E2  ,
SSA7A57356,SP Intel 8171M SKL 26C/2.6G/205W/35.75M ,
SSA0U98769,SP Intel i59500T 2.2GHz/6C/9M 35W      ,
SSA0V98146,SP Xeon W3223 3.5GHz/8C/16.5M 160W     ,
SSA0V08099,SP Xeon E2246G 3.6GHz/6C/12M 80W       ,
SSS7A23393,SSD Int S4610 3.84T SATA SSD            ,
SSS7A23268,SSD 120GB SATA SED M.2 SSD              ,
SSS0L25158,SSD INT HrrisH PLP M.2 2280 256 PCIe OPL,
SM37A21424,MEMORY HMA84GR7CJR4NWMT 32G M1,
SSS0L25156,SSD SAM PM981a M.2 2280 1TB PCIe OPAL   ,
4SS7A13450,VLH Intel P4510 2.0TB SSD,
SM30L13377,MEMORY S M393A8K40B22CWD 64GB D426R   ,
SM37A21358,MEMORY S M393A2K43CB2CVF 16GB D429R,
SM37A21360,MEMORY S M393A4K40CB2CVF 32GB D429R   ,
SSA7A41402,SP CLX 5217 8C/3.0G/~85W/??M            ,
SSA7A41403,SP CLX 5215 10C/2.6G/125W/??M           ,
SSS7A43137,SSD I S4500 240G IPDC A2-KS,
SSS7A43183,SSD Samsung PM883 3.84TB,
SSA0U98757,SP Intel i59500 3GHz/6C/9M 65W         ,
SSA0U98768,SP Intel i59600T 2.3GHz/6C/9M 35W      ,
SM30R45304,MEMORY 8G D429R MTA9ASF1G72PZ2G9E1    ,
SSS0L25159,SSD INT HrrisH P M.2 2280 512G PCIe OPL ,
SSS7A23329,SSD U.2 Intel P4510 8.0TB  NVMe SSD     ,
SM30W30301,MEMORY Winbond W25Q128FWSIQ             ,
SSS7A43216,SSD 5100 1.92TM.2 SATA SSD              ,
SM30V14951,MEMORY 32G D429U M378A4G43AB2CVF      ,
SM30R13318,MEMORY 16G D426R MTA18ASF2G72PDZ2G6E1 ,
SSA7A40535,SP Intel G5500T 3.2G/4M/2C4T/35W/2400   ,
SSA0V25475,SP Xeon Gold 6234 3.3GHz/8C/24.75M 130W ,
SSS0L25155,SSD SAM PM981a M.2 2280 512G PCIe OPAL  ,
SSS0L25154,SSD SAM PM981a M.2  2280 256G PCIe OPAL ,
SSA0V08096,SP Xeon E2278G 3.4GHz/8C/16M 80W       ,
SSA0V03237,SP Xeon Gold 5222 3.8GHz/4C/16.5M 105W  ,
SSA0V08341,SP AMD Ryzen3 PRO 3200G 3.6GHz/4C/4M/65W,
SSA0V08344,SP AMD Athlon PRO 300GE 3.4GHz/2C/4M/35W,
SSA0U98774,SP Intel G5600T 3.3GHz/2C/4M 35W        ,
SSA0V08335,SP AMD Ryzen 3 3200G 3.6GHz/4C/4M/65W   ,
SSA0V08340,SP AMD Ryzen5 PRO 3400G 3.7GHz/4C/4M/65W,
SSA0U98766,SP Intel i99900T 2.1GHz/8C/16M 35W     ,
4XB7A36845,MTFDDAK960TDD1AT16ABYY                 ,
SP47A36814,PUBS EDGECORE WARRANTY,
SSW7A36813,PUBS EDGECORE PICA OS,
SM30U64433,MEMORY Winbond W25Q128JVSIQ             ,
SSS7A43210,SSD Samsung PM1643 960G SAS SSD         ,
SSA0U98760,SP Intel i39100 3.6GHz/4C/6M 65W       ,
SSS7A43098,SSD P4511 M.2 650GB NVMe SSD (SED)      ,
SM30R13319,MEMORY 32G D426R MTA36ASF4G72PZ2G6E1  ,
SSA0V98123,SP Xeon Gold 6246 3.3GHz/12C/24.75M 165W,
SM37A18984,MEMORY H HMA82GR7CJR8NVK 16GB D426R,
SSS0L25150,SSD UMIS AM611 M.2 2242 128G PCIe STD   ,
SM30N76543,MEMORY 16GB D4 26U M378A2K43DB1CTD     ,
SSS0L24760,SSD SKH PC601 256G M.2 2280 PCIe OPAL   ,
SSA0U98761,SP Intel G5620 4GHz/2C/4M 54W           ,
SM37A47292,MEMORY S M393A4K40CB2CTD 32G D426R    ,
SM30R45309,MEMORY 64GB D429R M393A8G40MB2CVF     ,
SSA0U55873,SP Xeon Gold 6254 3.1GHz/18C/24.75M 200W,
SSS7A43249,SSD PM983 1.92T NM.2 SSDIPDCMA      ,
SSS7A23269,SSD 480GB SATA SED M.2 SSD              ,
SSS7A23281,SSD A600i 120G M.2 SATA SSD,
SSS7A23283,SSD A600i 800G M.2 SATA SSD             ,
SSA0V08342,SP AMD Ryzen5 PRO 3400GE 3.3GHz/4C/4M35W,
SSA0V08336,SP AMD Ryzen 5 3400GE 3.3GHz/4C/4M/35W  ,
SSS7A43354,SSD WD SN630 1.92T U.2 SSD -IPDC        ,
SSS0L25130,SSD INT HarrisH 1024G M.2 PCIe NVMe OPAL,
SM37A21280,MEMORY MTA9ASF1G72PZ2G9E1 8GB D429R   ,
SM30R45305,MEMORY 16G D429R MTA18ASF2G72PDZ2G9E1 ,
SM37A21253,MEMORY H HMAA8GR7AJR4NXN 64GB D432R   ,
SSA0V08095,SP Xeon E2286G 4GHz/6C/12M 95W         ,
SSA0V08343,SP AMD Ryzen3 PRO 3200GE 3.3GHz/4C/4M35W,
SM30V14949,MEMORY 32G D426U MTA16ATF4G64AZ2G6B1  ,
SSA7A67157,SP CLX 6263CY 24C/2.6G/205W/33M/2933    ,
SSA7A57876,SP CLX 6209U 20C/2.1G/125W/27.5M        ,
SSA7A47826,SP CLX 20C/2.3G/125W/??M                ,
SSS7A43099,SSD P4511 M.2 1TB NVMe SSD (SED)        ,
SM30V14952,MEMORY 32G D4-26U HMAA4GU6MJR8N-VKN0    ,
SM37A21290,MEMORY S M393A8G40MB2CVF 64GB D429R,
SSS7A23378,SSD Int P4610 1.6TB U.2 SSD for IPDC    ,
SM30N76541,MEMORY 8GB D4 26S RMSA3260MD78HAF2666,
SM30N76561,MEMORY 8GB D4 26U RMUA5110MD78HAF2666,
SM37A18944,MEMORY MTA9ASF1G72PZ2G9E1 8GB D429R,
SSA7A57427,SP CLX 6234 8C/3.3G/130W/24.75M         ,
SSA7A57957,SP AMD ROME 7702P  64C/2.0G/200W/256M  ,
SSS7A67173,SSD VLH Intel  P4510 4TB SSD SED        ,
SSS7A39312,"SSD Bear Cove Plus 2.5"" SAS 800G SED SSD",
SSS0P03433,SSD INTL 905P 1.5T U.2 PCIe             ,
SSS0L24703,SSD TOS BG3  256G M.2 2242 PCIe         ,
SSA0U98772,SP Intel i39300T 3.2GHz/4C/8M 35W,
SSS0T22292,SSD SAM PM981a 256G M.2 PCIe 2280 SSD   ,
SSS0T22293,SSD SAM PM981a 512G M.2 PCIe 2280 SSD   ,
SM37A21319,MEMORY S M393ABG40M5BCYF 256G D429R,
SM37A21412,MEMORY MTA36ASF2G72PZ2G6F1 16G D4a    ,
SSS0L24774,SSD WD SN730 256G 2280 PCIe3x4 OP       ,
SSS7A23270,SSD 800GB SATA SED M.2 SSD              ,
SSS7A43175,"SSD 5200 MS SATA 960GB 2.5"" SED SSD     ",
SSS7A43288,"SSD Mic 5200Eco 7.68T 2.5"" SSD",
SSA0U55892,SP Xeon Silver 4215 2.5GHz/8C/11M 85W   ,
SSA0Q89498,SP Xeon 6144 3.5GHz/8C/24.75M 150W      ,
SSS7A39341,SSD NVMe DP 3DWD 1.6TB PM1725b          ,
SM30N76551,MEMORY 8GB D4 26S HMA81GS6JJR8NVKN0,
SM30N76552,MEMORY 16GB D4 26S HMA82GS6JJR8NVKN0,
SM30W30303,MEMORY Gigadevice GD25LB128DSIGR,
SM30K25318,MEMORY 4GB D4 26S MTA4ATF51264HZ2G6E1  ,
SM30U64434,MEMORY MXIC MX25L12873FM2I10G,
SM30N76550,MEMORY 4GB D4 26S HMA851S6JJR6NVKN0    ,
SM30N76575,MEMORY 16GB D4 32S MTA16ATF2G64HZ3G2J1 ,
SSD0N81688,"SSD_ASM SAM PM871b 128GB 2.5"" SSD       ",
SSS0L24762,SSD SKH PC601 1TB M.2 2280 PCIe OPAL    ,
SSS0L25151,SSD UMIS AM611 M.2 2242 256G PCIe STD   ,
SSD0P29619,"SSD_ASM Hynix SC313 128GB 2.5"" SSD      ",
SSS0L24764,SSD SKH BC501PLP 256G M.2 2242 PCIe    ,
SSS0S57323,SSD WD SN720 256G M.2 PCIe 2280 SSD     ,
SSS0Q99984,"SSD Ramaxel AV310 128G 2.5"" 7mm SSD     ",
SSS0L24758,SSD KIX XG6 1T 2280 PCIe3x4 OP          ,
SSS0L25179,SSD SAM PM881 256G M.2 OPAL             ,
SSS0L24776,SSD WD SN730 1TB M.2 2280 PCIe          ,
SSS0L24768,SSD WD SA530 256G M.2 2280 OPAL         ,
SSS0L24775,SSD WD SN730 512G M.2 2280 PCIe         ,
SM30V95961,MEMORY W25Q256JVEIQ WSON                ,
SM30V96081,MEMORY GD25B256DYIGR WSON               ,
SSA0U98762,SP Intel G5420 3.8GHz/2C/4M 58W U0,
SSS0L24770,SSD WD SA530 256G 2.5 OPAL              ,
SSS0L24772,SSD WD SA530 1TB 2.5 OPAL               ,
SSA0U55897,SP Xeon Silver 4208 2.1GHz/8C/11M 85W   ,
SSA0W36789,SP AMDRyzen5 PRO 3600 3.6GHz/6C/32M/65W ,
SSA0W36788,SP AMDRyzen7 PRO 3700 3.6GHz/8C/32M/65W ,
SM30N76555,MEMORY 16GB D4 26U HMA82GU6JJR8NVKN0   ,
SM30N76558,MEMORY 32GB D4 26S HMAA4GS6MJR8NVKN0   ,
SSS0L25160,SSD INT HrrisH PLP M.2 2280 1T PCIe OPL ,
SM37A18956,MEMORY MTA36ASF8G72PZ2G9B2 64GB D429R,
SSS0L25175,SSD SAM PM881 256G 2.5 OPAL             ,
SSS7A43100,SSD P4511 M.2 2TB NVMe SSD (SED)        ,
SSS7A43115,SSD P4511 M.2 1TB NVMe SSD              ,
SSS7A43116,SSD P4511 M.2 2TB NVMe SSD              ,
SSS7A43117,SSD P4511 M.2 700GB NVMe SSD            ,
SW10M73306,WIRELESS Intel 22260 vPro M2 WLAN       ,
SSA0U98755,SP Intel i79700 3GHz/8C/12M 65W        ,
SSA7A57955,SP AMD ROME 7302  16C/3.0G/155W/128M   ,
SSS0L25170,SSD SAM PM991 128G M.2 2242 PCIe        ,
SSS7A43176,"SSD 5200 MS SATA 1.92TB 2.5"" SED SSD    ",
SM37A21501,MEMORY H HMA84GR7JJR4NWM 32GB D429R   ,
SM37A18955,MEMORY H HMAA8GR7AJR4NWM 64GB D429R   ,
SSS0L25171,SSD SAM PM991 256G M.2 2242 PCIe        ,
SSS7A43432,SSD G 4T Razorback card IPDC G1,
SSS0L25152,SSD UMIS AH631 M.2 2280 256G PCIe OPAL  ,
SSS0L25153,SSD UMIS AH631 M.2 2280 512G PCIe OPAL  ,
SSS7A23328,"SSD Int P4510 1T 2.5"" NVMe SSD          ",
SSS7A43442,"SSD 1643a 2.5"" 1.92T SAS HS SSD         ",
SSS7A43165,SSD samsung PM1643a 3.84TB              ,
SM30X58667,MEMORY MXIC MX25U6473FM2I10G,
SM37A21310,MEMORY MTA18ASF2G72PDZ2G9E1 16G D429,
SSS7A23416,SSD Int S4510 240G 2.5 SATA,
SM37A21355,MEMORY 16GB 2RX8 PC42666 RDIMM         ,
SM30N76635,MEMORY 4GB D4 32S M471A5244CB0CWE      ,
SM30N76573,MEMORY 4GB D4 32S MTA4ATF51264HZ3G2J1  ,
SM30E51321,MEMORY 8GB D4 26ES HMA81GS7CJR8NVKT0   ,
SM30N76592,MEMORY 8GB D4 26ES M474A1K43DB1CTD     ,
SM30N76554,MEMORY 8GB D4 26U HMA81GU6JJR8NVKN0    ,
SM37A21484,MEMORY H HMA82GR7JJR4NWM 16GB D429R   ,
SM37A21500,MEMORY H HMA82GR7JJR8NWM 16GB D429R   ,
SM37A21425,MEMORY H HMA84GR7CJR4N WMT   M1  A      ,
SM37A21466,MEMORY HMA82GR7JJR4NVK M1a           ,
SM37A21510,MEMORY MTA144ASQ16G72PSZ2S6E1Q 128G A2,
SM37A18970,MEMORY MTA18ASF2G72AZ2G6D1 16GB D426E ,
SM37A21508,MEMORY MTA72ASS8G72PSZ2S6E1Q 64G A2,
SM37A21446,MEMORY S M393A4K40DB3CWE 32GB D432R,
SSA7A57425,SP CLX 6238M 22C/2.1G/140W/30.25M       ,
SSA7A57423,SP CLX 6240M 18C/2.6G/150W/24.75M       ,
SSA7A19311,SP ES1 COOPER LAKE A0 33MB 300W 24c QTKZ,
SSA0U98777,SP Intel Celeron G4930T 3GHz/2C/2M 35W  ,
SSA0U98764,SP Intel Celeron G4950 3.3GHz/2C/2M 54W ,
SSA7A73211,SP Intel CPX pre ES1 QTL0,
SSA7A40528,SP Inteli38300T 3.2G/8M/4C4T/35W/2400  ,
SSA0U55875,SP Xeon Gold 6248 2.5GHz/20C/27.5M 150W ,
SSA0X58365,SP Xeon W2223 3.6GHz/4C/8.25M 120W     ,
SSA0X58361,SP Xeon W2295 3GHz/18C/24.75M 165W     ,
SSS7A43441,"SSD 1643a 2.5"" 960G SAS HS SSD          ",
SSS7A43205,"SSD 2.5"" 5300 1.92T MS SATA SSD         ",
SSS7A43188,"SSD 2.5"" 5300 240G Entry SATA SSD       ",
SSS7A43202,"SSD 2.5"" 5300 240G MS SATA SSD          ",
SSS7A43200,"SSD 2.5"" 5300 3.84T Entry SATA SSD      ",
SSS7A43197,"SSD 2.5"" 5300 480G Entry SATA SSD",
SSS7A43203,"SSD 2.5"" 5300 480G MS SATA SSD          ",
SSS7A43201,"SSD 2.5"" 5300 7.68T Entry SATA SSD      ",
SSS7A43204,"SSD 2.5"" 5300 960G MS SATA SSD          ",
SSS7A43280,SSD 5210(ION) 1.92TB Entry HS SSD       ,
SSS7A43450,"SSD 5210(ION) 2.5"" 960GB HS SSD         ",
SSS7A43281,SSD 5210(ION) 3.84TB Entry HS SSD       ,
SSS7A43282,SSD 5210(ION) 7.68TB Entry HS SSD,
SSS7A23276,SSD M.2 5300 240GB SATA NHS SSD         ,
SSS7A23277,SSD M.2 5300 480GB SATA NHS SSD         ,
SSS0L25174,SSD SAM PM881 128G 2.5                  ,
SSS0L25176,SSD SAM PM881 512G 2.5 OPAL             ,
SSS0L25172,SSD SAM PM991 512G M.2 2242 PCIe        ,
SSS7A43166,SSD samsung PM1643a 7.68TB              ,
SSS7A43324,SSD Samsung PM1725b 1.6TB Korea         ,
SSS0L24765,SSD SKH BC501PLP 512G M.2 2242 PCIe    ,
SSS0L24704,SSD TOS BG3  512G M.2 2242 PCIe         ,
SSS0L24759,SSD TOS XG6 2TB M.2 2280 PCIe OPAL      ,
SSS0R27339,SSD UMIS AM610 256G M.2 PCIe 2242 SSD,
SSS0L24771,SSD WD SA530 512G 2.5 OPAL              ,
SSS0L24773,SSD WD SA530 512G 2.5 STD               ,
SSS7A43484,SSD WD SN630 3.84T NVMe 2.5 IPDC       ,
SSS7A43456,SSD WD SS530 1.6T SAS 2.5 SSD,
SSA0U55887,SP Xeon Gold 5217 3.0GHz/8C/11M 115W,
SM30N76650,MEMORY 4GB D4 29U M378A5244CB0CVF      ,
SM37A21408,MEMORY S M393A2K40CB2CTD 16GB D426R   ,
SSS7A43370,SSD H HFS1T9GD0FEHA430A M.2 M1a       ,
SSS0L25194,SSD UM AM611 64G M.2 2242 PCIe,
SM30N76578,MEMORY 4GB D4 32U MTA4ATF51264AZ3G2J1  ,
SSS7A43198,"SSD 2.5"" 5300 960G Entry SATA SSD       ",
SSS7A43199,"SSD 2.5"" 5300 1.92T Entry SATA SSD      ",
SSA7A69821,"SP Intel E2246G 6C/12T,3.6G,80W,12M,U0 ",
SSA7A69822,"SP Intel E2244G 4C/8T,3.8G,71W,8M,U0   ",
SSA7A69825,"SP Intel E2226G 6C/6T,3.4G,80W,12M,U0  ",
SSA7A69826,"SP Intel E2224G 4C/4T,3.5G,71W,8M,U0   ",
SSA7A69827,"SP Intel E2224 4C/4T,3.4G,71W,8M,U0    ",
SSA7A69828,"SP Intel i39350K 4C/4T,4.0G,91W,8M,B0  ",
SSA7A69831,"SP Intel i39300 4C/4T,3.7G,62W,8M,B0   ",
SSA7A69833,"SP Intel i39100 4C/4T,3.6G,65W,6M,B0   ",
SSA7A69835,"SP Intel G5600T 2C/4T,3.3G,35W,4M,B0    ",
SSA7A69838,"SP Intel G4950 2C/2T,3.3G,54W,2M,B0     ",
SSA7A69840,"SP Intel G4930 2C/2T,3.2G,54W,2M,B0     ",
SSA0U98758,SP Intel i39320 3.7GHz/4C/8M 62W       ,
SM30W22293,MEMORY 4GB D429U HMA851U6DJR6NWM      ,
SSA0U55863,SP Xeon 8280  2.7GHz/28C/38.5M 205W     ,
SM30K25313,MEMORY 4GB D4 26U HMA851U6CJR6NVKN0,
SSA0U55880,SP Xeon Gold 6238T 1.9GHz/22C/30.25M125W,
SSD0N81689,"SSD_ASM SAM PM871b 256GB 2.5"" SSD       ",
SSS7A23278,SSD M.2 5300 960GB SATA NHS SSD         ,
SSS7A43438,"SSD 2.5"" 5300Max 1.92T MS SED SSD       ",
SSA0X61827,SP Xeon Silver 4214R 2.4GHz/12C/16.5M   ,
SSA0X61829,SP Xeon Silver 4210R 2.4GHz/10C/13.75M  ,
SSA0V98139,SP Xeon W3275 2.5GHz/28C/38.5M 205W    ,
SSA7A57434,SP CLX 6252N 24C/2.7G/150W/35.75M       ,
SSS7A43325,SSD Samsung PM1725b 3.2TB Korea,
SSS0V42252,SSD SAM PM991 128G M.2 PCIe 2242 SSD,
SSA7A44098,SP CLX 5218T 16C/2.2G/105W/22M          ,
SSA0U55870,SP Xeon 8260 2.4GHz/24C/35.75M 165W     ,
SM30W22294,MEMORY 8GB D429U HMA81GU6DJR8NWM      ,
SM37A21388,MEMORY S M391A4G43MB1CTD 32GB D426E   ,
SM37A74260,MEMORY USB STICK                        ,
SSS0S57324,SSD WD SN720 512G M.2 PCIe 2280 SSD,
SSS0T79404,SSD MIC 2200 512G M.2 PCIe 2280 SSD,
SSA7A57419,SP AMD ROME 7502  32C/2.5G/180W/128M   ,
SSA7A55970,SP CLX 8274 24C/3.2G/240W/35.75M,
SM37A68603,MEMORY IBM 128GB 3DS RDIMM 2666MHz,
SSA7A75400,"SP SKL 8160 24C/2.1G/150W/33M, M1       ",
SSA7A75397,"SP SKL 8168 24C/2.7G/205W/33M, M1       ",
SSA7A75399,"SP SKL 8180M 28C/2.5G/205W/38.5M, M1    ",
SSA7A75403,"SP CLX 6252 24C/2.1G/150W/35.75M, M1    ",
SSA7A75402,"SP CLX 8280M 28C/2.7G/205W/38.5M, M1    ",
SSA7A75398,"SP SKL 8171M 26C/2.6G/205W/35.75M, M1   ",
SSA7A75401,"SP CLX 8272CL 26C/2.6G/195W/35.75M, M1  ",
SM37A18950,MEMORY MTA18ASF2G72PDZ2G9E1 16G D429R ,
SSA0W36787,SP AMDRyzen9 PRO 3900 3.1GHz/12C/64M/65W,
SSA0U98781,SP I i59400 2.9GHz/6C/9M 65W R0 SRG0Y,
SSS7A39302,"SSD 2.5"" 5200 Pro 3.84T SATA SED SSD    ",
SM37A21417,MEMORY S M386AAG40MMB CVF  M1  A        ,
SM37A21421,MEMORY S M393A8G40MB2 CVF   M1  A       ,
SM30W03089,MEMORY 8GB D429U M378A1K43DB2CVF      ,
SSA0X61838,SP Xeon W2235 3.8GHz/6C/8.25M 130W     ,
SM37A21494,MEMORY H HMA82GR7JJR8NWM 16GB D426R   ,
SM30N76636,MEMORY 8GB D4 32S M471A1K43DB1CWE      ,
SM30W03090,MEMORY 16GB D429U M378A2K43DB1CVF     ,
SM30N76638,MEMORY 32GB D4 32S M471A4G43AB1CWE     ,
SSA7A57429,SP CLX 6230T 20C/2.1G/125W/27.5M        ,
SM30N76619,MEMORY 8GB D4 32S HMA81GS6DJR8NXNN0    ,
SM30N76621,MEMORY 32GB D4 32S HMAA4GS6AJR8NXNN0   ,
SSS7A43181,SSD Int S4510 240G IPDC A2KS,
SM37A21377,MEMORY S M393AAG40M3BCYF 128G AWSK,
SSS7A43514,SSD U.2 CM5R 7.68TB Entry SED NVMe,
SM37A21431,MEMORY MTA18ASF2G72PZ2G9E1 16G M1A    ,
SM37A21410,MEMORY HMA84GR7JJR4NVK 32G D424Ra    ,
SM30X79405,MEMORY 32GB D432E M391A4G43AB1CWE     ,
SSS7A23271,SSD M.2 CVZ 32GB SATA NHS SSD           ,
SM30W22306,MEMORY 32GB D432E MTA18ASF4G72AZ3G2B1 ,
SSA7A70017,SP CLXR 6226R 16C/2.9G/150W/22M        ,
SSA0X58363,SP Xeon W2265 3.5GHz/12C/19.25M 165W   ,
SSA0X61839,SP Xeon W2245 3.9GHz/8C/16.5M 155W     ,
SSA7A56509,SP CLX 8255C 24C/2.5G/165W/??M          ,
SSA0X88584,SP I i510400 2.9GHz/6C/12M 65W G1 SRH3C,
SSA0X88580,SP Intel i510600 3.3GHz/6C/12M 65W     ,
SSA0X88581,SP Intel i510600T 2.4GHz/6C/12M 35W    ,
SSA0X88583,SP Intel i510500T 2.3GHz/6C/12M 35W    ,
SSA0X88585,SP Intel i510400T 2.0GHz/6C/12M 35W    ,
SM30X79398,MEMORY 32GB D432E HMAA4GU7AJR8NXNT0   ,
SM37A21414,MEMORY S M393A4K40DB3CWE 32GB D432R   ,
SSS7A43471,SSD WD 1.92T 2.5 SAS12G SSD             ,
SSS7A43472,SSD WD 3.84T 2.5 SAS12G SSD             ,
SSA0X58364,SP Xeon W2255 3.7GHz/10C/19.25M 165W   ,
SSA0X61837,SP Xeon W2225 4.1GHz/4C/8.25M 105W     ,
SM37A21440,MEMORY H HMAA4GU7AJR8NVK 32GB D426E   ,
SSA7A75396,"SP E5-2673V4 20C/2.3G/135W/50M, M1      ",
SSS7A75097,SSD I D5P4326 E1.L 15T SSD M1a       ,
SSA7A57964,SP AMD ROME 7352  24C/2.3G/155W/128M,
SM37A68635,MEMORY M 64G 4Rx4 PC42666 1.2V A2      ,
SM37A68637,MEMORY M 128G 8Rx4 PC42666 1.2V A2     ,
SSA0Y58704,SP Xeon W1250 3.3GHz/6C/12M 80W        ,
SSA0V25476,SP Xeon Gold 6226 2.7GHz/12C/19.25M 125W,
SSA0X88599,SP Intel i510400F 2.9GHz/6C/12M 65W    ,
SM37A68631,MEMORY HMABAGL7ABR4NWM 128G A2,
SSA0V03229,SP Intel i79700F 3GHz/8C/12M 65W       ,
SSA0T06174,SP Intel i59600K 3.70GHz/6C/9M 95W     ,
SM30N76620,MEMORY 16GB D4 32S HMA82GS6DJR8NXNN0   ,
SM37A68640,MEMORY H 64G 4Rx4 PC42933 1.2V M1A    ,
SM37A68624,MEMORY H 64G 4Rx4 PC4-2666 1.2V M1-A    ,
SM30N76574,MEMORY 8GB D4 32S MTA8ATF1G64HZ3G2J1   ,
SSS7A43276,"SSD 2.5"" 5300 7.68TT SATA SED SSD       ",
SSS0L68733,SSD MIC 1300 2TB 2.5 SATA OPAL          ,
SSA7A57968,SP AMD ROME 7232P  8C/3.1G/120W/32M    ,
SSA0M91221,SP Xeon GOLD 6132 2.6G 14C 140W         ,
SM37A21498,MEMORY H HMA84GR7JJR4NWM 32GB D426R,
SSA0V98144,SP Xeon W3235 3.3GHz/12C/19.25M 180W,
SM30N76618,MEMORY 4GB D4 32S HMA851S6DJR6NXNN0    ,
SSS7A43275,"SSD 2.5"" 5300 3.84T SATA SED SSD        ",
SSA0X88590,SP Intel i310100T 3GHz/4C/6M 35W       ,
SSA0V03230,SP Intel i59500F 3GHz/6C/9M 65W        ,
SSA0X88594,SP Intel G6400 4.0GHz/2C/4M 58W         ,
SSA0X88595,SP Intel G6400T 3.4GHz/2C/4M 35W        ,
SSA7A61842,SP CLX 4214R 12C/2.4G/100W/16.5M        ,
SSA7A61843,SP CLX 4210R 10C/2.4G/100W/13.75M       ,
SSA7A61845,SP CLX 3206R 8C/1.9G/85W/11M            ,
SSA7A67120,SP CLX 6256 12C/3.6G/205W/33M           ,
SSA7A67121,SP CLX 6250 8C/3.9G/185W/35.75M         ,
SSA7A70011,SP CLXR 6248R 24C/3.0G/205W/35.75M     ,
SSA7A70012,SP CLXR 6246R 16C/3.4G/205W/35.75M     ,
SSA7A70014,SP CLXR 6240R 24C/2.4G/165W/35.75M     ,
SSA7A70016,SP CLXR 6230R 26C/2.1G/150W/35.75M     ,
SSA7A70019,SP CLXR 5218R 20C/2.1G/125W/27.5M      ,
SSA7A70536,SP CLXR 4210T 10C/2.3G/95W/13.75M      ,
SSA7A69824,"SP Intel E2234 4C/8T,3.6G,71W,8M,U0    ",
SSA0X58362,SP Xeon W2275 3.3GHz/14C/19.25M 165W   ,
SSS0L24761,SSD SKH PC601 512G M.2 2280 PCIe OPAL   ,
SSA0U98775,SP Intel G5420T 3.2GHz/2C/4M 35W U0     ,
SM37A18990,MEMORY MTA36ASF4G72PZ2G6E1 32GB D426R ,
SM37A21459,MEMORY MTA36ASF4G72PZ3G2E7             ,
SSS7A43586,SSD I D5P4326 E1.L 15T SSD M1         ,
SSA7A57962,SP AMD ROME 7552  48C/2.2G/200W/192M   ,
SSA7A57966,SP AMD ROME 7272  12C/2.9G/120W/64M    ,
SM37A21452,MEMORY H HMA82GR7CJR8NXN 16GB D432R   ,
SSA0X61832,SP Xeon Bronze 3206R 1.9GHz/8C/11M 85W  ,
SSA7A57963,SP AMD ROME 7542  32C/2.9G/225W/128M   ,
SSA7A57965,SP AMD ROME 7282  16C/2.8G/120W/64M    ,
SSA0U55890,SP Xeon Gold 5215 2.5GHz/10C/13.75M 85W ,
SSA0Z21878,SP Intel i910900K 3.7GHz/10C/20M 125W  ,
SSA0Z21879,SP Intel i910900 2.8GHz/10C/20M 65W    ,
SSA7A70013,SP CLXR 6242R 20C/3.1G/205W/35.75M     ,
SSA7A70020,SP CLXR 4215R 8C/3.2G/130W/11M         ,
SSA0Z21882,SP Intel i710700 2.9GHz/8C/16M 65W     ,
SSS7A43459,"SSD 2.5"" SS540 400G Perf SAS SSD        ",
SSS7A43460,"SSD 2.5"" SS540 800G Perf SAS SSD        ",
SSS7A43461,"SSD 2.5"" SS540 1.6T Perf SAS SSD        ",
SSS7A43462,"SSD 2.5"" SS540 3.2T Perf SAS SSD        ",
SSA0U55882,SP Xeon Gold 5220 2.2GHz/18C/24.75M 125W,
SM37A21467,MEMORY S M393A2K40DB3CWE 16G 432 M1   ,
SM30W22314, EMORY 64GB D429R MTA36ASF8G72PZ2G9B2 ,
SSA7A69818,"SP Intel E2278G 8C/16T,3.4G,80W,16M,R0 ",
SSA7A70010,SP CLXR 6258R 28C/2.7G/205W/38.5M      ,
SM30R45314,MEMORY 64G D429R HMAA8GR7MJR4NWM      ,
SSA7A69823,"SP Intel E2236 6C/12T,3.4G,80W,12M,U0  ",
SSA7A69816,"SP Intel E2288G 8C/16T,3.7G,95W,16M,R0 ",
SM30N76579,MEMORY 8GB D4 32U MTA8ATF1G64AZ3G2J1   ,
SSA7A19319,SP ES2 33MB 300W 24c QU3J               ,
SSA7A78296,SP Intel CPX6 QS M1 B                  ,
SSA7A78297,SP Intel CPX6 QS M1 C                  ,
SM30N76666,MEMORY 8GB D4 26U LV26D4U9S8HJ8        ,
SSA7A57961,SP AMD ROME 7642  48C/2.3G/225W/256M   ,
SM30X79401,MEMORY 16GB D432U M378A2G43AB3CWE     ,
SM30X58968,MEMORY 64GB D432R M393A8G40AB2CWE     ,
SM37A68618,MEMORY H 32G 2Rx4 PC42933 1.2V M1A    ,
SM37A68616,MEMORY H 16G 1Rx4 PC42933 1.2V M1A    ,
SM37A68673,MEMORY H 32G 1RX4 PC42933 1.2V M1A    ,
SM30X58964,MEMORY 16GB D432R MTA18ASF2G72PDZ3G2E1,
SSA0X88589,SP Intel i310100 3.6GHz/4C/6M 65W      ,
SM37A21537,MEMORY H HMABAGR7A2R4NXS 128G D432R   ,
SSS7A23384,SSD PM983 M.2 960G NHS NVME SSD         ,
SSA7A75536,SP AMD ROME 7F72  24C/3.2G/240W/192M   ,
SSA7A75537,SP AMD ROME 7F52  16C/3.5G/240W/256M   ,
SSA7A75538,SP AMD ROME 7F32  8C/3.7G/180W/128M    ,
SSA0Z21883,SP Intel i710700T 2.0GHz/8C/16M 35W    ,
SSA0Z21893,SP Intel W1290 3.2GHz/10C/20M 80W      ,
SP27A44306,PAD PM983 Top Thermal Pad               ,
SP27A44307,PAD PM983 Bottom Thermal Pad            ,
SSS0L24752,SSD TOS BG4 128G M.2 2242 PCIe          ,
SM30N76637,MEMORY 16GB D4 32S M471A2K43DB1CWE     ,
SM37A68712,MEMORY MTA144ASQ16G72PSZ2S6E1 128G M1a ,
SSA0Z87121,SP AMD 3945WX 3.9GHz/12C/64M/280W       ,
SSA0Z87120,SP AMD 3955WX 3.8GHz/16C/64M/280W       ,
SSA0Z87119,SP AMD 3975WX 3.5GHz/32C/128M/280W      ,
SSA7A61839,SP CLX 5220R 18C/2.2G/125W/24.75M       ,
SSS0L25142,SSD INT NH 512G M.2 2280 PCIe QLC       ,
SSA0Z21889,SP Intel i710700F 2.9GHz/8C/16M 65W    ,
SSA7A69819,"SP Intel E2276G 6C/12T,3.8G,80W,12M,U0 ",
SM30W22295,MEMORY 16GB D429U HMA82GU6DJR8NWM     ,
SSS7A43167,SSD samsung PM1643a 15.36TB             ,
SSA7A57954,SP AMD ROME 7402  24C/2.8G/180W/128M   ,
SSS7A43483,SSD MTFDDAK960TDD1AT1ZABMA M1A        ,
SSA7A69817,"SP Intel E2286G 6C/12T,4.0G,95W,12M,U0 ",
SSA7A70015,SP CLXR 6238R 28C/2.2G/165W/38.5M      ,
SSS7A43182,SSD Int S4510 240G IPDC A2              ,
SSA0X88582,SP Intel i510500 3.1GHz/6C/12M 65W     ,
SM30W01808,MEMORY 8GB D429E M391A1K43DB2CVF      ,
SSA7A70018,SP CLXR 6208U 16C/2.9G/150W/22M        ,
SM30X58967,MEMORY 64GB D432R HMAA8GR7AJR4NXN     ,
SM37A21511,MEMORY MTA144ASQ16G72PSZ2S6E1Q 128G A2k,
SSA7A70457,SP AMD ROME 7662  64C/2.0G/225W/256M   ,
SM37A21337,MEMORY S M393A4G43AB3CWE 32GB D432R   ,
SSS7A75132,SSD Sam PM1735 6.4T AIC IPDC M1        ,
SSA0Z21886,SP Intel i910900KF 3.7GHz/10C/20M 125W ,
SSA0Z21891,SP Intel i510400F 2.9GHz/6C/12M 65W P1 ,
SSS7A75102,SSD CM6 NVME U.3 3.84T MS SED SSD       ,
SSS7A75103,SSD CM6 NVME U.3 7.68T MS SED SSD       ,
SSA7A40531,SP Intel G5500 3.8G/4M/2C4T/54W/2400    ,
SM30X79400,MEMORY 8GB D432U M378A1G44AB0CWE      ,
SM37A21259,MEMORY H HMABAGR7A2R4NXN 128G D432R   ,
SSS7A75125,SSD H PE6110 960G M.2 SSD M1A          ,
SM30W22305,MEMORY 16GB D432E MTA9ASF2G72AZ3G2B1  ,
SM30X79396,MEMORY 8GB D432E HMA81GU7DJR8NXNT0    ,
SSA1A09229,SP AMD Ryzen 7 4700G 3.6GHz/8C/8M/65W   ,
SSA1A09231,SP AMD Ryzen 3 4300G 3.8GHz/4C/4M/65W   ,
SM37A21509,MEMORY MTA72ASS8G72PSZ2S6E1Q 64G A2k   ,
SSS7A75133,SSD Sam PM1735 6.4T AIC IPDC M1A      ,
SSA7A69820,"SP Intel E2274G 4C/8T,4.0G,83W,8M,U0   ",
SM30N76576,MEMORY 8GB D4 XMP32U TMKU8G68DHFKB32X ,
SM30X79397,MEMORY 16GB D432E HMA82GU7DJR8NXNT0   ,
SSS0L24786,SSD WD SN530 512G 2242 PCIe3x4          ,
SSS0L24785,SSD WD SN530 256G 2242 PCIe3x4          ,
SSS0L25189,SSD UM AM620 256G M.2 2242 PCIe         ,
SSS0T22291,SSD SAM PM981a 1T M.2 PCIe 2280 SSD     ,
SSA0Z87118,SP AMD 3995WX 2.7GHz/64C/256M/280W      ,
SSA0W36783,SP AMD Ryzen 7 3700X 3.6GHz/8C/32M/65W  ,
SSA1A09234,SP AMD Ryzen 3 4300GE 3.5GHz/4C/4M/35W  ,
SM37A18988,MEMORY H HMA84GR7CJR4NVK 32GB D426R   ,
SM37A21514,MEMORY S M393A8G40AB2CWE 64GB D432R   ,
SSS7A43107,SSD samsung PM1735 AIC 1.6TB            ,
SSS7A43485,SSD PM1733 U.2 1.92T Entry HS SSD       ,
SSS7A43235,SSD CM6 NVME U.3 1.6T MS G4HS           ,
SSS0L25197,SSD SAM PM9A1 1T 2280 PPCIe4x4 OP      ,
SSS0L25195,SSD SAM PM9A1 256G 2280 PPCIe4x4 OP    ,
SM37A68708,MEMORY S M393A2K40DB2CVF 16G M1A      ,
SSA0W36785,SP AMD Ryzen 5 3600 3.6GHz/6C/32M/65W   ,
SSA1A09236,SP A Ryzen 5 PRO 4650G 3.7GHz/6C/8M/65W ,
SSA1A09230,SP AMD Ryzen 5 4600G 3.7GHz/6C/8M/65W   ,
SSA0Z48905,SP AMD Athlon Silver 3050GE 3.4GHz/2C/4M,
SM30N76701,MEMORY 8GB D4 32U HMA81GU6CJR8NXNN0    ,
SM30N76702,MEMORY 16GB D4 32U HMA82GU6CJR8NXNN0   ,
SSS7A43234,SSD U.2 PM983 960G Entry PCIe           ,
SM37A21513,MEMORY S M393A4G43AB3CWE 32GB D432R   ,
SSS7A43254,"M.2 NVME Solid State Drive, Lite-On AD2 960GB",
SSS7A43255,"M.2 NVME Solid State Drive, Lite-On AD2 960GB",
SSS7A43248,Samsung PM983 MZ1LB1T9HALS-000MV M.2 NVME 1.92T SSD,
SSS7A43360,Samsung PM983 MZ1LB960HAJQ-00AMV M.2 NVME 960G SSD,
SSS7A43362,Samsung PM983 MZ1LB1T9HALS-00AMV M.2 NVME 1.92T SSD,
SSS7A43358,Samsung PM963 MZ1LW960HMJP-000MR M.2 NVME 960G SSD,
SSS7A43359,Samsung PM963 MZ1LW960HMJP-000MR M.2 NVME 960G SSD,
SSS7A43251,Hynix PE4011 HFS1T9GD0FEH-6410A M.2 NVME 1.92T SSD,
SSS7A43252,Hynix PE4011 HFS1T9GD0FEH-6410A M.2 NVME 1.92T SSD,
SSS7A43369,Hynix PE6011 HFS1T9GD0FEH-A430A M.2 NVME 1.92T SSD,
SSS7A75124,H PE6110 960G M.2 SSD M1,
SSS7A43278,"Micron 5200 Pro MTFDDAK960TDD-1AT1ZABMB 2.5"" SATA 960G SSD",
SSS7A43364,"Samsung PM883 MZ7LH960HAJR-00AMV 2.5"" SATA 960G SSD",
SSS7A43365,"Samsung PM883 MZ7LH960HAJR-00AMV 2.5"" SATA 960G SSD",
SSS7A43486,SSD PM1733 U.2 3.84T Entry HS SSD       ,
SM37A68704,MEMORY MTA18ASF4G72PZ2G9E1 32G M1A    ,
SM30N76553,MEMORY 4GB D4 26U HMA851U6JJR6NVKN0    ,
SSA7A69834,"SP Intel G5620 2C/4T,4.0G,54W,4M,B0     ",
SSA0X88596,SP Intel G5920 3.5GHz/2C/2M 58W         ,
SSA0X88591,SP Intel G6600 4.2GHz/2C/4M 58W         ,
SSA0Z21880,SP Intel i910900T 1.9GHz/10C/20M 35W   ,
SSS7A23279,SSD M.2 5300 1.92T SATA NHS SSD         ,
SSS7A43479,SSD MTFDDAK3T8TDT1AW16ABYY IpdcI4      ,
SSS7A43477,SSD MTFDDAK960TDT1AW16ABYY IpdcI4      ,
SSS7A43206,"SSD 2.5"" 5300 3.84T MS SATA SSD         ",
SSA7A57967,SP AMD ROME 7252  8C/3.1G/120W/64M     ,
SSS7A75138,SSD WD 7.68T NVMe 2.5 SSD IPDC         ,
SM37A68622,MEMORY MTA36ASF4G72PZ2G6J1 32G M1a     ,
SSA1A09232,SP AMD Ryzen 7 4700GE 3.1GHz/8C/8M/35W  ,
SSA1A09239,SP A Ryzen 5 PRO 4650GE 3.3GHz/6C/8M/35W,
SM37A68620,MEMORY MTA18ASF2G72PZ2G6J1 16G M1a     ,
SM37A68589,MEMORY W LV29D4R1D4HJ32 32GB D429R    ,
SSS0L25188,SSD UM AM620 128G M.2 2242 PCIe         ,
SSS0L25190,SSD UM AM620 512G M.2 2242 PCIe         ,
SSS0U53615,SSD SAM PM881 512G 2.5 SATA SSD         ,
SSS0L25177,SSD SAM PM881 1T 2.5 OPAL               ,
SSA0Z21881,SP Intel i710700K 3.8GHz/8C/16M 125W   ,
SSA0Z48896,SP AMD Ryzen 5 3350G 3.6GHz/4C/4M/65W   ,
SSA0Z48901,SP A Athlon Gold PRO 3150G 3.5GHz/4C/4M ,
SSS7A43480,SSD MTFDDAK7T6TDS1AW16ABYY IpdcI4      ,
SSA0X88586,SP Intel i310320 3.8GHz/4C/8M 65W      ,
SSA0X88588,SP Intel i310300T 3GHz/4C/8M 35W       ,
SSA0X88587,SP Intel i310300 3.7GHz/4C/8M 65W      ,
SSS7A43122,SSD P5500 U.2 1.92T HS Entry NVME       ,
SSS7A43123,SSD P5500 U.2 3.84T HS Entry NVME       ,
SSS7A43224,SSD P5500 U.2 7.68T HS Entry NVME       ,
SSS7A43225,SSD P5600 U.2 1.6T MS HS NVME           ,
SSS7A43226,SSD P5600 U.2 3.2T MS HS NVME           ,
SSS7A43227,SSD P5600 U.2 6.4T MS HS NVME           ,
SSA7A57424,SP CLX 6238L 22C/2.1G/140W/30.25M       ,
SSA7A57422,SP CLX 6240L 18C/2.6G/150W/24.75M       ,
SM30N76580,MEMORY 16GB D4 32U MTA16ATF2G64AZ3G2J1 ,
SSA0Z21896,SP Intel W1270 3.4GHz/8C/16M 80W       ,
SSS7A43363,SSD S MZ1LB1T9HALS00AMV M1KrA        ,
SSS0L24784,SSD SKH PC611 1T 2280 PCIe3x4 OP        ,
SM30X22225,MEMORY MXIC MX25L12872FM2I10G          ,
SM30Z21898,MEMORY Winbond W25Q128JWSIQ             ,
SM30Z22005,MEMORY MXIC MX25U12872FM2I02            ,
SSS0L25196,SSD SAM PM9A1 512G 2280 PPCIe4x4 OP    ,
SSA7A70458,SP AMD ROME 7532  32C/2.4G/200W/256M   ,
SSA0V08339,SP AMD Athlon 300GE 3.4GHz/2C/4M/35W    ,
4SS7A69073,MTFDHAL7T6TDP1AT1ZABYY                 ,
SM37A68780,MEMORY MTA72ASS8G72LZ2G6B2 64G A2k    ,
SM30N76700,MEMORY 4GB D4 32U HMA851U6CJR6NXNN0    ,
SSA0X88598,SP Intel G5900T 3.2GHz/2C/2M 35W        ,
SM37A21428,MEMORY HMA81GR7CJR8NWMT 8G D429       ,
SSA1A09238,SP A Ryzen 7 PRO 4750GE 3.1GHz/8C/8M/35W,
SSA1A09237,SP A Ryzen 3 PRO 4350G 3.8GHz/4C/4M/65W ,
SSA1A09240,SP A Ryzen 3 PRO 4350GE 3.5GHz/4C/4M/35W,
SSA1A09235,SP A Ryzen 7 PRO 4750G 3.6GHz/8C/8M/65W ,
SSA0Z21892,SP Intel W1290P 3.7GHz/10C/20M 125W    ,
SSA7A71880,SP AMD ROME 7H12  64C/2.6G/280W/256M   ,
SSA0Z21884,SP Intel i510600K 4.1GHz/6C/12M 125W   ,
SM37A68747,MEMORY H HMABAGR7A2R4NXS 128G D432R   ,
SSA0Z48898,SP AMD Ryzen 5 3350GE 3.3GHz/4C/4M/35W  ,
SSS7A75131,SSD CM6 NVME U.3 800G MS SSD            ,
SSS7A43539,SSD I S4610 3.8T 2.5 SATA SSD I4        ,
SSS7A75155,SSD HFS3T8GD0FEIA430A 3.84T M.2 M1a    ,
SSA0Z21897,SP Intel W1250P 4.1GHz/6C/12M 125W     ,
SSS7A23392,SSD Int S4610 1.92T SATA SSD            ,
SM37A21530,MEMORY W LV29D4R1D4ME32 32GB D429R    ,
SSS0L24742,SSD WD SN720 2TB M.2 2280 PCIe OPAL     ,
SSA1A09233,SP AMD Ryzen 5 4600GE 3.3GHz/6C/8M/35W  ,
SSA7A69829,"SP Intel i39320 4C/4T,3.7G,62W,8M,B0   ",
SSA7A83190,SP SKL 8176M 28C/2.1G/165W/38.5M 4A2    ,
SSA7A83734,"SP CLX 8249C 26C/2.10G/150W/35.75M, M1  ",
SSA0Z21895,SP Intel W1270P 3.8GHz/8C/16M 125W     ,
SSA7A69836,SP Intel G5420T 2C/4T 3.2G 35W 4M U0,
SM30N76726,MEMORY 16GB D4 32U LMKUFG68AHFHD32A    ,
SM30X58966,MEMORY 32GB D432R M393A4K40DB3CWE     ,
SSS0L24789,SSD KIX BG4 128G 2242 PCIe3x2           ,
SSS0L24783,SSD SKH PC611 512G 2280 PCIe3x4 OP      ,
SM30X58963,MEMORY 16GB D432R HMA82GR7CJR8NXN     ,
SM37A68606,MEMORY W LV29D4R1D4MB64 64GB D429R    ,
SM37A21426,MEMORY 32GB USB Flash Drive             ,
SSS0V13671,SSD WD SN730 1T M.2 PCIe SSD            ,
SSS7A39329,"SSD Mic 5200MAX 1.92T 2.5"" SSD          ",
SSA7A69830,"SP Intel i39300T 4C/4T,3.2G,35W,8M,B0  ",
SSS7A43538,SSD I S4610 1.9T 2.5 SATA SSD I4        ,
SM37A68633,MEMORY HMAA8GL7CPR4NWM 64G A2          ,
SSS7A43439,"SSD 2.5"" 5300Max 3.84T MS SED SSD       ",
SM37A21447,MEMORY S M393A4G43AB3CWE 32GB D432R   ,
SM37A21238,MEMORY Barlow pass 128G                 ,
SM37A21239,MEMORY Barlow pass 256G                 ,
SSA0U55876,SP Xeon Gold 6244 3.6GHz/8C/24.75M 150W ,
SM37A68726,MEMORY HMABAGL7ABR4NWM 128G M1         ,
SM37A68728,MEMORY HMAA8GR7AJR4NWM 64G M1          ,
SM37A68615,MEMORY HMA82GR7DJR4NWM 16G M1          ,
SSA7A82139,"SP CLX 8280L 28C/2.7G/205W/38.5M, M1    ",
SSS7A43368,SSD H HFS960GD0FEGA430A M.2 M1a       ,
SSS7A23261,SSD I S4510 SATA M.2 960G IPDC          ,
SSS7A43223,"SD 2.5"" 5300 960GB EN SATA SSD SED     ",
SM37A68659,MEMORY S M393A4K40DB2CVF 32GB D429R   ,
SSS7A41524,SSD SSD 3.84TB SAS 512 PI2 1DWD         ,
SSS0L24782,SSD SKH PC611 256G 2280 PCIe3x4 OP      ,
SSS0L24813,SSD SKH BC711 512G 2242 PCIe3x4         ,
SM37A68706,MEMORY S M393A4K40DB2CVF 32G M1A      ,
SSS0L24788,SSD MIC 2210 512G 2280 PCIe3x4 QLC      ,
SM37A68759,MEMORY S M393A2K43DB3CWE 16GB D432R   ,
SM30N76725,MEMORY 8GB D4 32U LMKU8G68AHFHD32A,
SSS0L24812,SSD SKH BC711 256G 2242 PCIe3x4         ,
SSS0L25185,SSD UM AH640 256G M.2 2280 PCIe OPAL    ,
SSS0L25186,SSD UM AH640 512G M.2 2280 PCIe OPAL    ,
SM37A68729,MEMORY HMAA8GR7AJR4NWM 64G M1a         ,
SM37A18947,MEMORY MTA18ASF2G72PZ2G9E1 16GB D429R ,
SSS7A43311,SSD M 5300max 3.84T SATA 2.5 SSD        ,
SSA0Z21887,SP Intel i910900F 2.8GHz/10C/20M 65W   ,
SM37A68764,MEMORY S M393A8G40AB2CWE 64GB D432R   ,
SM37A68660,MEMORY S M393A4K40DB2CVF 32GB D429R   ,
SSS7A75117,SSD CM6 NVME U.3 3.84T MS SSD           ,
SSS7A75118,SSD CM6 NVME U.3 7.68T MS SSD           ,
SSA0V98141,SP Xeon W3265 2.7GHz/24C/33M 205W      ,
SSA0Y58700,SP Xeon Gold 6248R 3.0GHz/24C/35.75M205W,
SSA7A80655,SP CLX 5218N 16C/2.3G/110W/22M new      ,
SM37A68612,MEMORY S M393A8G40AB2CVF 64GB D429R   ,
SM37A68727,MEMORY HMABAGL7ABR4NWM 128G M1a        ,
SM37A68634,MEMORY HMAA8GL7CPR4NWM 64G A2k         ,
SM31A16630,MEMORY 8GB D432R MTA9ASF1G72PZ3G2E2   ,
SM37A19015,MEMORY S M393AAK40B42CWD 128GB D426R  ,
SSA7A78216,SP CPX6 6328H 16C/2.8G/165W/xxM        ,
SM30N76658,MEMORY 32GB D4 29ECS M474A4G43AB1CVF   ,
SSA7A57416,SP AMD ROME 7742 QS                     ,
SM37A68607,MEMORY S M393A4K40BB3CVF 32GB D429R   ,
SM30N76703,MEMORY 32GB D4 32U HMAA4GU6AJR8NXNN0   ,
SM37A21483,MEMORY H HMA81GR7CJR8NWMT 8GB D426R   ,
SM37A68594,MEMORY H HMA84GR7DJR4NWM 32GB D429R   ,
SM37A21364,MEMORY S M393A2K43DB3CWE 16G D432     ,
SM37A21449,MEMORY S M393A8G40AB2CWE 64GB D432R   ,
SSA7A78213,SP CPX6 8354H 18C/3.1G/205W/xxM        ,
SSS7A43527,SSD PM1733 U.2 3.84T Entry SED SSD      ,
SSS7A43528,SSD PM1733 U.2 7.68T Entry SED SSD      ,
SM30X79402,MEMORY 32GB D432U M378A4G43AB2CWE     ,
SM30X58969,MEMORY 128GB D432R3 M393AAG40M32CAE   ,
SM37A21312,MEMORY MTA36ASF4G72PZ2G9E2 32G D429   ,
SSS0P03439,SSD LIT CVB 1T 2.5 OPAL                 ,
SSS0P03437,SSD LIT CVB 512G 2.5 OPAL               ,
SM30M34523,MEMORY 128G D4T26 Intel DCPMM 999AVV   ,
SSA0Z48897,SP AMD Ryzen 5 PRO 3350G 3.6GHz/4C/4M   ,
SSA0Z87129,SP Intel G5905T 3.3GHz/2C/4M 35W        ,
SM37A21450,MEMORY S M393AAG40M32CAE 128G D432R  ,
SM37A21317,MEMORY S M393A8G40MB2CVF 64GB D429R  ,
SM37A21455,MEMORY H HMAA8GR7AJR4NXN 64GB D432R  ,
SM37A68674,MEMORY MTA36ASF8G72PZ2G9E1 64GB D429R ,
SSA0Z87127,SP Intel G5925 3.6GHz/2C/4M 58W         ,
SSA0Z48899,SP AMD Ryzen 5 PRO 3350GE 3.3GHz/4C/4M  ,
SSS0L25201,SSD MIC 2300 512G 2280 PCIe3x4 OP       ,
SSS7A43109,SSD samsung PM1735 AIC 6.4TB           ,
SSA7A85911,SP Intel ICX QS 8360Y QWM1             ,
SSD0L20409,SSD_ASM Intl Coldstream PCIe 2.5 1.5T  ,
SSS7A43331,SSD P4800X U.2 375G 60DWPD NVMe        ,
SM37A21369,MEMORY H HMAA4GR7AJR8NXN 32G D432R   ,
SM37A21252,MEMORY S M393A8G40AB2CWE 64GB D432R  ,
SSS7A43108,SSD samsung PM1735 AIC 3.2TB           ,
SM37A21315,MEMORY S M393A2K43CB2CVF 16GB D429R  ,
SSA7A78215,SP CPX6 6348H 24C/2.3G/165W/xxM       ,
SSS7A75177,SSD HFS15T3DGLX070N E1.L 15.36T M1     ,
SM30N76652,MEMORY 16GB D4 32U MTA8ATF2G64AZ3G2E1  ,
SM30X79394,MEMORY 16GB D432U HMA82GU6DJR8NXNN0   ,
SM30N76648,MEMORY 16GB D4 32S RMSA3330MJ78HBF3200 ,
SSA0X88593,SP Intel G6500T 3.5GHz/2C/4M 35W        ,
SSS7A75113,SSD U.2 PM1733 7.68T EN NVMe SSD       ,
SM37A21291,MEMORY H HMAA8GL7CPR4NWMT 64GB D429LR,
SSA7A89685,SP AMD MILAN PR 7713 B1 for Roblox     ,
SM37A68761,MEMORY S M393A4K40DB3CWE 32GB D432R  ,
SM37A68611,MEMORY S M393A8G40AB2CVF 64GB D429R  ,
SSA7A89879,SP Intel ICX QS 8360Y QXBZ             ,
SSS7A43220,SSD M.2 5300 960G NHS SED SSD          ,
SM37A68645,MEMORY H HMA84GR7DJR4NXN 32GB D432R  ,
SM37A68763,MEMORY S M393A4G43AB3CWE 32GB D432R  ,
SM37A19012,MEMORY S M393A8K40B22CWD 64GB D426R  ,
SM37A21334,MEMORY Barlow pass 256G(QS)            ,
SSA7A85896,SP Intel ICX QS 6314U QWMB             ,
SSA7A85897,SP Intel ICX QS 6330N QWLP             ,
SSA7A85899,SP Intel ICX QS 6330 QWMC              ,
SSA7A85900,SP Intel ICX QS 6338 QWN3              ,
SSA7A85901,SP Intel ICX QS 6338N QWM6             ,
SSA7A85904,SP Intel ICX QS 8352Y QWM3             ,
SSA7A85907,SP Intel ICX QS 6346 QWMD              ,
SSS7A75176,SSD S MZ1LB960HBJR00AMV M.2 M1a       ,
SSS7A83741,"SSD ST 2.5"" N 3732 1.6TB PF SAS SSD L2  ",
SSS7A83744,"SSD ST 2.5"" N 3732 800GB PF SAS SSD L2  ",
SSS7A83747,"SSD ST 2.5"" N 3732 400GB PF SAS SSD L2  ",
SSA7A83307,SP AMD MILAN 32C/280W/3.23.3G/256M     ,
SSA7A83303,SP AMD MILAN 24C/180W/2.552.65G/128M   ,
SSA7A83305,SP AMD MILAN 16C/155W/2.93.0G/256M     ,
SSA7A78211,SP CPX6 8360H 24C/2.9G/225W/33M        ,
SSS7A83752,"SSD ST 2.5"" N 3732 800GB PF SAS SED L2  ",
SM30W22311,MEMORY 64GB D429R HMAA8GR7AJR4NWM     ,
SSS0L68742,SSD MIC 2100AI 512G 2230 WTPCIe3X4 OPAL,
SSS0L25199,SSD SAM PM9A1 2T 2280 PPCIe4x4 OP      ,
SSS0L24811,SSD SKH BC711 128G 2242 PCIe3x4         ,
SSS0L24816,SSD SKH PC711 256G 2280 PCIe3x4 OP      ,
SSS0L24817,SSD SKH PC711 512G 2280 PCIe3x4 OP      ,
SSS0L24787,SSD WD SN530 1T 2242 PCIe3x4            ,
SM30N76776,MEMORY 8GB D4 32S M471A1K43EB1CWE      ,
SM30N76778,MEMORY 8GB D4 32U M378A1K43EB2CWE      ,
SM30N76728,MEMORY 16GB D4 32S M471A2G43AB2CWE     ,
SSA1C10926,SP Intel i511400 2.6GHz/6C/12M 65W     ,
SSA1C10923,SP Intel i711700 2.5GHz/8C/16M 65W     ,
SSA1C10922,SP Intel i911900 2.5GHz/8C/16M 65W     ,
SSA0Z87128,SP Intel G5905 3.5GHz/2C/4M 58W         ,
SSA1C10966,SP Intel i310325 3.9GHz/4C/8M 65W      ,
SSA1C10973,SP Intel i310305T 3.0GHz/4C/8M 35W     ,
SSA1C10919,SP Intel i911900K 3.5GHz/8C/16M 125W   ,
SSA1C10924,SP Intel i511600 2.8GHz/6C/12M 65W     ,
SSA1C10925,SP Intel i511500 2.7GHz/6C/12M 65W     ,
SSA1C10932,SP Intel i911900KF 3.5GHz/8C/16M 125W  ,
SSA1C10936,SP Intel i711700F 2.5GHz/8C/16M 65W    ,
SSA1C10967,SP Intel i310305 3.8GHz/4C/8M 65W      ,
SSA1C10968,SP Intel i310105 3.7GHz/4C/6M 65W      ,
SSA1C10920,SP Intel i711700K 3.6GHz/8C/16M 125W   ,
SSA1C10931,SP Intel i511400T 1.3GHz/6C/12M 35W    ,
SSA1C10933,SP Intel i711700KF 3.6GHz/8C/16M 125W  ,
SM30N76744,MEMORY 16GB D4 32S HMAA2GS6CJR8NXNN0   ,
SM30N76745,MEMORY 32GB D4 32S HMAA4GS6CJR8NXNN0   ,
SM37A21382,MEMORY S M393A4K40CB2CVF 32G T5 B&S    ,
SSS7A43141,SSD Int S4510 480G 2.5 SATA T5 AVAP     ,
SSS7A23380,SSD Int P4610 6.4TB U.2 SSD for IPDC    ,
SSA0Z21885,SP I i510400 2.9GHz/6C/12M 65W Q0 SRH78,
SSA1C10930,SP Intel i511500T 1.5GHz/6C/12M 35W    ,
SSA0Y58701,SP Xeon Gold 6258R 2.7GHz/28C/38.5M 205W,
SM30W22310,MEMORY 32GB D429R HMA84GR7DJR4NWM     ,
SM30N76785,MEMORY 8GB D4 32U MTA8ATF1G64AZ3G2E1   ,
SSA1C10928,SP Intel i711700T 1.4GHz/8C/16M 35W    ,
SSS7A75135,SSD WD 960G NVMe 2.5 SSD IPDC          ,
SSS7A75242,SSD S MZ1LB1T9HBLS00AMV 1.92T M1a      ,
SSA7A85918,SP ICX 6338 32C/2.0G/205W               ,
SP18D01923,carton sealing label_Top,
SP18D01919,color box Sealing label,
SP18D01920,Rating label,
SP18D01921,OPP film,
SP18D01903,Color Box_Out box,
SP18D01904,Color Box_Out box_2nd,
SP18D01905,Color Box_Inner box,
SP18D01906,Color Box_Inner box_2nd,
SP18D01908,Selling label 1,
SP18D01909,Selling label 2,
SP18D01912,SWSG EN/FR/ES_US,
SP18D03472,Warning label_English,
SC28C60966,Kingcome KAG6B5FF 5M GC5035 S0577A 30pin,
SC28C47381,QtechF4H7YAZ:4H7:Sunny3857A:GX8829:30pin,
S948D01015,LCM FPC_assy,
S948D01021,LINK FPC,
S948D01023,MIC FPC_assy1,
S948D01029,Motor_flat_10*3.0,
S948D01034,Down BOX assy_2nd,
S948D01044,MIC FIXED holder,
S948D01050,POW+VOL BUTTON_IRON GY,
S948D01052,card slot_IRON GY,
S948D01056,screw_M1.4_teflon paste,
S948D01059,Warranty label,
S948D01062,UP BOX elec_fabric,
SM37A68669,MEMORY S M393A4K40DB2CVF 32G T5 AVAP   ,
SM37A21384,MEMORY MTA36ASF4G72PZ2G9E2 32G T5 B&S  ,
SSS7A43215,SSD HFS480G32FEH7410A 480G 2.5 CSP     ,
SSA7A85946,SP ICX 6314U 32C/2.3G/205W              ,
SSA7A85934,SP ICX 6346 16C/3.1G/205W               ,
SSA7A85920,SP ICX 6330 28C/2.0G/205W               ,
SSS7A75294,SSD S MZ1LB3T8HALA00AMV 3.84T M1a      ,
SSA7A83276,SP AMD MILAN PR B1 64C225W             ,
SSA7A83279,SP AMD MILAN PR B1 32C225W             ,
SSA7A78217,SP CPX6 5320H 20C/2.4G/150W/xxM        ,
SM37A21379,MEMORY S M393ABG40M5BCYF 256G AWSK    ,
SM37A21383,MEMORY HMA84GR7CJR4NWM 32G T5 AVAP     ,
SSA7A82075,SP CPX6 6330H 24C/2.0G/150W/33M        ,
SM30X79403,MEMORY 8GB D432E M391A1K43DB2CWE      ,
SSA1C10927,SP Intel i911900T 1.5GHz/8C/16M 35W    ,
SSA1C10974,SP Intel i310105T 3.0GHz/4C/6M 35W     ,
SSA0Z48904,SP Athlon Silver PRO 3125GE 3.4GHz/2C/4M,
SSA1C10937,SP Intel i511400F 2.6GHz/6C/12M 65W    ,
SM30W22309,MEMORY 16GB D429R HMA82GR7DJR8NWM     ,
SSA1C95792,SP A Ryzen 5 PRO 5650G 3.9GHz/6C/16M/65W,
SSA1C95791,SP A Ryzen 7 PRO 5750G 3.8GHz/8C/16M/65W,
SSA0X88597,SP Intel G5900 3.4GHz/2C/2M 58W         ,
SSS0L24790,SSD KIX BG4 256G 2242 PCIe3x4           ,
SSS0L24791,SSD KIX BG4 512G 2242 PCIe3x4           ,
SSA7A83294,SP AMD MILAN 7713 64C/225W/2.0G/256M    ,
SSA7A83297,SP AMD MILAN 7543 32C/225W/2.8G/256M    ,
SSA7A83293,SP AMD MILAN 7763 64C/280W/2.45G/256M   ,
SSA7A78209,SP CPX6 8380H 28C/2.9G/250W/xxM        ,
SSS7A75114,SSD U.2 PM1733 15.36T EN NVMe SSD       ,
SSA7A56283,"SP CLX 8255C 24C/2.5G/165W/??M, AVAP    ",
SSA0U55896,SP Xeon Silver 4209T 2.2GHz/8C/11M 70W  ,
SSS0L24794,SSD KIX XG7 1T  2280 PPCIe4x4 OP       ,
SSA1C18574,SP Intel W1390P 3.5GHz8C16M 125W     ,
SSA1C18579,SP Intel W1350 3.3GHz6C12M 80W       ,
SSA1C95793,SP A Ryzen 3 PRO 5350G 4.0GHz4C8M65W ,
SM30N76791,MEMORY 8GB D4 32U RMUA5200ME78HAF3200  ,
SSS0L68741,SSD MIC 2100AI 256G 2230 WTPCIe3X4 OPAL,
SSA1C86619,SP AMD Ryzen 5 5600G 3.9GHz/6C/16M 65W  ,
SM37A21258,MEMORY S M393AAG40M32CAE 128GB D432R  ,
SM37A21316,MEMORY S M393A4K40CB2CVF 32GB D429R   ,
SM37A68671,MEMORY MTA18ASF4G72PDZ2G9E1 32G D429  ,
SSA7A78210,SP CPX6 8376H 28C2.6G205WxxM        ,
SSS7A23399,SSD Intel S4610 7.68T MS HS SSD         ,
SSS7A43478,SSD MTFDDAK1T9TDT1AW16ABYY IpdcI4      ,
SSS7A75300,SSD MTFDHBE960TDF1AW42ABYY CSP         ,
4SS7A76676,S0910384224EUF8                         ,
SSS0L24818,SSD SKH PC711 1T 2280 PCIe3x4 OP        ,
SM30N76646,MEMORY 4GB D4 32S RMSA3310MJ86H9F3200  ,
SM30N76662,MEMORY 32GB D4 29ECS HMAA4GS7AJR8NWMT0 ,
SSA7A56284,"SP CLX 6231 16C/3.2G/185W/??M, AVAP     ",
SSA0Z48903,SP A Athlon Gold PRO 3150GE 3.3GHz/4C/4M,
SM30N76777,MEMORY 16GB D4 32S M471A2K43EB1CWE     ,
SM31C42336,MEMORY 32GB D432R MTA36ASF4G72PZ3G2J3 ,
SM30X58965,MEMORY 32GB D432R HMA84GR7CJR4NXN     ,
SSS0L25200,SSD MIC 2300 256G 2280 PCIe3x4 OP       ,
SM30N76732,MEMORY 4GB D4 32U RMUA5190MJ86H9F3200  ,
SM37A84644,MEMORY S M393A8G40AB2CVF 64GB D429R   ,
SM37A68644,MEMORY H HMA82GR7DJR8NXN 16GB D432R   ,
SM37A68788,MEMORY NT32GA72D4NBX3PHR IPDC M1a      ,
SM30N76779,MEMORY 16GB D4 32U M378A2K43EB1CWE     ,
SM30W01805,MEMORY 16GB D429R M393A2K43DB2CVF     ,
SM31C42334,MEMORY 16GB D432R M393A2K43DB3CWE     ,
SSA1C12796,SP AMD Ryzen 7 5800 3.4GHz/8C/32M/65W   ,
SSS0L25231,SSD SAM PM991a 128G 2242 PCIe3x4        ,
SSS0L25234,SSD SAM PM991a 1T 2242 PCIe3x4          ,
SSS0L25232,SSD SAM PM991a 256G 2242 PCIe3x4        ,
SSS0L25233,SSD SAM PM991a 512G 2242 PCIe3x4        ,
SSS0Z46564,SSD SAM PM9A1 1T M.2 PCIe 2280 SSD      ,
SSA7A83310,SP AMD MILAN 72F3 8C/180W/3.7G/256M    ,
SSA7A78218,SP CPX6 5318H 18C/2.5G/150W/xxM       ,
SP18D01911,HQ60407203002_Warning label_US&CA,
SM30N76730,MEMORY 16GB D4 32S RMSA3320ME88HBF3200 ,
SM30N76727,MEMORY 8GB D4 32S M471A1G44AB0CWE      ,
SM30N76821,MEMORY 8GB D4 32U RMUA5200MJ78HAF3200  ,
SSA1C86618,SP AMD Ryzen 7 5700G 3.8GHz/8C/16M 65W  ,
SSA7A56510,SP CLX 6231 16C/3.2G/185W/??M           ,
SSS7A43236,SSD CM6 NVME U.3 3.2T MS G4HS           ,
SM37A90935,MEMORY W LV32D4R2D4ME64 64GB D429R    ,
SM37A85754,MEMORY W LV29D4R1D4ME64 64GB D429R    ,
SSA7A83309,SP AMD MILAN 73F3 16C/240W/3.5G/256M    ,
SSA7A95482,SP AMD 7763 64C/280W/2.45G/256M DEPO    ,
SSS7A83725,"1SD ST 2.5"" N 3732 3.2TB PF SAS SSD L2  ",
SSS7A23272,SSD M.2 CVB 128GB SATA NHS SSD          ,
SSS7A43247,SSD Intel P4511 EDSFF 4T HS SSD         ,
SM37A21444,MEMORY S M393A2K43DB3CWE 16GB D432R   ,
SSS7A70491,"SSD 2.5"" SAS Kioxia PM6 1.6TB FIPS DE   ",
SSS7A75153,SSD HFS1T9GD0FEIA430A 1.92T M.2 M1a    ,
SSA7A95334,SP ICX XXXX 32C/2.8G/270W RKHC M1       ,
SM37A68884,MEMORY MTA36ASF8G72PZ3G2B2 64G M1      ,
SSA7A85933,SP ICX 6354 18C/3.0G/205W               ,
SSS7A75319,SSD WUS4AB0A1D9ELE7 15.36T E1.L M1      ,
SM30N76647,MEMORY 8GB D4 32S RMSA3320MJ78HAF3200  ,
SSA0Y58703,SP Xeon Silver 4215R 3.2GHz/8C/11M 130W ,
SSA7A83306,SP AMD MILAN7313P 16C/155W/3.0G/128M/1P ,
SSA7A83295,SP AMD MILAN7713P 64C/225W/2.0G/256M/1P ,
SSA7A83299,SP AMD MILAN 7513 32C/200W/2.6G/128M    ,
SSA7A83302,SP AMD MILAN7443P 24C/200W/2.85G/128M1P ,
SM37A21473,MEMORY HMA84GR7CJR4NXN 32G M1          ,
SM37A21477,MEMORY HMAA8GR7AJR4NXN 64G M1          ,
SSS7A75317,SSD HFS3T8GEEWX091N 3.84T E1.S M1       ,
SM37A68878,MEMORY HMA82GR7DJR4NXN 16G M1          ,
SM37A68880,MEMORY HMA84GR7DJR4NXN 32G M1          ,
SSA7A94357,SP ICX 8347C 36C/2.1G/210W M1           ,
SSA7A83304,SP AMD MILAN 7343 16C/190W/3.2G/128M    ,
SSA7A86692,SP AMD MILAN 7643 48C/225W/2.3G/256M    ,
SSA7A83296,SP AMD MILAN 7663 56C/240W/2.0G/256M    ,
SSA7A83301,SP AMD MILAN 7443 24C/200W/2.85G/128M   ,
SSA7A83298,SP AMD MILAN7543P 32C/225W/2.8G/256M/1P ,
SSA7A83308,SP AMD MILAN 74F3 24C/240W/3.2G/256M    ,
SSA7A83300,SP AMD MILAN 7453 28C/225W/2.8G/64M     ,
SM37A68767,MEMORY MTA18ASF4G72PZ3G2E1 32G M1      ,
SSS7A43309,SSD M 5300max 960G SATA 2.5 SSD         ,
SSS7A43330,SSD P4800X U.2 750G 60DWPD NVMe         ,
SSA7A85936,SP ICX 6326 16C/2.9G/185W               ,
SSA7A85937,SP ICX 5317 12C/3.0G/150W               ,
SSS0L68745,SSD KIX AG1 512G 2230 WTPCIe3X2        ,
SM31D07549,MEMORY Winbond W25R256JVEIN             ,
SSA1B97328,SP AMD Ryzen 9 5900X 3.7GHz/12C/64M/105W,
SSS0L24821,SSD KIX XG7 256G 2280 PPCIe4x4 OP      ,
SSS0L24793,SSD KIX XG7 512G 2280 PPCIe4x4 OP      ,
SSS0L68744,SSD KIX AG1 256G 2230 WTPCIe3X2        ,
SSS7A92193,SSD S MZ1L2960HCJR00AMV 1T M.2 M1     ,
SSS7A92197,SSD S MZCL21T9HCJR00AMV 2T E1.S M1    ,
SM30N76657,MEMORY 16GB D4 29ECS M474A2K43DB1CVF   ,
SSS7A43237,SSD CM6 NVME U.3 6.4T MS G4HS           ,
SSS7A75332,SSD MTFDHBE3T8TDF1AW1ZABYY 2.5 CSP     ,
SSS7A75335,SSD MTFDHBE7T6TDF1AW1ZABYY 2.5 CSP     ,
SM37A68613,MEMORY MTA18ASF2G72PDZ3G2E1 16G D432  ,
SM37A68592,MEMORY H HMA82GR7DJR4NWM 16GB D429R   ,
SM37A96619,MEMORY M MTC40F2046S1RC48BAQ 64G M1     ,
SM37A95328,MEMORY H HMCG94MEBRA 64G 2RX4 M1        ,
SM37A96533,MEMORY HMCG84MEBRA 32G 1RX4 M1          ,
SSS7A75323,SSD HFS960GDE0X089N 960G M.2 M1         ,
SSS7A75316,SSD HFS1T9GEEWX091N 1.92T E1.S M1       ,
SM37A92192,MEMORY M MTC20F1045S1RC48BAQ 32G M1     ,
SSA7A85919,SP ICX 6336Y 24C/2.4G/185W              ,
SSA7A85927,SP ICX 8380 40C/2.3G/270W               ,
SSA7A90409,SP 350W CPU (PreES2)-EVT,
SW10A11648,WIRELESS CBT 8821AE 1*1ac+BT PCIE M.2   ,
SW10K97462,WIRELESS CBT 8821CE M.2 WLAN            ,
SW10M73303,WIRELESS CBT 8822CEVS PCIE M.2 WLAN    ,
SW10K97533,WIRELESS Cybertan RTL8822BE M2 WLAN     ,
SW10T06465,WIRELESS Fibocom L850GL DT Nano        ,
SW10T06409,WIRELESS Fibocom L850-GL Knockout,
SW10M73273,WIRELESS Fibocom L850GL WAN Module     ,
SW10T06491,WIRELESS Fibocom L860 V2 FW,
SW10M73281,WIRELESS Fibocom L860-GL WAN Module,
SW10K97523,WIRELESS Foxconn NXP NPC300 NFC         ,
SW10K97510,WIRELESS Foxconn RTL8822BE M2 FCC       ,
SW10K97464,WIRELESS Foxconn RTL8822BE M2 WLAN      ,
SW10M73301,WIRELESS Foxconn RTL8822CE M2 WLAN      ,
SW10H24480,WIRELESS Intel 18260 Vpro M2            ,
SW10H24545,WIRELESS Intel 18260 Vpro MP RF M2      ,
SW10M73307,WIRELESS Intel 22260 NV M2 WLAN         ,
SW10M73288,WIRELESS Intel 22560 NV M2 WLAN         ,
SW10H24486,WIRELESS Intel 3165 1x1ac+BT M2 Combo   ,
SW10A11646,WIRELESS Intel 8260 ac+BT PCIE NV M2    ,
SW10H24538,WIRELESS Intel 8260 MidPower NV M2     ,
SW10H24534,WIRELESS Intel 8260 MidPower Vpro M2   ,
SW10A11654,WIRELESS Intel 8260 Vpro M2             ,
SW10K97476,WIRELESS Intel 8265 Mid Power NV M2     ,
SW10K97474,WIRELESS Intel 8265 Mid Power Vpro M2   ,
SW10K97453,WIRELESS Intel 8265 NV M2 WLAN          ,
SW10K97446,WIRELESS Intel 8265 Vpro M2 WLAN        ,
SW10M73241,WIRELESS Intel 9260 NV M2 WLAN          ,
SW10M73247,WIRELESS Intel 9260 vPro M2 WLAN        ,
SW10T06492,WIRELESS Intel 9260 vPro M2 WLAN WT,
SW10T06493,WIRELESS Intel 9260 vPro NVM2WLAN WT    ,
SW10M73276,WIRELESS Intel 9462 NV M2 WLAN          ,
SW10T06446,WIRELESS Intel 9560 80M NV M2 WLAN      ,
SW10M73238,WIRELESS Intel 9560 NV M2 WLAN          ,
SW10M73244,WIRELESS Intel 9560 vPro M2 WLAN        ,
SW10T06453,WIRELESS Intel AX201 NV M.2 WLAN O,
SW10T06451,WIRELESS Intel AX201 VP M2 WLAN NO      ,
SW10M73287,WIRELESS Intel AX201 vPro M.2 WLAN      ,
SW10A11503,WIRELESS Intel WP2 ac HMC Fix           ,
SW10A11496,WIRELESS Intel WP2 ac M.2 Fix           ,
SW10A11504,WIRELESS Intel WP2 bgn HMC Fix          ,
SW10G69297,WIRELESS Liteon 8821AE 1*1ac+BT4.0 M.2  ,
SW10K97509,WIRELESS Liteon RTL8822BE M2 FCC        ,
SW10M73300,WIRELESS Liteon RTL8822CE M2 WLAN       ,
SW10T06502,WIRELESS Liteon RTL8852AE M2 WLAN,
SW10A11630,WIRELESS LTN NFA344 M.2 V2,
SW10K97465,WIRELESS LTN NFA344A M2 WLAN            ,
SW10K97461,WIRELESS LTN NFA435A M2 WLAN            ,
SW11A40356,WIRELESS Quectel EM160R-GL WWAN DT,
SW10A08325,WIRELESS Realtek RTL8192EE 2*2bgn+BT4 ,
SW10A08326,WIRELESS Realtek RTL8192EE 2*2bgn+BT4 ,
SW10T06412,WIRELESS RF Ideas OEM805X2BXULNV      ,
SW10K97531,WIRELESS Sierra EM7455 Raven2           ,
SW10H24567,WIRELESS Sierra EM7455 Yoga             ,
SW10H24555,WIRELESS VZW 4FF Nano SIM               ,
SM37A21254,MEMORY MTA36ASF8G72PZ3G2E1 64GB D432R ,
SM37A21474,MEMORY HMA84GR7CJR4NXN 32G M1a         ,
SM37A21478,MEMORY HMAA8GR7AJR4NXN 64G M1a         ,
SM37A68879,MEMORY HMA82GR7DJR4NXN 16G M1a         ,
SM37A68881,MEMORY HMA84GR7DJR4NXN 32G M1a         ,
SSS7A75137,SSD WD 3.84T NVMe 2.5 SSD IPDC         ,
SSS7A96616,SSD H HFS960GDE0X098N 960G M.2 M1       ,
SSA7A85930,SP ICX 8358 32C/2.6G/250W               ,
SW17A47037,WIRELESS WiFi/BT combo module,
SM31B63206,MEMORY MXIC MX77L25650FZ4I42,
SSA0Y58697,SP Xeon Gold 6240R 2.4GHz/24C/35.75M165W,
SSS7A23287,SSD N600Si 1.92T NHS M.2 SSD            ,
SSA7A85928,SP ICX 8368 38C/2.4G/270W               ,
SSS7A43316,SSD M 5300pro 960G SATA 2.5 SSD         ,
SSS7A75297,SSD MTFDHBE960TDF1AW1ZABYY CSP         ,
SSA7A85924,SP ICX 4314 16C/2.4G/135W               ,
SM37A85851,MEMORY H HMAA8GR7CJR4NXN 64GB D432R   ,
SSA7A85931,SP ICX 6348 28C/2.6G/235W               ,
SSS7A81281,"SSD 2.5"" SAS SM PM1643a 7.68TB DE Dumy  ",
SM30N76770,MEMORY 8GB D4 32UH LV32D4U2S8HD8X      ,
SM31C77158,MEMORY MXIC MX77U25650FZ4I42            ,
SM37A21354,MEMORY MTA18ASF2G72PZ2G9E1 16G D429  ,
SSS7A43488,SSD MTFDHAL15T3TDP1AT1ZABYY U.2       ,
SM37B00223,MEMORY M MTC40F2046S1RC48BA1 64G M1     ,
SM37A96618,MEMORY M MTC20F1045S1RC48BA1 32G M1    ,
SSA7A85921,SP ICX 5320 26C/2.2G/185W              ,
SM37A21507,MEMORY MTA18ASF2G72AZ2G6E2 16GB D426E,
SSA7A85926,SP ICX 4309Y 8C/2.8G/105W               ,
SSA7A85944,SP ICX 5320T 20C/2.3G/150W             ,
SM37A21493,MEMORY MTA18ASF2G72PDZ2G9E1 16G D426R,
SSA7A85925,SP ICX 4310 12C/2.1G/120W              ,
SM37A88757,MEMORY S M393A4K40EB3CWE 32GB D432R  ,
SSA7A85922,SP ICX 5318Y 24C/2.1G/165W             ,
SSA7A85923,SP ICX 4316 20C/2.3G/150W              ,
SSA7A85932,SP ICX 6342 24C/2.8G/230W              ,
SSA7A85935,SP ICX 6334 8C/3.6G/165W               ,
SSA7A85938,SP ICX 5315Y 8C/3.2G/140W              ,
SM37A91215,MEMORY MTA36ASF4G72PZ3G2J3 32G M1a    ,
SSA7B00938,SP AMD MILAN 7643 48C/225W/2.3G/256M M1,
SSA7A85940,SP ICX 6338N 32C/2.2G/185W             ,
SSA7A85941,SP ICX 6330N 28C/2.2G/165W             ,
SM37A91203,MEMORY HMAA4GR7CJR4NXN 32G 1RX4 M1    ,
SSS7A75339,SSD MZ1L23T8HBLA00AMV 3.84T M1        ,
SSS0L25217,SSD UM AM630 512G 2280 VPCIe4x4 OPAL   ,
SSS0L68750,SSD WD IXSN530 1T 2230 WTPCIe3X4       ,
SSS0L68748,SSD WD IXSN530 256G 2230 WTPCIe3X4     ,
SSS0L68749,SSD WD IXSN530 512G 2230 WTPCIe3X4     ,
SSA1C95795,SP A Ryzen5 PRO 5650GE 3.4GHz/6C/16M/35W,
SW10T06504,WIRELESS FXN SDX55 sub6 DT              ,
SSA7A69837,"SP Intel G5420 2C/4T,3.8G,54W,4M,U0    ",
SM37A85975,MEMORY MTA18ASF2G72PDZ3G2E1 16D432R  ,
SM37A21370,MEMORY MTA18ASF4G72PDZ3G2E1 32GB D432R,
SM37B01846,MEMORY HMCG84MEBRAMP 32G 1RX4 M1a     ,
SSS7B01847,SSD H HFS960GDE0X098N 960G M.2 M1a     ,
SSS7B01852,SSD S MZCL21T9HCJR00AMV 2T E1.S M1a   ,
SM37A68713,MEMORY S M393A4G43AB3CWE 32G D432    ,
SM37A90002,MEMORY W LV32D4R2D4ME64 64GB D432R   ,
SM37B01858,MEMORY M MTC40F2046S1RC48BA1 64G M1a   ,
SM37B01859,MEMORY M MTC20F1045S1RC48BA1 32G M1a   ,
SSA7A85942,SP ICX 5318N 24C/2.1G/150W             ,
SM31A29648,MEMORY 64GB D432R MTA36ASF8G72PZ3G2E1 ,
SM30N76771,MEMORY 16GB D4 32UH LV32D4U2S8ME16X    ,
SM30N76644,MEMORY 16GB D4 32S MTA8ATF2G64HZ3G2E1  ,
SSS7A43426,SSD M 5300 960G SATA M.2 SSD IPDC     ,
SM37A96001,MEMORY 128GB 3200 Intel Optane PMEM    ,
SM37A18972,MEMORY H HMA81GU6CJR8NVK 8GB D426U   ,
SM30X79399,MEMORY 4GB D432U M378A5244CB0CWE      ,
SSA1C86620,SP AMD Ryzen 3 5300G 4.0GHz/4C/8M 65W   ,
SSA1C95796,SP A Ryzen 3 PRO 5350GE 3.6GHz/4C/8M/35W,
SM30X79393,MEMORY 8GB D432U HMA81GU6DJR8NXNN0    ,
SSA1C10976,SP Intel G6405T 3.5GHz/2C/4M 35W        ,
SSA1C95794,SP A Ryzen7 PRO 5750GE 3.2GHz/8C/16M/35W,
SW10T06470,WIRELESS Intel AX210 2230               ,
SM30N76743,MEMORY 8GB D4 32S HMAA1GS6CJR6NXNN0    ,
S948D24593,HQ20901523001_Bat_BTB_steel_2nd,
S948D24598,HQ20901528001_POGO PIN_STEEL_2nd,
S948D24597,HQ20901527001_SIDE_KEY_STEEL_2nd,
S948D24595,HQ20901525001_AUDIO_JACK_BTB_STEEL_2nd,
S948D24596,HQ20901526001_USB_BTB_STEEL_2nd,
S948D24594,HQ20901524001_LCD_BTB_STEEL_2nd,
SM30W01804,MEMORY 8GB D429R M393A1K43DB1CVF      ,
SM31C92518,MEMORY 8GB D432R M393A1K43DB2CWE      ,
SM37A98031,MEMORY MTA18ASF2G72PDZ3G2R1 16GB D432R,
SSA7A80818,SP CPX6 8360HL 24C/2.9G/225W/33M       ,
SSS7A43185,"SSD 2.5"" S4520 480G Entry SATA HS SSD   ",
SSS7A43186,"SSD 2.5"" S4520 960G Entry SATA HS SSD   ",
SSS7A43187,"SSD 2.5"" S4520 1.92T Entry SATA HS SSD  ",
SSS7A43189,"SSD 2.5"" S4520 3.84T Entry SATA HS SSD  ",
SSS7A43192,"SSD 2.5"" S4620 480G MS SATA HS SSD      ",
SSS7A43193,"SSD 2.5"" S4620 960G MS SATA HS SSD      ",
SSS7A43194,"SSD 2.5"" S4620 1.92T MS SATA HS SSD     ",
SSS7A43195,"SSD 2.5"" S4620 3.84T MS SATA HS SSD     ",
SM37B01856,MEMORY H HMCG94MEBRA 64G 2RX4 M1a       ,
SM37B01857,MEMORY HMCG84MEBRA 32G 1RX4 M1a         ,
SSS7B01860,SSD HFS1T9GEEWX091N 1.92T E1.S M1a      ,
SM30N76748,MEMORY 16GB D4 32ES M474A2K43DB1CWE    ,
S958D28739,HQ60113521002_WTY telephone list for LAS,
S958D28740,HQ60407046002_Pallet Security Label,
S948D01035,HQ_HQ20705042001_RH_assy_PT GY,
S948D01037,HQ_HQ20705328001_RH_assy_PT GY_2nd,
S948D31507,HQ20706228001_RH_assy_PT GY_4th,
S948D01053,HQ_HQ23800090001_card slot_(PT GY)_3rd,
S948D01019,HQ_HQ22002890001_POGO FPC(PT GY)_2nd,
SSS7B01861,SSD S MZ1L2960HCJR00AMV 1T M.2 M1a    ,
SSS7A85073,"SSD 2.5"" PM893 480GB RISATA SSD        ",
SSS7A85074,"SSD 2.5"" PM893 960GB RI SATA SSD       ",
SSS7A85075,"SSD 2.5"" PM893 1.92TB RI SATA SSD      ",
SSS7A85076,"SSD 2.5"" PM893 3.84TB RI SATA SSD      ",
SSA7A85917,SP ICX 8352Y 32C/2.2G/205W             ,
SSA7A85948,SP ICX 8358P 32C/2.6G/240W             ,
SM30N76653,MEMORY 32GB D4 32U MTA16ATF4G64AZ3G2E1 ,
SM37A18849,MEMORY T M386A8K40BM2CTD 64GB D426LR ,
SM37B04162,MEMORY HMAA8GR7CJR4NXN 64G 2Rx4 M1    ,
SSA7B01613,SP INTEL CLX 8260 24C/2.4G/165W B2 AVAP,
SM37A68658,MEMORY S M393A2K43DB2CVF 16GB D429R  ,
SSS7A75329,SSD MTFDHBE1T9TDF1AW1ZABYY 2.5 CSP    ,
SSA7A85951,SP ICX 8352S 32C/2.2G/205W             ,
SSA7A85957,SP ICX 5318S 24C/2.1G/165W             ,
SM30N76829,MEMORY 8GB D4 32S MTA8ATF1G64HZ3G2R1   ,
SM30N76734,MEMORY 16GB D4 32U RMUA5200ME88HBF3200 ,
SW11A40411,WIRELESS Foxconn MT7921                 ,
SM37A68791,MEMORY S M393A8G40AB2CVF 64G D429     ,
SSA7A85945,SP ICX 4310T 10C/2.3G/105W              ,
SSS7B01778,SSD U.2 Intel P4510 2.0TB NVMe HS SSD   ,
SSA0Y58694,SP Xeon Gold 6226R 2.9GHz/16C/22M 150W  ,
SW11A40424,WIRELESS Intel AX210 NV 2230 W          ,
SM37B01925,MEMORY S M393A8G40AB2CVF 64GB D429R  ,
SM37B01941,MEMORY MTA36ASF4G72PZ2G9E2 32GB D429R,
SM37A68721,MEMORY I NMB1XXD128GPSU4 128G D432    ,
SSS7A85077,"SSD 2.5"" PM893 7.68TB RI SATA SSD       ",
SSA1C18577,SP Intel W1390 2.8GHz/8C/16M 80W       ,
SSA1C86621,SP AMD Ryzen 7 5700GE 3.2GHz/8C/16M/35W ,
SSA1C86622,SP AMD Ryzen 5 5600GE 3.4GHz/6C/16M/35W ,
SSA1C86623,SP AMD Ryzen 3 5300GE 3.6GHz/4C/8M/35W  ,
01GV324,M.2 Riser Card                          ,
SM37A92499,MEMORY S M393A8G40BB4CWE 64GB D432R   ,
SM37A68768,MEMORY MTA18ASF4G72PZ3G2E1 32G M1a     ,
SSA1C18576,SP Intel W1350P 4.0GHz/6C/12M 125W     ,
SSA1C10929,SP Intel i511600T 1.7GHz/6C/12M 35W    ,
SM30N76843,MEMORY 4GB D4 32U RMUA5190MR86H9F3200  ,
SM30X79404,MEMORY 16GB D432E M391A2K43DB1CWE     ,
SM30N76833,MEMORY 8GB D4 32U MTA8ATF1G64AZ3G2R1   ,
SSA1E38910,SP Intel 10505 3.2GHz/6C/12M 65W        ,
SM30N76842,MEMORY 8GB D4 32S RMSA3320MR78HAF3200  ,
SM37A88758,MEMORY S M393A4K40EB3-CWE 32GB D4-32R,
SM31B63207,MEMORY Gigadevice GD25R256DYIGR,
SSA1C18578,SP Intel W1370 2.9GHz/8C/16M 80W       ,
SM37A88756,MEMORY S M393A4K40EB3CWE 32GB D432R   ,
4C57A76783,4 Port PCI Express Low Profile          ,
SM30W01806,MEMORY 32GB D429R M393A4K40DB2CVF     ,
SM30N76735,MEMORY 32GB D4 32U RMUA5210ME88HCF3200 ,
SSA1C18575,SP Intel W1370P 3.6GHz/8C/16M 125W     ,
SCL7A94275,COA_LABELS WS2022STD 16CP7308303      ,
SSS7A75224,"SSD Intel P4510 2T 2.5"" NVME SSD BC1    ",
SCL7A94285,COA_LABELS WS2022 DC 16CP7109369      ,
SM37A91238,MEMORY S M386A8K40BM2CVF 64G 4RX4 A2   ,
SM37A91239,MEMORY S M386A8K40DM2CWE 64G 4RX4 A2   ,
SSS0L25218,SSD UM AM630 1T 2280 VPCIe4x4 OPAL     ,
SSS0L25216,SSD UM AM630 256G 2280 VPCIe4x4 OPAL   ,
SSA1F38798,SP Intel i712700T 1.4GHz/12C/25M 35W   ,
SSA1G55239,SP Intel G6900T 2.8GHz/2C/4M 35W        ,
SSA1G55233,SP Intel i512400T 1.8GHz/6C/18M 35W    ,
SSA1E17888,SP Intel i712700 2.1GHz/12C/25M 65W    ,
SSA1E17889,SP Intel i512400 2.5GHz/6C/18M 65W     ,
SSA1E19105,SP Intel i312100 3.3GHz/4C/12M 60W     ,
SW10T06499,WIRELESS CBT 8822CE                     ,
4M37A81936,Ortano 200G/32G mem/64G eMMC            ,
SSA7A80023,SP CPX6 8380HL 28C/2.9G/250W/xxM       ,
SM37A92186,MEMORY H HMAT14JWRRB12 256G D429R      ,
SM37A68657,MEMORY S M393A2K43DB2CVF 16GB D429R   ,
SM37B01936,MEMORY S M393A4K40DB2CVF 32GB D429R   ,
SM37B01924,MEMORY S M393A8G40MB2CVF 64GB D429R   ,
SM37B01926,MEMORY H HMAA8GR7AJR4NWM 64GB D429R   ,
SCL7A94291,COA_LABELS WS2022 DC ADDLIC 2 CORE      ,
SSS7B01779,SSD U.2 PM983 1.92TB NVMe HS SSD        ,
SM31B63205,MEMORY Winbond W25R256JVEIQ,
SM31C77125,MEMORY Winbond W74M25JWZEIQ,
SSS7A23285,SSD N600Si 650G NHS M.2 SSD             ,
SM37B07074,MEMORY S M321R4GA0BB0CQK 32G 1RX4 M1a  ,
SSS7A75341,SSD HFS7T6GEEWX091N 7.68T E1.S M1       ,
SHD7A23107,"HDD ST 3.5"" 7.2K SATA 14T HDD           ",
SSS7A75368,SSD H HFS1T9GEEWX132N 2T E1.S M1        ,
SSS7A75367,SSD MZCLO1T9HCJR00AMZ 2T E1.S M1       ,
SM30N76855,MEMORY 16GB D4 32S RMSA3340MB88HBF3200 ,
SM30N76890,MEMORY 16GB D4 32U RMUA5230MB88HBF3200 ,
SM30N76816,MEMORY 16GB D5 48U HMCG78MEBUA          ,
SM30N76731,MEMORY 32GB D4 32S RMSA3330ME88HCF3200 ,
SM30N76817,MEMORY 32GB D5 48U HMCG88MEBUA          ,
SM30N76815,MEMORY 8GB D5 48U HMCG66MEBUA           ,
SW11A40408,WIRELESS Quectel EM120RGL              ,
SSS7B01780,SSD U.2 WD SN640 1.92TB NVMe HS SSD    ,
SSA7A85947,SP ICX 6312U 24C/2.4G/185W             ,
SSS7A43230,"SSD 2.5"" U.2 P5800X 800GB WI NVMe HS L2 ",
4ZT7A81100,Intel Eth Netw Adap E810CQDA2          ,
SM37A88579,MEMORY H HMCG94MEBRA 64GB 2Rx4 48R      ,
SM37A88578,MEMORY S M321R8GA0BB0CQK 64GB 2Rx4 48R ,
SHD7A41519,"HDD 3.5"" SAS HDD WD Leo 12TB FDE Echo   ",
SM30N76910,MEMORY 8GB D4 32 UH LV32D4U2S8HD8F     ,
SSS0L24802,SSD WD SN810 512G 2280 PPCIe4x4 OP     ,
SSS0L24804,SSD WD SN810 2T 2280 PPCIe4x4 OP       ,
SSS0L25209,SSD UM AM630 256G 2242 PCIe G4V x4 OPAL ,
SSS0L25210,SSD UM AM630 512G 2242 PCIe G4V x4 OPAL ,
SM30N76823,MEMORY 16GB D5 48U MTC8C1084S1UC48BA1   ,
SSA1G55232,SP Intel i512500T 2.0GHz/6C/18M 35W    ,
SSA1G55238,SP Intel G7400T 3.1GHz/2C/6M 35W        ,
SM31C82419,MEMORY 16GB D548E HMCG78MEBEA          ,
SFR0T77584,FLASH_ROM W25Q128JVSIQ                  ,
SFR0T77586,FLASH_ROM MX25L25673GM2108G            ,
SFR0U49042,FLASH_ROM W25Q64FWSSIQ                  ,
SFR0W64258,FLASH_ROM XM25QU64AHIGT                 ,
SFR0X89431,FLASH_ROM W25Q128FWSIQ                  ,
SFR1B70107,FLASH_ROM W25Q64JVSSIQ                  ,
SFR1C10507,FLASH_ROM GD25B64CSIGR                  ,
SFR1C10509,FLASH_ROM GD25B127DSIGR                 ,
SFR1C23138,FLASH_ROM W25Q128JWSIQ                  ,
SSA1D19931,SP Intel i912900K 3.2GHz/16C/30M 125W  ,
SSA1E17887,SP Intel i912900 2.4GHz/16C/30M 65W    ,
SSA1E18651,SP Intel i512600K 3.7G/10C/16T/20M 125W,
SSA1G55231,SP Intel i512500 3.0GHz/6C/18M 65W     ,
SSA1G55234,SP Intel i312300 3.5GHz/4C/12M 65W     ,
SM30N76773,MEMORY 16GB DDR4 32U HMAA2GU6CJR8NXNN0 ,
SSA1D19932,SP Intel i712700K 3.6GHz/12C/25M 125W  ,
SW11A40384,WIRELESS Intel AX211 VP M2 WLAN         ,
SSS7A43231,"SSD 2.5"" U.2 P5800X 1.6TB WI NVMe HS L2 ",
SSA7B04506,SP Intel SPR ES2 QYG3                   ,
SCL7A94369,COA_LABELS WS2022 ESSEN 10CG3S01434   ,
SSS7A92797,SSD Micron 7400 7.68/6.4TB NVMe SSD L2  ,
SM37A68690,MEMORY MTA18ASF4G72AZ2G6B1 32GB D426E ,
SM37A90429,MEMORY 128GB 4800MHz Intel Optane PMem  ,
SM37A98033,MEMORY W LV32D4R2D8HA32I 32GB D432R   ,
SM37A98039,MEMORY MTA36ASF4G72PZ3G2R1 32GB D429R ,
SM37A98496,MEMORY H HMCG88MEBRA 32GB 2Rx8 48R      ,
SSA7A78212,SP CPX6 8356H 8C/3.9G/190W/35.75M      ,
SM37A21497,MEMORY MTA36ASF4G72PZ2G9E2 32GB D426R ,
SM37A92621,MEMORY S M393A2K40DB2CVF 16GB D429R   ,
SM37A85849,MEMORY H HMAA4GR7CJR8NXN 32GB D432R   ,
SSA7A95332,SP ICX 8362 32C/2.8G/265W               ,
4SS7A78599,9300 PROSSD15.36 TB U.2 PCIe         ,
SSS0L24803,SSD WD SN810 1T 2280 PPCIe4x4 OP,
SSS7A75345,SSD MZCL27T6HBLA00AMV E1.S M1          ,
SM30N76828,MEMORY 4GB D4 32S MTA4ATF51264HZ3G2R1  ,
SM37A21287,MEMORY S M393A4K40CB2CVF 32GB D429R   ,
SSS7B08539,SSD H HFS3T8GDE0X098N 3.84T M.2 M1      ,
SSS7A43229,"SSD 2.5"" U.2 P5800X 400GB WI NVMe HS L2 ",
SM30N76825,MEMORY 8GB D5 48U M323R1GB4BB0CQK      ,
SSS0L24799,SSD KIX BG5 256G 2280 VPCIe4x4 OP      ,
SM37A21496,MEMORY S M393A4K40CB2-CVF 32GB D4-26R   ,
SM37A21460,MEMORY MTA18ASF4G72PDZ-3G2E1 32GB D4-32R,
SM37B01927,MEMORY MTA36ASF8G72PZ-2G9B2 64GB D4-29R ,
SM37B04163,MEMORY HMAA8GR7CJR4N-XN 64G 2Rx4 M1a    ,
SM30N76818,MEMORY 8GB D5 48S HMCG66MEBSA           ,
SM30N76819,MEMORY 16GB D5 48S HMCG78MEBSA          ,
SSA7A85929,SP ICX 8360Y 36C/2.4G/250W              ,
SSA1H02417,SP AMD R9-5945WX 4.1GHz/12C/64M 280W    ,
SM37A90927,MEMORY H HMA84GR7DJR4N-XN 32GB D4-29R   ,
SM37A21454,MEMORY H HMAA4GR7AJR8N-XN 32GB D4-32R   ,
SM37A85847,MEMORY H HMAA8GR7CJR4N-XN 64GB D4-32R   ,
SSS7B07963,SSD Oracle 8209892 PM1733a MZWLR15THBLA ,
SSA1G99918,SP Intel i5-12400 2.5GHz/6C/18M 65W H0  ,
SSA1E19106,SP Intel G7400 3.7GHz/2C/6M 46W         ,
SSA1C10921,SP Intel i5-11600K 3.9GHz/6C/12M 125W   ,
SM30N76844,MEMORY 8GB D4 32U RMUA5200MR78HAF-3200  ,
SSS7B07975,SSD Oracle 8205123 Intel DC-S4510       ,
SSS7B07976,SSD Oracle MTFDDAV240TDS-1AW1ZABYY      ,
SW11A40445,WIRELESS Foxconn NFA765                 ,
SM30N76820,MEMORY 32GB D5 48 S HMCG88MEBSA092N     ,
SM30N76848,MEMORY 8GB D5 48S MTC4C10163S1SC48BA1   ,
SM30N76922,MEMORY 8GB D4 32 S LV32D4S2S8SD-8       ,
SM37A92494,MEMORY S M393A8G40BB4-CWE 64GB D4-32R  ,
SM37A92498,MEMORY S M393A8G40BB4-CWE 64GB D4-32R  ,
SM37A90925,MEMORY S M393A4K40EB3-CWE 32GB D4-29R  ,
SM37A92495,MEMORY S M393A8G40BB4-CWE 64GB D4-32R  ,
SM37A91282,MEMORY MTA36ASF4G72PZ-3G2R1 32G M1a     ,
SM37B06500,MEMORY MTA18ASF2G72PZ-3G2R1 16G M1a     ,
SW11A40448,WIRELESS WLAN Liteon 8852BE             ,
SSS7A75225,"SSD Intel P5510 3.84T 2.5"" NVME SSD BC1 ",
SM37A91218,MEMORY HMAA8GR7CJR4N-XN 64G PC4-32      ,
SM37A91217,MEMORY HMAA4GR7CJR8N-XN 32G D4-32       ,
SSS7A75250,"SSD Sam PM9A3 2.5"" 3.84T NVME SSD BC1   ",
SSA7A19350,SP Intel 32Core customized 8336C        ,
SSA7A19358,SP ICX 4314 16C/2.4G/135W-BC1           ,
SM37A68610,MEMORY S M393A4K40BB3-CVF 32GB D4-26R   ,
SM37A68664,MEMORY S M393A4K40DB2-CVF 32GB D4-26R   ,
SSA1F38795,SP Intel i9-12900T 1.4GHz/16C/30M 35W   ,
SM31D97920,MEMORY 16GB D4-32R HMA82GR7DJR8N-XN     ,
SM37A92501,MEMORY S M393A2K43DB3-CWE 16GB D4-29R   ,
SSS0L24800,SSD KIX BG5 512G 2280 V-PCIe4x4 OP      ,
SW11A40415,WIRELESS Foxconn RZ616                  ,
SM30N76850,MEMORY 32G D5 48 S MTC16C2085S1SC48BA1 B,
SSS7A75272,SSD WD 7.68T NVMe 2.5 SSD-BC1           ,
SM37A68861,MEMORY I NMB1XXD128GPSU4 128G D4-32 BC1 ,
4SS7A81822,Micron 1.6TB 7300 Max 7mm NVMe          ,
SSA1G55237,SP Intel i3-12100T 2.2GHz/4C/12M 35W,
SM37B08672,MEMORY S M393A4K40EB3-CWE 32GB D4-29R,
SSA7B07336,SP INTEL SPR 48C 350W I4 SDV QS,
SSS7B21365,SSD,
SSS7A23243,SSD,
SSS7A43184,SSD 2.5'' S4520 240G Entry SATA HS SSD,
SSS7A43190,SSD,
SM30N76930,MEMORY 8GB D4 32 U M378A1K43EB2-CWE(new),
SSA1H02402,SP AMD R9-5955WX 4GHz/16C/64M 280W,
SM37A68873,MEMORY MTA18ASF4G72PDZ-3G2E1 32G BC1,
SM37A92623,MEMORY S M393A2K40DB2-CVF 16GB D4-26R,
SSS7A81280,SSD 2.5'' SAS SM PM1643a 3.84TB Base DE,
SSA7A95333,SP ICX 8352M 32C/2.3G/185W,
SSS7A75214,SSD Sam MZ1LB3T8HMLA-000MV M.2 M1a,
SM37A68705,Memoria,
SM37A91210,MEMORY HMAA8GR7AJR4N-WM 64G M1aHM,
SM37B08685,MEMORY MTA36ASF8G72PZ-3G2E1 64GB D4-29R,
SSA7B09510,SP MILAN7713P 64C/225W/2.0G paid sample,
SSA7B09509,SP MILAN 7713 64C/225W/2.0G paid sample,
SSS7A96617,SSD H HFS1T9GDE0X098N 1.92T M.2 M1,
SM30N76911,MEMORY 16GB D4 32 UH LV32D4U2S8ME-16F,
SSS0L24820,SSD KIX XG7 4T 2280 P-PCIe4x4 OP,
SM37A98037,MEMORY MTA18ASF2G72PDZ-3G2R1 16GB D4-29R,
SSA7A92829,SP Intel E-2388G 8C 3.2G 95W 16M,
SSA7A92830,SP Intel E-2378G 8C 2.8G 80W 16M,
SSA7A92831,SP Intel E-2378 8C 2.6G 65W 16M,
SSA7A92832,SP Intel E-2386G 6C 3.5G 95W 12M,
SSA7A92833,SP Intel E-2356G 6C 3.2G 80W 12M,
SSA7A92834,SP Intel E-2336 6C 2.9G 65W 12M,
SSA7A92835,SP Intel E-2374G 4C 3.7G 80W 8M,
SSA7A92836,SP Intel E-2334 4C 3.4G 65W 8M,
SSA7A92837,SP Intel E-2324G 4C 3.1G 65W 8M,
SSA7A92838,SP Intel E-2314 4C 2.8G 65W 8M,
SM37A21251,MEMORY MTA36ASF4G72PZ-3G2E1 32GB D4-32R,
SM37A92505,MEMORY S M393A8G40BB4-CWE 64GB D4-29R,
SM37A96002,MEMORY 256GB 3200 Intel Optane PMEM,
SM37A91204,MEMORY HMAA4GR7CJR4N-XN 32G 1RX4 M1a,
SM31D97925,MEMORY 32GB D4-32R MTA36ASF4G72PZ-3G2R1,
SM30X79392,MEMORY 4GB D4-32U HMA851U6DJR6N-XNN0,
SM31D97921,MEMORY 32GB D4-32R HMA84GR7DJR4N-XN,
SM30T44786,MEMORY 256G D4-29R3 M393ABG40M5B-CYF,
SSS7B22063,SSD Oracle8206193 MZWLR3T8HBLS-00AU3,
SM37A92620,Memoria,
SSS7A92790,SSD,
SSS7B10596,SSD S MZELB15THMLA-000MV 15T E1.L M1a,
SSA1H02399,Procesador,
SSA1H02400,Procesador,
SSA1H02401,SP AMD R9-5965WX 3.8GHz/24C/128M 280W,
SSA1G55230,SP Intel i5-12600T 2.1GHz/6C/18M 35W,
SM30N76846,MEMORY 16GB D5 48 S M425R2GA3BB0-CQKOD,
SM30N76826,MEMORY 16GB D5 48 U M323R2GA3BB0-CQKOD,
SSS0L68751,SSD WD IXSN530 2T 2280 WT-PCIe3X4,
SSS7A75223,SSD Sam PM9A3 2.5'' 1.92T NVME SSD,
SSS7A43437,SSD 2.5 5300 Max 960G SED SSD L2,
4SS7A81948,SSD,
SSA7B21711,SP Intel SPR ES0 Q0KL,
SM37A90928,MEMORY MTA36ASF4G72PZ-3G2E1 32GB D4-29R,
SM37A98035,MEMORY MTA36ASF4G72PZ-3G2R1 32GB D4-32R,
SM37A90934,MEMORY MTA36ASF8G72PZ-3G2E1 64GB D4-29R,
SM37A68857,MEMORY M MTA36ASF8G72PZ-3G2E1 64G D4-32,
SM37A68655,Memoria,
SSS7A75212,SSD Kio KXD5DLN13T84 3.84T M.2 M1a,
SM37B04236,MEMORY W LV32D4R2D8HD-161 16GB D4-29R,
SM37A90003,MEMORY W LV32D4R2D4HA-64 64GB D4-32R,
SSA7B23712,SP AMD MILAN 7763 64C/280W/2.45G O2,
SM31D97924,MEMORY 16GB D4-32R MTA18ASF2G72PDZ-3G2R1,
SW11A40386,WIRELESS Intel AX211 NV M2 WLAN,
SM37A21490,MEMORY S M393A2K43CB2-CVF 16GB D4-26R ,
SSS7A43274,SSD,
SSS7B22064,SSD,
SM37A68663,Memoria,
SSS7A43305,SSD S PM883a 240G -A2-Ks,
SM37A21491,MEMORY S M393A2K43CB2-CVF 16GB D4-26R,
SSS7A75268,SSD,
SSS7A39324,SSD,
SSS7B03476,SSD,
SSS7B23484,SSD,
SM37A68597,MEMORY H HMA82GR7DJR8N-WM 16GB D4-26R,
SSA1G55235,micro,
SM37A68885,MEMORY MTA36ASF8G72PZ-3G2B2 64G M1a,
SSS7A75178,SSD,
SM30N76849,MEMORY 16GB D5 48 S MTC8C1084S1SC48BA1 B,
SM30N76824,MEMORY 32G D5 48 U MTC16C2085S1UC48BA1 B,
SM30N76827,MEMORY 32GB D5 48 U M323R4GA3BB0-CQKOD,
SM30N76859,MEMORY 16GB D4 32S M471A2G43BB2-CWE,
SM37B06003,MEMORY Sam M393A4K40EB3-CWE 32G M1a,
SSS7B03480,SSD,
SSS7B04049,SSD,
SSS7B03475,SSD,
SSS7B03478,SSD,
SM37A88755,MEMORY S M393A4K40EB3-CWE 32GB D4-32R,
SM30N76834,Memorias,
SM30N76847,Memorias,
SM31C82424,Memorias,
SSA1J37183,Micros,
SSA1J37185,Micros,
SSA1G55229,SP Intel i5-12600 3.3GHz/6C/18M 65W,
SSA7A80024,SP CPX-6 8376HL 28C/2.6G/205W/38.5M,
SM37A88584,Memoria,
SM37A90430,Memoria,
SM37A88571,MEMORY MTC10F1084S1RC48BA1 16GB 1Rx8 48R,
SM37A88582,Memoria,
SSS1C17658,SSD,
SM37A96551,Memoria,
SM37A91234,Memoria,
SSA7A78214,SP CPX-6 8353H 18C/2.5G/150W/24.75M,
SM37A96540,Memoria,
SSS7A75193,SSD,
SM30N76835,Memoria,
SSS1D33671,SSD,
SSS0P03438,SSD,
SSA1C10975,Micro,
SSA1J37184,Micro,
SSS7B27313,SSD,
SSS7A23286,SSD,
SSS7B27393,SSD,
SM37A68790,Memoria,
SSA7B28199,Micro,
SSS7A43219,SSD,
SM30E51207,MEMORY 4GB DDR3L SD M471B5173DB0-YK0,
SM30E51239,MEMORY 16GB DDR4 SD M471A2K43BB1-CPB,
SM30N76499,MEMORY 16GB D4 26S RMSA3300ME78HBF-2666,
SM30N76593,MEMORY 16GB D4 26ES M474A2K43DB1CTD,
SM30E51322,MEMORY 16GB D4 26ES HMA82GS7CJR8NVKT0,
SM30N76594,MEMORY 32GB D4 26ES M474A4G43MB1-CTD,
SM30E51143,MEMORY H HMA451R7MFR8N-TF 4GB D4-21R,
SSA0Q76941,SP Intel Celeron G4920 3.2GHz/2C/2M 54W,
SSA0R49103,SP AMD Athlon PRO 200GE 3.2GHz/2C/4M/35W,
SSS0L24739,SSD WD SN720 256G M.2 2280 PCIe OPAL,
SSS1D33672,SSD WD SN740 512G 2280 PCIe G4V x4 OPAL,
SM30L34627,MEMORY S M393A2K40BB1-CRC 16GB D4-24R,
SM37A18843,MEMORY S M393A4K40CB2CTD 32GB D426R,
SM37A18987,MEMORY S M393A4K40CB2-CTD 32GB D4-26R,
SM37A21277,MEMORY H HMA81GR7CJR8N-WMT 8GB D4-29R,
SM37A21278,MEMORY S M393A2K40CB2-CTD 16GB D4-26R,
SM37A21281,MEMORY S M393A2K40CB2-CVF 16GB D4-29R,
SM37A21283,MEMORY MTA18ASF2G72PZ-2G9E1 16GB D4-29R,
SM37A21286,MEMORY MTA18ASF2G72PDZ-2G9E1 16G D4-29R,
SM37A21289,MEMORY MTA36ASF4G72PZ-2G9E2 32GB D4-29R,
SM37A21365,MEMORY S M393A2K43DB3-CWE 32G D4-32,
SM37A21429,MEMORY MTA9ASF1G72PZ-2G9E1 8G D4-29,
SM37A21456,MEMORY H HMABAGR7A2R4N-XS 128GB D4-32R,
SM37A21461,MEMORY MTA36ASF8G72PZ-3G2E1 64GB D4-32R,
SM37A21486,MEMORY S M393A2K40CB2-CVF 16GB D4-26R,
SM37A21487,MEMORY S M393A2K40CB2-CVF 16GB D4-26R,
SM37A21489,MEMORY MTA18ASF2G72PZ-2G9E1 16GB D4-26R,
SM37A21495,MEMORY S M393A4K40CB2-CVF 32GB D4-26R,
SM37A21499,MEMORY H HMA84GR7CJR4N-WMT 32GB D4-26R,
SM37A21502,MEMORY H HMA82GR7JJR4N-WM 16GB D4-26R,
SM37A21503,MEMORY HMA84GR7JJR4N-WM 32G 4-29 RDIM,
SM37A68609,MEMORY S M393A4K40BB3-CVF 32GB D4-26R,
SM37A68614,MEMORY HMA82GR7DJR8N-XN 16G D4-32,
SM37A68653,MEMORY H HMA82GR7DJR8N-XN 16GB D4-32R,
SM37A68685,MEMORY MTA18ASF4G72PDZ-3G2E1 32G D4-32,
SM37A68714,MEMORY HMA82GR7CJR8N-XN 16G D4-32,
SM37A68752,MEMORY S M393A4K40DB3-CWE 32GB D4-32R,
SM37A68753,MEMORY S M393A4G43AB3-CWE 32GB D4-32R,
SM37A88574,MEMORY MTC20F1045S1RC48BA2 32GB 1Rx4 48R,
SM37A90922,MEMORY S M393A4K40DB3-CWE 32GB D4-29R,
SM37A90923,MEMORY S M393A4K40DB3-CWE 32GB D4-29R,
SM37A90930,MEMORY S M393A8G40AB2-CWE 64GB D4-29R,
SM37A90932,MEMORY H HMAA8GR7AJR4N-XN 64GB D4-29R,
SM37A90933,MEMORY H HMAA8GR7CJR4N-XN 64GB D4-29R,
SM37A91207,MEMORY HMA82GR7DJR4N-WM 16G M1aHM,
SM37A91209,MEMORY HMA82GR7CJR4N-VK 16G M1aHM,
SM37A91260,MEMORY MTA18ASF4G72PZ-3G2E1 32G M1aHM,
SM37A91261,MEMORY HMA84GR7CJR4N-WMT 32G M1aHM,
SM37A91264,MEMORY HMAA8GL7CPR4N-WM 64G M1aHM,
SM37A91268,MEMORY S M386AAG40MMB-CVF 128G M1aHM,
SM37A92500,MEMORY S M393A2K43DB3-CWE 16GB D4-29R,
SM37A92503,MEMORY H HMA82GR7DJR8N-XN 16GB D4-29R,
SM37A92504,MEMORY S M393A8G40BB4-CWE 64GB D4-29R,
SM37A92515,MEMORY MTA18ASF2G72PDZ-3G2E1 16G D4-29R,
SM37A98038,MEMORY S M393A2K43DB3-CWE 16GB D4-29R,
SM37A98040,MEMORY S M393A4K40DB3-CWE 32GB D4-29R,
SM37A98042,MEMORY S M393A8G40AB2-CWE 64GB D4-29R,
SM37B06819,MEMORY S M393A8G40BB4-CWE 64GB D4-32R,
SM37B23500,MEMORY S M393A2K43DB3-CWE 16GB D4-29R,
SM37B23502,MEMORY S M393A4K40EB3-CWE 32GB D4-29R,
SSS7A23432,SSD Mic 5200Pro 960G 2.5'' SSD,
SSS7A43525,SSD Int P4510 1T U.2 -IPDC A1 B&S,
SSS7B03481,SSD Micron 7450 M.2 1.92TB NVMe SSD L2,
SW10T06434,WIRELESS FXN SDX55 sub6                 ,
SSA7A85943,SP ICX 6338T 24C/2.1G/165W              ,
SSS7B03081,SSD PM1653 960G RI/PM1655 800G MU HS L2 ,
SSS7B03082,SSD PM1653 1.92TB RI/PM1655 1.6TB MU HS ,
SSS7B03084,SSD PM1653 7.68TB RI/PM1655 6.4TB MU HS ,
SSS7B03085,SSD PM1653 15.36TB RI/PM1655 12.8TB MU  ,
SSS7B03087,SSD PM1653 3.84TB RI/PM1655 3.2TB MU    ,
SSA7A19363,SP ICX 8352S 32C/2.2G/205W-BC1          ,
SP18D01914,HQ60211187002_cardboard_Up              ,
SP68D02411,HQ31980147001_AX2209_PCBA_2+32_PACKING  ,
S948D01031,HQ_HQ20330648001_Up BOX Assy            ,
S948D01033,HQ_HQ20330650001_Down BOX Assy          ,
S948D01036,HQ_HQ20705046001_RH_assy_IRON GY        ,
S948D01018,HQ_HQ22002889001_POGO FPC(IRON GY)      ,
S948D01039,HQ_HQ20900840001_Bat_BTB_steel          ,
S948D01040,HQ_HQ20900841001_LCD_BTB_STEEL          ,
S948D01041,HQ_HQ20900842001_AUDIO_JACK_BTB_steel   ,
S948D01042,HQ_HQ20900843001_USB_BTB_STEEL          ,
S948D01043,HQ_HQ20900844001_SIDE_KEY_STEEL         ,
S948D01045,HQ_HQ20900845001_POGO PIN_STEEL         ,
SB18C59875,NVT-A L19D1P32 3.86V5000mAh19.3Wh1cell  ,
S948D01046,HQ_HQ21405119001_PSENSOR RUBBER         ,
S948D01047,HQ_HQ21405120001_5M_FRONT CAMERA_RUBBER ,
S948D01066,HQ_HQ22202574001_REAR CAMERA SEAL FOAM  ,
S948D01067,HQ_HQ22211817001_LCD_FPC TAPE_22.5*5*0.2,
S948D01068,HQ_HQ22202573001_LCD FOAM1_100*70*1mm   ,
SO28D01928,HQ20900467002_Card pin                  ,
S948D01058,HQ_HQ23100013001_waterproof label_2nd   ,
SP68D04197,HQ31980140001_AX2209_LEDB_PCBA_PACKING  ,
SP68D04196,HQ31980141001_AX2209_KB_PCBA_PACKING    ,
S948D01060,HQ_HQ21901040001_SHIELDING_LCD GND FOAM ,
S948D01063,HQ_HQ21901054001_UP BOX_LCD GND FOAM    ,
S948D01065,HQ_HQ22231946001_BATTERY FPC FIXED MYLAR,
SP18D01907,HQ60407664002_Color box label           ,
SP18D01913,HQ60202524002_Carton box                ,
SP18D01915,HQ60211188002_cardboard_Side            ,
SP18D01917,HQ60850016002_POF bag                   ,
SP18D01918,HQ60130890002_SIM White cardboard       ,
SP18D01922,HQ60400718002_carton seal label_bottom  ,
S948D01032,HQ_HQ20330646001_Up BOX Assy_2nd        ,
S958D28741,HQ60433181002_Pallet Security Tape_LAS  ,
S948D31505,HQ20706056001_RH_assy_PT GY_3rd         ,
S948D01017,HQ_HQ22002888001_POGO FPC(PT GY)        ,
S948D01051,HQ_HQ23800034001_card slot_PT GY        ,
S948D01049,HQ_HQ21007833001_POW+VOL BUTTON_PT GY   ,
S948D01061,HQ_HQ22231941001_SIDEKEY LINKER MYLAR   ,
S948D01064,HQ_HQ22231942001_LCD LINKER MYLAR       ,
S948D01055,HQ_HQ21212638001_13M_REAR CAMERA LENS   ,
SA18C30143,"ACCY,AC ADPTR,Golf Lite,5VV,2A,Lenovo ne",
SC18D01926,HQ61220023002_Type C data cable         ,
SD68C58964,Achilles6 10.3WU TDDI;BOE;TV103WUM-LL1;B,
SP68D04194,HQ31980148001_AX2209_PCBA_4+64_PACKING  ,
SP68D04195,HQ31980149001_AX2209_PCBA_4+128_PACKING ,
S948D28735,HQ20706055001_RH_assy_IRON GY_3rd       ,
S948D01027,HQ_HQ22002880001_Side key FPC_assy      ,
S948D01030,HQ_HQ20401211001_Motor_flat_10*3.0_2nd  ,
SSS1F20336,SSD SKH PC801 1T 2280 PCIe G4P x4 OPAL  ,
SM30N76949,MEMORY 16GB D5 48 S M425R2GA3BB0-CQKOL  ,
SSS7A23260,SSD I S4510 SATA M.2 480G IPDC          ,
SM37A91220,MEMORY M393A4K40EB3-CWE 32GB            ,
SSS7A75233,SSD M P5920DT0768M00 OP6.4T T5AVAP      ,
SSS7B08197,SSD M.2 N600Si 650G NVMe NHS w H Sink   ,
SSS7B08199,SSD M.2 N600Si 960GB NVMe NHS w H Sink  ,
SSS7B08200,SSD M.2 N600Si 1.92TB RI NVMe NHS H Sink,
SSA7A19362,SP ICX 8362 32C/2.8G/265W-BC1           ,
SM37A21381,MEMORY HMAA8GR7AJR4N-WM 64G D4-29       ,
SM30N76950,MEMORY 32GB D5 48 S M425R4GA3BB0-CQKOL  ,
SSS0L24801,SSD KIX BG5 1T 2280 V-PCIe4x4 OP        ,
SM37A96537,,
SM31D97923,MEMORY 8GB D4-32R MTA9ASF1G72PZ-3G2R1   ,
SSS1F20335,SSD SKH PC801 512G 2280 PCIe G4P x4 OPAL,
SM30N76774,MEMORY 32GB DDR4 32U HMAA4GU6CJR8N-XNN0 ,
SM37A96538,MEMORY H HMA82GU7DJR8N-XN 16GB D4-32E   ,
SM37B03162,MEMORY S M321R2GA3BB6-CQK 16GB 1Rx8 48R ,
SM37B10037,MEMORY S M321R4GA0BB0-CQK 32GB 1Rx4 48R ,
SM37B03163,MEMORY S M321R4GA3BB6-CQK 32GB 2Rx8 48R ,
SM37B10038,MEMORY S M321R8GA0BB0-CQK 64GB 2Rx4 48R ,
SM37A88585,MEMORY H HMCT04MEERA 128GB 4Rx4 48R     ,
SSA1E19107,SP Intel G6900 3.4GHz/2C/4M 46W         ,
SM31C82420,MEMORY 32GB D5-48E HMCG88MEBEA          ,
SM37B02159,MEMORY MTA36ASF8G72PZ-3G2B2 64GB D4-32R ,
SM37B25974,MEMORY MTA36ASF8G72PZ-3G2F1 64GB D4-32R ,
SP27A92554,ETIQUETA DE PLASICO EN PLANILLA,
SP27A92555,ETIQUETA DE PLASICO EN PLANILLA,
SSS7A43361,DISCO DURO EN ESTADO SOLIDO,
SSS7A75152,DISCO DURO EN ESTADO SOLIDO,
SSA7A92842,"SP Intel G6405 2C/4T,4.1G,58W,4M        ",
SM37B06616,MEMORY H HMAA8GR7CJR4N-XN 64GB D4-32R   ,
4SS7A84538,N1962 Gen4 NVMe 12.8TB U.2 (3DWPD)      ,
SSS7A75390,SSD H HFS1T9GEEWX132N 2T E1.S M1a       ,
SM30N76858,MEMORY 8GB D4 32S M471A1G44BB0-CWE      ,
SSS7B27312,SSD HFS3T8GDC0X139N PE6110 3.84T M.2 M1a,
SM37B06613,MEMORY S M393A8G40AB2-CWE 64GB D4-32R   ,
SM37B06624,MEMORY H HMAA8GR7CJR4N-XN 64GB D4-32R   ,
SM37B06614,MEMORY S M393A8G40BB4-CWE 64GB D4-32R   ,
SM37B06622,MEMORY S M393A8G40BB4-CWE 64GB D4-32R   ,
SDK0T76462,DPK W11 HOME ADVANCED SL DPK WW         ,
SDK0T76464,DPK W11 Home SL Plus DPK WW             ,
SDK0T76466,DPK W11 Home SL DPK WW                  ,
SDK0T76559,DPK W11 Pro UP6C DPK WW                 ,
SDK0T76561,DPK W11 Pro UP4C DPK WW                 ,
SDK0T76563,DPK W11 Pro DG VR6C DPK WW              ,
SEK1H03532,EDPK W10 IoT 2021 LTSC Value DPK WW     ,
SSS1D33673,SSD WD SN740 1T 2280 PCIe G4V x4 OPAL,
SSA7A47828,SP CLX 6210U 20C/2.5G/150W/27.5M,
SM30N76886,MEMORY 32GB D5 48 T HMCG88MEBAA092N     ,
SSS7B29917,SSD Int SSDPFWKX153T1D 15.36T E1.L M1a  ,
SM30N76899,MEMORY 16GB D4 32 U M378A2G43BB3-CWE    ,
SSA7B25826,SP Intel SPR 52C 350W Q172 M1           ,
SSA7B25825,SP Intel SPR 52C 350W Q17R M1           ,
SSS7B06600,"SSD 2.5"" PM1733a 1.92TB RI NVMe SSD -STD",
SSS7B06603,"SSD 2.5"" PM1733a 3.84T RI NVMe SSD L-STD",
SSS7B06604,"SSD 2.5"" PM1733a 7.68T RI NVMe SSD L-STD",
SSA7A85949,SP ICX 8352V 36C/2.1G/195W              ,
SSS1D71484,SSD MIC 2450 512G 2280 PCIe G4V x4 OPAL ,
SM37B03146,MEMORY H HMA82GU7DJR8N-XN 16GB D4-26E   ,
SSA7B20829,SP AMD MILAN-X 7573X 32C/280W/2.8G      ,
SSA7B20830,SP AMD MILAN-X 7473X 24C/240W/2.8G      ,
SSS7A43191,SSD Intel P5520 15.36T /12.8T SSD-STD   ,
SSS7B08540,SSD H HFS3T8GDE0X098N 3.84T M.2 M1a     ,
SM30N76939,MEMORY 8GB D5 48 U HMCG66MEBUA084N      ,
SSS7A23401,SSD Intel P5520 3.84/3.2TB NVMe SSD-STD ,
SSS7A92907,SSD Intel P5520 6.4/7.68TB NVMe SSD-STD ,
SSS7B23722,SSD HFS960GDC0X139N 960G M.2 SSD M1a    ,
SM37A68654,MEMORY H HMA84GR7DJR4N-XN 32GB D4-32R   ,
SSA7A92839,"SP Intel G6605 2C/4T,4.3G,58W,4M        ",
4SS7A81754,NVMe SSD Adapter Card                   ,
SM37B05179,MEMORY USB 32GB USB 3.0 Flash Drive     ,
SSS7B25763,SSD I SSDPF2KX038T1 3.84T-BC1           ,
SSS7B25764,SSD I SSDPF2KX076T1 7.68T-BC1           ,
SSS7A92791,SSD Micron7400 Pro 3.84T/3.2T SSD-STD   ,
SM30N76885,MEMORY 16GB D5 48 T HMCG78MEBAA092N     ,
SM37B07918,MEMORY S M393A2K40EB3-CWE 16G 1RX4 M1a  ,
SM37A68876,MEMORY Sam M393A8G40BB4-CWE 64G M1a     ,
SSS7B07230,SSD S MZ1L21T9HCLS-00AMV 2T M.2 M1a     ,
SSS7B26058,SSD HFS1T9GDC0X139N 1.92T M.2 SSD M1a   ,
SM31C22893,MEMORY 16GB D5-48R HMCG78MEBRA          ,
SM31C22894,MEMORY 32GB D5-48R HMCG88MEBRA          ,
SM31C22897,MEMORY 128GB D5-48R3 HMCT04MEERA        ,
SSS7B00277,SSD Kioxia CD7 U.2 3.84T                ,
SM37A68855,MEMORY S M393A8G40AB2-CWE 64G D4-32 BC1 ,
SM37A68851,MEMORY S M393A4K40DB3-CWE 32G D4-32 BC1 ,
SM37B27361,MEMORY MTC10F1084S1RC48BA1 16GB 1Rx8 48R,
SM37B05244,MEMORY MTA9ASF1G72AZ-3G2R1 8GB D4-26E   ,
SM37A91266,MEMORY S M393A8G40MB2-CVF 64G M1aHM     ,
SSS7B29132,SSD MZCLO7T6HBLA-00AMZ 7.68T E1.S M1a   ,
SM37B04381,MEMORY H HMCG94MEBRA 64G 2RX4 M1a       ,
SM37B23578,MEMORY S M321R8GA0BB0-CQK 64G 2Rx4 M1   ,
4SS7A81273,1.92TB PM9A3 M.2 NVMe SSD               ,
SM37B25846,MEMORY MTA36ASF8G72PZ-3G2F1 64GB D4-32R ,
SM37B06621,MEMORY S M393A8G40AB2-CWE 64GB D4-32R   ,
SSS7A56682,"SSD Samsung 3.8TB NVMe, Non-SED         ",
SM37B03407,MEMORY S M321R2GA3BB6-CQK 16GB 1Rx8 48R ,
SSS1D71483,SSD MIC 2450 256G 2280 PCIe G4V x4 OPAL ,
SM30N76948,MEMORY 8GB D5 48 S M425R1GB4BB0-CQKOL   ,
SM30N76945,MEMORY 8GB D5 48 U M323R1GB4BB0-CQKOL   ,
SSA7B33588,SP Intel SPR 8468 E3 QS Q16S            ,
SM37B31919,MEMORY H HMCT04MEERA 128GB 4Rx4 M1a     ,
SM37B31921,MEMORY S M321RAGA0B20-CWK 128 4Rx4 M1a  ,
SSS7B29130,SSD HFS7T6GEEWX132N 7.68T E1.S M1a      ,
SM37A96493,MEMORY S M321R4GA3BB6-CQK 32GB 2Rx8 48R ,
SM37A68818,MEMORY S M393A2K40CB2-CVF 16G M1        ,
SM37A96536,MEMORY H HMA81GU7DJR8N-XN 8GB D4-32E    ,
SSA7B20828,SP AMD MILAN-X 7773X 64C/280W/2.2G      ,
SSA7B32767,SP Intel SPR 8487C EVS-ES2 Q183 M1      ,
SM37A68661,MEMORY S M393A2K43DB2-CVF 16GB D4-26R   ,
SM37B28938,MEMORY HMABAGL7CBR4N-XN 128G 4RX4 M1a   ,
SM37A96498,MEMORY H HMCG84MEBQA 32GB 1Rx4 48RV     ,
SSS7B29916,SSD Int SSDPFWKX153T1D 15.36T E1.L M1   ,
SM30N76822,MEMORY 8GB D5 48 U MTC4C10163S1UC48BA1 B,
SSS0Y86490,SSD MIC 3400 512G 2280 P-PCIe4x4 OPAL   ,
SM31C82945,MEMORY Winbond W25Q128JVPIQ             ,
SSS1D71480,SSD MIC 2450 256G 2242 PCIe G4V x4 OPAL,
SSS7B07867,"SSD 2.5"" 5400M 960GB MU SATA HS L2      ",
SSS7B08202,SSD M.2 5400P 480GB RI SATA NHS         ,
SSS7B03479,SSD Micron 7450 EDSFF 7.68T SSD-STD     ,
SSS7B07863,"SSD 2.5"" 5400P 1.92TB RI SATA HS L2     ",
SSS7B07864,"SSD 2.5"" 5400P 3.84TB RI SATA HS L2     ",
SSS7B07862,"SSD 2.5"" 5400P 960GB RI SATA HS L2      ",
SSS7B08201,SSD M.2 5400P 240GB RI SATA NHS         ,
SM37B05245,MEMORY MTA18ASF2G72AZ-3G2R1 16GB D4-26E ,
SSA7B10502,SP GENOA 9654 96C/2.0~2.15G/360W        ,
SSA7B10501,SP GENOA 9554 64C/2.7~2.9G/360W         ,
SSA7B28133,SP GENOA 9124 16C/2.6~2.7G/200W         ,
SSA7B27155,SP GENOA 9474F 48C/3.2~3.4G/360W        ,
SSA7B27156,SP GENOA 9374F 32C/3.3~3.5G/320W        ,
SSS7B03477,SSD Micron 7450 6.4/7.68T NVMe  SSD -STD,
SM37B35218,MEMORY H HMCG94MEBQA 64GB 2Rx4 48RV     ,
SM30N76898,MEMORY 8GB D4 32 U M378A1G44BB0-CWE     ,
SSS7B00300,SSD MZCLO1T9HCJR-00AMZ 2T E1.S M1a      ,
SSA7A67156,SP CLX 8272CL 26C/2.6G/195W/35.75M      ,
SM30N76845,MEMORY 8GB D5 48 S M425R1GB4BB0-CQKOD   ,
SM30N76884,MEMORY 32GB D5 48 T M426R4GA3BB0-CQKOD  ,
SM30N76860,MEMORY 32GB D4 32S M471A4G43BB1-CWE     ,
SSA7B27132,SP Intel SPR 8468H E3 QS Q1AC           ,
SSA7B32533,SP SPR 8474C 48C/2.1G/350W I4           ,
SSS7A43357,SSD H HFS960GD0FEG-A430A M.2 -M1        ,
SSS7B08203,SSD M.2 5400P 960GB RI SATA NHS         ,
SM37B03416,MEMORY S M321R4GA3BB6-CQK 32GB 2Rx8 48R ,
SSS0P03444,SSD SAM PM1735 8T AIC PCIe G4P x4 OPAL  ,
000000A91438,LABEL       LSI OB SAS SW Raid 0/1 Label,
000000D12228,AT VAO L2 AT-CANDYMAN,
SA60A34509,AT VAO L2 AT-CANDYMAN,
SCT0M56115,CSPN_CSAT Customer supplied AT,
SCT0M56117,CSPN_CSAT Customer supplied AT,
SCT0M56145,CSPN_CSAT Customer supplied AT,
SCT0M56163,CSPN_CSAT Customer supplied AT,
SCT0Z70016,CSPN_CSAT Customer supplied AT,
SCT0Z70020,CSPN_CSAT Customer supplied AT 11_10,
SCT0Z70028,CSPN_CSAT Customer supplied AT,
SCT0Z70040,CSPN_CSAT Customer supplied AT,
SCT0Z70044,CSPN_CSAT Customer supplied AT,
SCT0Z70046,CSPN_CSAT Customer supplied AT,
SCT0Z70054,CSPN_CSAT Customer supplied AT,
SFR0X87744,FLASH_ROM W25Q128FWSIQ,
SFR0Z78728,FLASH_ROM W25Q128JWSIQ,
SL10F76916,label Israel importer label V1.1(P/L),
SL10H43031,LABEL Malaysia label(C/L),
SL10K83093,LABEL CE 5G Country restriction(P/L),
SL10M52069,LABEL 2016 China Energy Label_I,
SL10P97789,LABEL CO2 Neutral Label,
SL10Q24029,LABEL 9260NGW_South Africa(C/L)-CANDYMAN,
SL10Q24034,LABEL 9560NGW_KC identifier(C/L) 01_06,
SL10Q24036,LABEL 9560NGW_South Africa (C/L)-CANDYMAN,
SL10Q24071,LABEL ROW machine_transparence(C/L)-CANDYMAN,
SL10Q24105,LABEL 9462NGW_Brazil(C/L),
SL10Q24106,LABEL 9462NGW_South Africa(C/L),
SL10Q24119,LABEL RTL8822CE_South Africa(C/L),
SL10Q24121,LABEL RTL8822CE_Argentina(C/L)-CANDYMAN,
SL10Q24140,LABEL 5903G-A54027ICB label_CA(C/L-CANDYMAN,
SL10Q24152,LABEL UAE_9260NGW label(P/L),
SL10Q24155,LABEL UAE_9462NGW,
SL10Q24158,LABEL UAE_RTL8822CE label(P/L),
SL10Q24159,LABEL UAE_QCNFA344A label(P/L),
SL10Q24178,LABEL AX201NGW_US&CA&TW(C/L)-CANDYMAN,
SL10Q24179,LABEL AX201NGW_KC identifier(C/L),
SL10Q24180,LABEL AX201NGW_Brazil(C/L)-CANDYMAN,
SL10Q24181,LABEL AX201NGW_South Africa(C/L),
SL10Q24182,LABEL AX201NGW_Israel (C/L)-CANDYMAN,
SL10Q24183,LABEL AX201NGW_Argentina(C/L)-CANDYMAN,
SL10Q24184,LABEL AX201NGW_UAE(P/L),
SL10Q24185,LABEL AX200NGW_US&CA&TW(C/L)-CANDYMAN,
SL10Q24192,LABEL 5903G-A54024ICB Label(C/L)-CANDYMAN,
SL10Q24193,LABEL 5903G-A54024API Label(C/L),
SL10Q24196,LABEL 9560NGW R_US&CA&TW label(C/L)-CANDYMAN,
SL10Q24198,"LABEL 170W IEC62368,Delta for AR(C/L",
SL10Q24199,LABEL L850-GL_US&CA label(C/L),
SL10Q24201,"Etiqueta, 346T-J1a-CANDYMAN",
SL10Q24202,"Etiqueta, 346T-J1a-CANDYMAN",
SL10Q24203,LABEL 9560NGW+L850-GL_SA label(C/L)-CANDYMAN,
SL10Q24204,LABEL 9462NGW+L850-GL_SA label(C/L)     X410,
SL10Q24205,LABEL RTL8822CE+L850-GL)_SA label(C/L),
SL10Q24206,LABEL L850-GL_TW label(C/L),
SL10Q24208,LABEL L850-GL_UAE label(P/L)-CANDYMAN,
SL10Q24209,LABEL L850-GL_Thailand label(C/L)-CANDYMAN,
SL10Q24210,LABEL L850-GL_Thailand label(P/L)-CANDYMAN,
SL10Q24212,LABEL UAE EQM mark label(P/L)-CANDYMAN,
SL10Q24220,LABEL LPS-15WP B_US&CA&TW (C/L)-CANDYMAN,
SL10Q24224,LABEL 9560NGW+L850-GL_BR label(C/L)-CANDYMAN,
SL10Q24225,LABEL 9462NGW+L850-GL_BR label(C/L)     X410,
SL10Q24226,LABEL RTL8822CE+L850-GL_BR label(C/L),
SL10Q24262,LABEL AX201NGW OEM wifi label(C/L),
SL10Q24263,LABEL RTL8822CE OEM wifi label(C/L),
SL10Q24298,LABEL RTL8852AE_US&CA&TW(C/L),
SL10R13147,LABEL OEM wifi label_9462NGW(C/L),
SL10R13148,LABEL OEM wifi label_RTL8822CE(C/L)-CANDYMAN,
SL10R13162,LABEL P340 Mexico Label for TWR(C/L)-CANDYMAN,
SL10R13164,LABEL P340 Russia�� label_LIPC(P/L)-CANDYMAN,
SL10R13169,LABEL L850-GL OEM Label(C/L)-CANDYMAN,
SL10R13170,LABEL L850-GL_RTL8822CE OEM(C/L),
SL10R13171,LABEL L850-GL_9560NGW OEM(C/L)-CANDYMAN,
SL10R13172,LABEL L850-GL_9462NGW OEM(C/L)  X410,
SL10R13194,LABEL P340 Tiny Mexico label(C/L),
SL10R13221,LABEL 9260NGW OEM label(C/L),
SL10R13226,LABEL Hot Surface Warning Label(C/L),
SL10R13228,LABEL EM160R-GL_US&CA(C/L) 03_25,
SL10R13229,LABEL EM160R-GL_KC identifier(C/L),
SL10R13230,LABEL EM160R-GL_Brazil(C/L),
SL10R13231,LABEL EM160R-GL_South Africa(C/L),
SL10R13232,LABEL 9260NGW+ EM160R_SA(C/L),
SL10R13243, LABEL EM160R-GL_OEM label(CL)  ,
SL10R13244,LABEL EM160R-GL 9260NGW_OEM label(C/L),
SL10R13284,LABEL Product info label 125*28mm(C/L),
SL10W66845,LABEL Geo Label�� for US-CANDYMAN,
SL11E21483,LABEL W10 Pro DG from W11 label P/L,
SL11F13093,LABEL AX211NGW_Brazil(C/L),
SL11F13156,LABEL SE70 ENG/SPA/POR/BRL/POL/BUL(C/L),
SL11F13193,LABEL P360 Thermal Warning Label(C/L),
SL11F13209,LABEL 9260NGW SE70 OEM wifi label(C/L),
SM30N76841,MEMORY 4GB D4 32S RMSA3310MR86H9F-3200,
SM31C82423,MEMORY 16GB D5-48E M324R2GA3BB0-CQK,
SM31K10408,MEMORY 8GB D4 32 U RMUA5200KE78HAF-3200,
SSS0L25219,SSD INT KSHarbor 512G 2280 PCIe3x4 QLC,
0000044M4934,AT VAO ASSET TAG,
S948D28736,HQ21405874001_PSENSOR RUBBER_4th,
SFR0W58052,FLASH_ROM Chipset with BIOS ROM WINBOND,
SFR0W58065,FLASH_ROM Chipset with BIOS ROM MXIC,
SFR0W58069,FLASH_ROM BIOS ROM winbond,
SFR0W58079,FLASH_ROM BIOS ROM GD,
SL10H11546,LABEL CA WARNING statement label,
SL10R26752,LABEL CCL Silver Asset Tag Label,
SL10W47280,"LABEL LABEL Mudflap Sys LBL MTYlocal,SLR",
SL10Y77892,LABEL GEO Label for MTY local build,
SL10Z22230,LABEL GEO LBL TAA local,
SL10Z35742,LABEL GEO USA Factory ID for MTY GY,
SL10Z36131,LABEL System Label MTY local GS Black,
SL10Z47293,"LABEL SystLBL MTY local, GS Black",
SL11A12151,"LABEL GL USA Factory ID for Monterrey,BK",
SL11A12152,LABEL Harman label for D cover,
SL11B03771,"LABEL SysLBL MTY local,GS BK",
SL11B03795,"LABEL Harman label for D cover, silver",
SL11B03798,LABEL SysLbl MTY local BK,
SL11B95671,LABEL TUV Eyesafe Label,
SL11B96988,LABEL GL Japan Factory ID for YNZ BK,
SL11B97021,LABEL Antimicrobial sticker label,
SL11B97030,"LABEL GEO Label Korea, Black",
SL11B97080,LABEL LBL System LBL MTY BK,
SL11C17839,LABEL GL USA Factory ID MTY BK,
SL11C82925,LABEL GEO Label Korea (safety label),
SL11C82997,LABEL India GEO battery CID TP00124C,
SL11D53356,"LABEL UKCA System Label, Black",
SL11F35205,LABEL GEO Label  for Monterey,
SL11H55469,LABEL Mercury 3.0 AMD System Label MTYSR,
SL11H71810,"LABEL LABEL System MTY, GS Silver",
SL11H77352,LABEL System LBL MTY MineralGrey(Silver),
SL11H86521,"LABEL System Label MTY, GY",
SL11J06695,LABEL GEO Label  for Monterey,
SL11J81390,LABEL Factory ID for Monterrey,
S948D28737,HQ21405876001_5M_FRONT CAMERA_RUBBER_4th,
S948D28738,HQ21801574001_MIC FIXED holder_4th,
0000001GV359,LABEL MSFT Asset Tag Label,
0000001GV365,LABEL BOM Tag Label,
4HD7A79790,CD6-L PCIe 1.3DWPD 1920GB SIE,
SA47A35992,LABEL Asset Tag ��Description,
SA47A87314,LABEL Asset Tag,
SL17A31126,"LABEL Label, D2 Chassis",
SL17A40590,"LABEL Intel Pentium Gold CPU, Size 1",
SL17A40591,"LABEL 8th Gen Intel Core i3 CPU, Size 1",
SL17A58225,LABEL 2.5 Tray NonHotswap label,
SM37A21465,MEMORY HMA82GR7JJR4N-VK,
SM37A68751,MEMORY S M393A2K43DB3-CWE 16GB D4-32R,
SM37A91270,MEMORY HMABAGL7ABR4N-WM 128G M1aHM,
SM37A96535,MEMORY S M391A1K43DB2-CWE 8GB D4-32E,
SM37A98043,MEMORY S M393A8G40BB4-CWE 64GB D4-29R,
SM37B05352,MEMORY MTA36ASF8G72PZ-3G2F1 64GB D4-32R,
SM37B06628,MEMORY W LV32D4R2D4ME-64 64GB D4-32R,
SSA7A92840,SP Intel G6505 2C/4T 4.2G 58W 4M,
SSA7B27137,SP Intel SPR 6454S E3 QS Q16X,
SSS7A41532,SSD 2.5'' SAS SM PM1643a 1.92TB Base DE,
SSS7B07868,"SSD 2.5"" 5400M 1.92TB MU SATA HS L2     ",
SM30N76925,MEMORY 16GB D4 32 S RMSA3340MF88HBF-3200,
SSS0L25213,SSD SAM PM9B1 256G 2280 PCIe G4V x4 OPAL,
SSS0L25214,SSD SAM PM9B1 512G 2280 PCIe G4V x4 OPAL,
SM30N76928,MEMORY 16GB D4 32 U RMUA5200MF88HBF-3200,
SM37A85846,MEMORY H HMAA4GR7CJR8N-XN 32GB D4-32R   ,
SSS7A23400,SSD Intel P5520 1.92/1.6TB NVMe SSD-STD ,
SM30N76921,MEMORY 8GB D4 32 U LV32D4U2S8SD-8       ,
SM30N76772,MEMORY 8GB DDR4 32U HMAA1GU6CJR6N-XNN0  ,
SSS7B21781,SSD Micron 7450 12.8/15.36TB NVMe SSD   ,
SSS7A23381,SSD Int P4610 7.68TB U.2 SSD IPDC       ,
SSS0L24796,SSD KIX BG5 256G 2242 PCIe G4V x4 OPAL  ,
SM31J41837,MEMORY 16GB D4 32 S LV32D4S2S8HC-16     ,
SSA7B28128,SP GENOA 9534 64C/2.3-2.4G/280W         ,
SSA7B27154,SP GENOA 9354 32C/2.75-2.85G/280W       ,
SSA7B28132,SP GENOA 9224 24C/2.15-2.25G/200W       ,
SSA7B28139,SP GENOA 9354P 32C/2.75-2.85G/280W      ,
SSS7A75310,SSD Int M1098924-001 M.2 960G M1a       ,
SM37B08382,MEMORY W LV32D4R2D8HD-161 16GB D4-32R   ,
SW11A40418,WIRELESS Fibocom FM350                  ,
SSS0L68743,SSD MIC 2100AI 1T 2230 WT-PCIe3x4 OPAL  ,
SSS7B07728,"SSD 2.5"" 5400P 480GB RI SATA HS L2      ",
SSA7B27135,SP Intel SPR 8444H E3 QS Q17J           ,
SSA7B27134,SP Intel SPR 8450H E3 QS Q17S           ,
SSA7B27133,SP Intel SPR 8454H E3 QS Q17D           ,
SSA7B38193,SP INTEL SPR 8474C E5 QSFD Q23A I4      ,
SSS7B07725,"SSD 2.5"" 5400P 240GB RI SATA HS L2      ",
SSS7B07866,"SSD 2.5"" 5400M 480GB MU SATA HS L2      ",
SM37A96491,MEMORY S M321R2GA3BB6-CQK 16GB 1Rx8 48R ,
SM37B27362,MEMORY MTC20F1045S1RC48BA2 32GB 1Rx4 48R,
SM37B35217,MEMORY S M321R8GA0BB0-CQK 64GB 2Rx4 48R ,
SM37B03143,MEMORY H HMA81GU7DJR8N-XN 8GB D4-26E    ,
SSA1F38797,SP Intel i7-12700F 2.1GHz/12C/25M 65W   ,
SSS7A75318,SSD HFS3T8GEEWX091N 3.84T E1.S M1a      ,
SP27A83192,,
SP27A83193,,
SSS0Y86526,SSD UM AM6A0 512G 2280 PCIe G4V x4 OPAL ,
SSS0Y86492,SSD MIC 3400 2T 2280 P-PCIe4x4 OPAL     ,
SSS0L25215,SSD SAM PM9B1 1T 2280 PCIe G4V x4 OPAL  ,
SW11E39842,WIRELESS Fibocom L860R Grriffin No eSIM ,
SSA7B37738,SP SPR 8473C E5 Q23G paid sample        ,
SSA7B39653,SP Intel SPR 6430 E5 QS Q23B            ,
SSA7B35535,SP Intel SPR 8455CL E4 QS Q20G          ,
SM37B03145,MEMORY S M391A2K43DB1-CWE 16GB D4-26E   ,
SSA1K39952,SP Intel i5-13400T 1.3GHz/10C/20M 35W   ,
SSA1K39950,SP Intel i5-13600T 1.8GHz/14C/24M 35W   ,
SSS7A75392,SSD H HFS3T8GEEWX132N 4T E1.S M1a AVAP  ,
SSA7B27153,SP GENOA 9634 84C/2.0-2.1G/290W         ,
SSA7B28129,SP GENOA 9454 48C/2.25-2.35G/290W       ,
SSA7B28130,SP GENOA 9334 32C/2.3-2.5G/210W         ,
SSA7B28131,SP GENOA 9254 24C/2.4-2.5G/200W         ,
SSA7B28134,SP GENOA 9274F 24C/3.4-3.6G/320W        ,
SM37B06564,MEMORY MTA36ASF8G72PZ-3G2E1 64G M1 AVAP ,
SM30N76900,MEMORY 32GB D4 32 U M378A4G43BB2-CWE    ,
SSS0Y86491,SSD MIC 3400 1T 2280 P-PCIe4x4 OPAL     ,
SSS0Y86495,SSD SAM PM9A1a 1T 2280 PCIe G4P x4 OPAL ,
SSS0Y86521,SSD UM AM6A0 512G 2280 PCIe G4V x4 OPAL ,
SSS0Y86522,SSD UM AM6A0 1T 2280 PCIe G4V x4 OPAL   ,
SSS1D71485,SSD MIC 2450 1T 2280 PCIe G4V x4 OPAL   ,
SSS1F20330,SSD SKH BC901 512G 2280 PCIe G4V x4 OPAL,
SSS1F20331,SSD SKH BC901 1T 2280 PCIe G4V x4 OPAL  ,
SM30N76947,MEMORY 32GB D5 48 U M323R4GA3BB0-CQKOL  ,
SSA7B27129,SP Intel SPR 6430 E3 QS Q16W            ,
SSA7B27136,SP Intel SPR 8458P E3 QS Q170           ,
SSA7B27139,SP Intel SPR 8470 E3 QS Q16R            ,
SSA7B27131,SP Intel SPR 8490H E3 QS Q17G           ,
SSA7B37577,SP Intel SPR 5416S S2 QS Q1WP           ,
SSA7B37579,SP Intel SPR 6438Y+ S2 QS Q1VV          ,
SSA7B37578,SP Intel SPR 6438N S2 QS Q1WN           ,
SM37B39625,MEMORY HMAG74EXNRA 16G 1RX4 M1aAVAP     ,
SM31J41836,MEMORY 16GB D4 32 U LV32D4U2S8HC-16     ,
SSS1D33668,SSD WD SN740 512G 2242 PCIe G4V x4 OPAL ,
SM37B06584,MEMORY MTC20F1045S1RC48BA2 W/CE M1a AVAP,
SM37B23579,MEMORY S M321R8GA0BB0-CQK 64G M1a AVAP  ,
SSS7B07231,SSD S MZCL23T8HCLS-00AMV E1.S M1a AVAP  ,
SSS7B08303,SSD M.2 7450P 480GB RI EN NVMe NHS -STD ,
SM37B33474,MEMORY HMCGY4MEBRB 48G 1RX4 4800 M1 AVAP,
SM37B28936,MEMORY MTA36ASF8G72LZ-3G2F1 64G M1a AVAP,
SM31K10406,MEMORY 8GB D4 32 S RMSA3320KE78HAF-3200 ,
SSS1D33669,SSD WD SN740 1T 2242 PCIe G4V x4 OPAL   ,
SM37B31923,MEMORY MTC40F2046S1RC48BA1 64G M1a AVAP ,
SM37B34570,MEMORY H HMCG94MEBRA 64GB 2Rx4 48R      ,
SSS7B21985,"SSD 2.5"" Nytro  3750 1.6TB SAS HS L2    ",
SHD7A70492,"HDD 3.5"" SAS HDD SG Cimirron 4TB DE     ",
SSA1K08674,SP Intel i7-13700 2.1GHz/16C/30M 65W    ,
SSA1K39951,SP Intel i5-13500T 1.6GHz/14C/24M 35W   ,
SSA1K39945,SP Intel i7-13700T 1.4GHz/16C/30M 35W   ,
SW10T06473,WIRELESS Intel AX210 NV M2 WLAN         ,
SM37B35216,MEMORY H HMCG88MEBRA 32GB 2Rx8 48R      ,
SM37B04456,MEMORY S M393AAG40M32-CAE 128GB D4-29R  ,
SSA7B40437,SP Intel SPR 8473C 52C/2.1G/350W M1     ,
SSA1K39400,SP Intel i5-13400F 2.5GHz/10C/20M 65W B0,
SSA1K39949,SP Intel i5-13400F 2.5GHz/10C/20M 65W C0,
SSA1K08675,SP Intel i5-13400 2.5GHz/10C/20M 65W B0 ,
SSA1K39948,SP Intel i5-13400 2.5GHz/10C/20M 65W C0 ,
SSS0Y86515,SSD SAM PM9A1a 512G 2280 PCIe G4Px4 OPAL,
SM31C22907,MEMORY 64GB D5-48R M321R8GA0BB0-CQKDG   ,
SM30N76883,MEMORY 16GB D5 48 T M426R2GA3BB0-CQKOD  ,
SM31C22901,MEMORY 64GB D5-48R MTC40F2046S1RC48BA1 F,
SM31K55889,MEMORY 32GB D5-48R MTC20F2085S1RC48BA1 N,
SSA7A92843,"SP Intel G6405T 2C/4T,3.5G,35W,4M       ",
SSA7B40920,SP Intel SPR 8455CL 48C/2.0G/325W M1    ,
SSS7B07865,"SSD 2.5"" 5400P 7.68TB RI SATA HS L2     ",
SSS7B07869,"SSD 2.5"" 5400M 3.84TB MU SATA HS L2     ",
SSS7B39960,SSD Intel P5520 1.92T SSDPF2KX019T1M-BC1,
SM37B05353,MEMORY MTA36ASF8G72PZ-3G2F1 64GB D4-29R ,
SSA1K39947,SP Intel i5-13500 2.5GHz/14C/24M 65W    ,
SM31K55888,MEMORY 16GB D5-48R MTC10F1084S1RC48BA1 N,
SM31L09729,MEMORY 16GB D5-48R HMCG78MEBRA107N      ,
SSS0Y86517,SSD SAM PM9A1a 2T 2280 PCIe G4P x4 OPAL ,
SM31L09734,MEMORY 64GB D5-48R MTC40F2046S1RC48BA1 I,
SSS0Y86529,SSD SOL EchoHarbor 512G 2280 PCIe G4 x4 ,
SSS0Y86523,SSD UM AM6A0 256G 2242 PCIe G4V x4 OPAL ,
SSS0Y86524,SSD UM AM6A0 512G 2242 PCIe G4V x4 OPAL ,
SSA7B40070,SP Intel SPR 8487C 56C/1.9G/350W M1     ,
SM37B39447,MEMORY MTC40F204WS1RC48BB1 96G M1 AVAP  ,
SSA7B28137,SP GENOA 9554P 64C/3.1G/360W            ,
SSA7B28136,SP GENOA 9654P 96C/2.4G/360W            ,
SSA7B28135,SP GENOA 9174F 16C/4.1G/320W            ,
SSA7B28138,SP GENOA 9454P 48C/2.75G/290W           ,
SW11E39840,WIRELESS Fibocom L860R Jaguar-2 No eSIM ,
SSA1K08671,SP Intel i7-13700K 3.4GHz/16C/30M 125W  ,
SSA1K08673,SP Intel i9-13900 2GHz/24C/36M 65W      ,
SSA1F38794,SP Intel i9-12900F 2.4GHz/16C/30M 65W   ,
SW10T06437,WIRELESS Gemalto eSIM                   ,
SM37A91236,MEMORY Mic 32GB 2RX4 PC4-3200 BC1       ,
SM37B06629,MEMORY W LV32D4R2D4HA-64 64GB D4-32R    ,
SSS0Y86496,SSD SAM PM9A1a 2T 2280 PCIe G4P x4 OPAL ,
SSS0Y86516,SSD SAM PM9A1a 1T 2280 PCIe G4P x4 OPAL ,
SSS1D33696,SSD WD SN810 1T 2280 PCIe G4P x4 OPAL   ,
SSS1D33697,SSD WD SN810 2T 2280 PCIe G4P x4 OPAL   ,
SSS1F20337,SSD SKH PC801 2T 2280 PCIe G4P x4 OPAL  ,
SSS1F20344,SSD SKH PC801 512G 2280 PCIe G4P x4 OPAL,
SSS1F20345,SSD SKH PC801 1T 2280 PCIe G4P x4 OPAL  ,
SSS1F20346,SSD SKH PC801 2T 2280 PCIe G4P x4 OPAL  ,
SM30N76946,MEMORY 16GB D5 48 U M323R2GA3BB0-CQKOL  ,
SM37B28532,MEMORY W LV32D4R2D4MF-64 64GB D4-29R    ,
SM31D97922,MEMORY 64GB D4-32R HMAA8GR7CJR4N-XN     ,
SSS7A70482,SSD 2.5 NVMe SSD PM1733 1.92T DM        ,
SSS7A70483,SSD 2.5 NVMe SSD PM1733 1.92T SED DM    ,
SSA0X88592,SP Intel G6500 4.1GHz/2C/4M 58W         ,
SSA1K05897,SP Intel W9-3495X 1.9GHz/56C/105M 350W  ,
SSA1K05899,SP Intel W7-3465X 2.5GHz/28C/75M 300W   ,
SSA1K08670,SP Intel i9-13900K 3GHz/24C/36M 125W    ,
SSA1K05905,SP Intel W5-3423 2.1GHz/12C/30M 220W    ,
SM37B03147,MEMORY S M391A4G43BB1-CWE 32GB D4-26E   ,
SM37A92497,MEMORY S M393A4G43BB4-CWE 32GB D4-32R   ,
SM37B27364,MEMORY MTC36F2046S1PC48BA1 64G 2Rx4 48R9,
SSA7B32775,SP GENOA 9634 PR sample 84C/290W        ,
SSA7B32781,SP GENOA 9254 PR sample 24C/200W        ,
SSA7B32778,SP GENOA 9454 PR sample 48C/290W        ,
SSA7B32780,SP GENOA 9334 PR sample 32C/210W        ,
SSA7B32790,SP GENOA 9454P PR sample 48C/290W       ,
SSA7B32784,SP GENOA 9474F PR sample 48C/360W       ,
SSA1K81736,SP Intel W5-2445 3.1GHz/10C/26.25M 175W ,
SSA1L11095,SP Silver 4410T 2.7GHz/10C/26.25M 150W  ,
SSA1L11092,SP Xeon Gold 5416S 2GHz/16C/30M 150W    ,
SSA1L11091,SP Xeon Gold 5420+ 2GHz/28C/52.5M 205W  ,
SSA1K96130,SP Intel Xeon 8468 2.1GHz/48C/105M 350W ,
SSA1K81734,SP Intel W5-2465X 3.1GHz/16C/33.75M 200W,
SSA1K81738,SP Intel W3-2425 3.0GHz/6C/15M 130W     ,
SSS1D71486,SSD MIC 2400 512G 2280 PCIe G4 x4 QLC   ,
SSA7B09650,SP SPR 8444H 16C/2.9-3.2G/270W          ,
SSA7B21846,SP SPR 5416S 16C/2.1-2.9G/150W          ,
SSA7B09642,SP SPR 6430 32C/1.9-3.0G/270W           ,
SSA7B09649,SP SPR 8450H 28C/2.0-2.6G/250W          ,
SSA7B21828,SP SPR 6438Y+ 32C/(1.9~2.1)-3.0G/205W   ,
SSA7B21840,SP SPR 6438N 32C/2.0-3.0G/205W          ,
SM37B30636,MEMORY MTSD032AQC6MS-1WT 32GB SD Card   ,
SSA7B44013,SP ICX 8358 32C/2.6G/250W AVAP O2       ,
SM37A68711,MEMORY MTA144ASQ16G72PSZ-2S6E1 M1 AVAP  ,
SM37A90427,MEMORY 256GB 4800MHz Intel Optane PMem  ,
SM37A90426,MEMORY 128GB 4800MHz Intel Optane PMem  ,
02JG339,MEMORY 32GB TruDDR4 3200MHz 2Rx8 1.2V   ,
SSS7A41531,"SSD 2.5"" SAS SM PM1643a 960GB Base DE   ",
SSS7A70472,SSD 2.5 SAS SSD SM PM1643a 7.68TB DE    ,
SSS1D33695,SSD WD SN810 512G 2280 PCIe G4P x4 OPAL ,
SSS7A70487,SSD 2.5 NVMe SSD PM1733 7.68T SED DM    ,
SM37B30950,MEMORY NT32GA72D4NFX3K-JR 32G M1a AVAP  ,
SM37A92492,MEMORY S M393A4G43BB4-CWE 32GB D4-32R   ,
SM30N76975,MEMORY 16GB D5 56 U HMCG78AGBUA081N     ,
SM31J41908,MEMORY 16GB D5 56 U HMCG78AGBUA084N     ,
SSA1F38800,SP I i5-12400F 2.5GHz/6C/18M 65W SRL4W  ,
SSA1H00497,SP I i5-12400F 2.5GHz/6C/18M 65W SRL5Z  ,
SM31K10434,MEMORY 4GB D4 32S WT KT4GS4AE4          ,
SM31K10436,MEMORY 8GB D4 32S WT KT8GS4AE8          ,
SM31K10438,MEMORY 16GB D4 32S WT KTFGS4AE8         ,
SM31K10440,MEMORY 32GB D4 32S WT KTQGS4AEF         ,
SSA7B09637,SP SPR 8480+ 56C/2.0-3.0G/350W          ,
SSA7B09651,SP SPR 8470N 52C/1.7-2.7G/300W          ,
SM37B38629,MEMORY HMCGM4MEBRB CS 96G 48R M1aAVAP   ,
4SS7A87790,7.68TB 1 DWPD dual port                 ,
4SS7A87791,15.36TB 1 DWPD dual port                ,
SSS7B08262,SSD Solidigm D3-S4520 240GB SSD         ,
SM31K16451,MEMORY 16GB D5-48E M324R2GA3BB0-CQKOL   ,
SM31J41893,MEMORY 16GB D5 56 S M425R2GA3BB0-CWMOD  ,
SM31K10396,MEMORY 32GB D5 56 T HMCG88AGBAA095N     ,
SM37B34668,MEMORY MTA36ASF4G72PZ-3G2R1 32GB D4-26R ,
SM37B38630,MEMORY HMCGM4MGBRB CS 96G 56R M1 AVAP   ,
SSA1K81739,SP Intel W3-2423 2.1GHz/6C/15M 110W     ,
SSA1L11093,SP Xeon Silver 4416+ 2GHz/20C/37.5M 165W,
SSS7B00276,SSD Kioxia CD7 U.2 1.92T BC1            ,
SM37B31213,MEMORY H HMCG84AEBQA 32GB 1Rx4 48R9     ,
SSS1D33726,SSD KIX XG8 4T 2280 PCIe G4P x4 OPAL    ,
SM31J41911,MEMORY 16GB D5 56 S HMCG78AGBSA095N     ,
SM31J41907,MEMORY 8GB D5 56 U HMCG66AGBUA084N      ,
SM31J41792,MEMORY 32GB D5 56 S HMCG88AGBSA092N     ,
SM30N76976,MEMORY 32GB D5 56 U HMCG88AGBUA081N     ,
SM37B06933,MEMORY Sam 32GB 1RX4 DDR5 4800 16G RDIMM,
SSA7B21822,SP SPR 6444Y 16C/3.5-4.1G/270W          ,
SSA7B21838,SP SPR 6416H 18C/2.2-3.0G/165W          ,
SSA7B21843,SP SPR 5418N 24C/2.0-2.8G/165W          ,
SSS7B08259,SSD M.2 7450P 3.84TB NVMe NHS SSD -STD  ,
SSS7B06816,"SSD 2.5"" PM1733a 30.72TB RI NVMe SSD    ",
SSA1K81737,SP Intel W3-2435 3.1GHz/8C/22.5M 165W   ,
SM30N76924,MEMORY 8GB D4 32 S RMSA3310MF96HAF-3200 ,
SSA7B21832,SP SPR 4410Y 12C/2.0-3.0G/135-145W      ,
SSA7B48881,SP SPR 8474C 48C/2.1G/350W I4 MP        ,
SSS7B03086,SSD PM1653 30.72T RI/PM1655 25.6T MU HS ,
4SS7A88066,16TB Seagate SATA MDL SATA SED          ,
SSS1D71481,SSD MIC 2450 512G 2242 PCIe G4V x4 OPAL ,
SSS7A81294,,
SSA7B21835,SP SPR 4410T 10C/2.9-3.1G/150W          ,
SM37B08381,MEMORY W LV32D4R2D8HD-161 16GB D4-32R   ,
SM37A90931,MEMORY S M393A8G40AB2-CWE 64GB D4-29R   ,
SM37B33475,MEMORY HMCGY4MEBRB 48G 48R M1a AVAP     ,
SM37A92493,MEMORY S M393A4G43BB4-CWE 32GB D4-32R   ,
SSS7A75269,,
SSA7B67817,SP Intel EMR ES0 Q2M1                   ,
SSA7B21826,SP SPR 6426Y 16C/2.6-3.5G/185W          ,
SSA7B21827,SP SPR 5415+ 8C/2.9-3.7G/150W           ,
SSS7A75320,SSD WUS4AB0A1D9ELE8 15.36 E1.L M1a AVAP ,
SSA1K81732,SP Intel W7-2495X 2.5GHz/24C/45M 225W   ,
SSA1K81735,SP Intel W5-2455X 3.2GHz/12C/30M 200W   ,
SSA1K05900,SP Intel W7-3455 2.5GHz/24C/67.5M 270W  ,
SSA1K05904,SP Intel W5-3425 3.2GHz/12C/30M 270W    ,
SSA1K96140,SP Intel Xeon 6430 2.1GHz/32C/60M 270W  ,
SSA1L11094,SP Xeon Silver 4410Y 2GHz/12C/30M 150W  ,
SSA7B09645,SP SPR 8490H 60C/1.9-2.9G/350W          ,
SSA7B09647,SP SPR 8460H 40C/2.2-3.1G/330W          ,
SSA7B21836,SP SPR 6448H 32C/2.2-3.2G/225W          ,
SSA7B21839,SP SPR 6434H 8C/4.0-4.1G/205W           ,
SSA7B21845,SP SPR 6438M 32C/2.3-3.1G/205W          ,
SSA7B09646,SP SPR 8468H 48C/2.1-3.0G/330W          ,
SSA7B09648,SP SPR 8454H 32C/2.1-2.7G/270W          ,
SSA7B21837,SP SPR 6418H 24C/2.0-3.0G/185W          ,
SSS7B45071,SSD KLD2DLJC30T7 30.7T E1.L SSD M1 AVAP ,
SSA7B41247,SP SPR 8457C 48C/2.6G/350W BC1          ,
SSS7B09411,SSD MZQL2960HCJR-00A07 960G U.2 STD     ,
SM37B28531,MEMORY W LV32D4R2D4MF-64 64GB D4-32R    ,
SSS0L25207,SSD SAM PM9B1 512G 2242 PCIe G4V x4 OPAL,
SSS1D71487,SSD MIC 2400 1T 2280 PCIe G4 x4 QLC     ,
SSA1K39944,SP Intel i9-13900T 1.1GHz/24C/36M 35W   ,
SSS7A70478,SSD 2.5 SAS SSD SM PM1643a 15.36TB DM   ,
SSA7B21821,SP SPR 8462Y+ 32C/2.8-3.6G/300W         ,
SSA7B09654,SP SPR 8458P 44C/2.7-3.2G/350W          ,
SW11E39874,WIRELESS WWAN Quectel EM05-G DT         ,
SM31J41894,MEMORY 32GB D5 56 S M425R4GA3BB0-CWMOD  ,
SM37B28529,MEMORY W LV32D4R2D4MF-64 64GB D4-32R    ,
SSA7B21824,SP SPR 6448Y 32C/2.2-3.3G/225W          ,
SSS7B44523,SSD Mic MTFDKCC7T6TFR-1BC15FCYY STD     ,
SSS7B00302,SSD MZCLO3T8HBLT-00AMZ 4T E1.S M1a      ,
SSS7B64510,SSD KXDZFRJ91T12 XD7P E1.S 1.92T M1 AVAP,
SSS7B64518,SSD KXDZFRJ97T68 E1.S 7.68T M1 AVAP     ,
SSS7B68122,SSD KXDZFRJ93T84 3.84T E1.S M1aAVAP     ,
00FE005,MEMORY IBM FLASH DIMM                   ,
SM37A67190,MEMORY USB STICK                        ,
SSA7B21823,SP SPR 6434 8C/3.9-4.2G/205W            ,
SSA7B21829,SP SPR 5420+ 28C/1.9-2.1G/205W          ,
SSA7B21830,SP SPR 5418Y 24C/2.1-2.9G/185W          ,
SSA7B09653,SP SPR 8468V 48C/2.4-2.9G/330W          ,
SSS7A75340,SSD MZ1L23T8HBLA-00AMV 3.84T M1a AVAP   ,
SM37B38631,MEMORY HMCGM4MGBRB CS 96G 56R M1aAVAP   ,
SSS7B64320,SSD HFS960GDJ0X132N 960G M.2 M1aAVAP    ,
SM37A96492,MEMORY S M321R4GA0BB0-CQK 32GB 1Rx4 48R ,
SSS7B21983,,
SSA1K05903,SP Intel W5-3433 2.0GHz/16C/45M 220W    ,
SSS0L25206,SSD SAM PM9B1 256G 2242 PCIe G4V x4 OPAL,
SSA7B67819,SP Intel EMR ES2 Q2SE                   ,
SSS7B39031,SSD I SSDPF2KX038T1 3.84T-BC1-B&S       ,
SSS7B39033,SSD I SSDPF2KX019T1 1.92T-BC1-B&S       ,
SM37B23577,MEMORY S M321R4GA0BB0-CQK 32G M1a AVAP  ,
SM31J41909,MEMORY 32GB D5 56 U HMCG88AGBUA084N     ,
SSA1K39946,SP Intel i5-13600 2.7GHz/14C/24M 65W    ,
SSS1F20329,SSD SKH BC901 256G 2280 PCIe G4V x4 OPAL,
SSS7B06783,SSD Micron 5400 480GB Entry SATA 6Gb    ,
SSS7B46610,SSD S MZ-V8V500 M.2 SSD CSP  A7 CRB     ,
SSA1K08672,SP Intel i5-13600K 3.5GHz/14C/24M 125W  ,
SSA7B09641,SP SPR 8452Y 36C/2.0-2.8G/300W          ,
SSA7B69038,,
SSA7B69022,,
SSA7B69031,,
SSA7B69024,,
SSA7B69025,,
SSA7B69027,,
SSA7B69036,,
SSA7B69029,,
SSA7B69028,,
SSA7B07149,SP CLX 8268 24C/2.9G/205W MTY           ,
SSA7B09644,SP SPR 6414U 32C/2.0-2.6G/250W          ,
SSA7B09657,SP SPR 6454S 32C/2.2-2.8G/270W          ,
SSS7A95430,"SSD 2.5"" PM1743 7.68TB RI NVMe HS-STD   ",
SM37B34663,MEMORY W LV32D4R2D8HD-161 16GB D4-26R   ,
SM37A96539,MEMORY S M391A4G43BB1-CWE 32GB D4-32E   ,
SSS7B28032,SSD E3.S PM1743 1.92T RI/PM1745 1.6T MU ,
SSS7B07973,"SSD 2.5"" PM1743 3.84TB RI NVMe HS -STD  ",
SSS7B07967,"SSD 2.5"" PM1743 1.92TB RI NVMe HS-STD   ",
SM30N76977,MEMORY 8GB D5 56 S HMCG66AGBSA092N      ,
SSS0Y86530,SSD SOL EchoHarbor 1T 2280 PCIe G4 x4   ,
SSS7B69525,SSD MTFDDAK480TGA-1BC1ZABYY CSP A7 CRB  ,
SSS7B69661,SSD S MZWLO1T9HCJR-00A07 U.3 CSP A7 CRB ,
SSS7B69662,SSD MTFDKCB1T9TFR-1BC15ABYY CSP A7 CRB  ,
SSS7B69526,SSD MZQL2960HCJR-00A07 960G CSP A7 CRB  ,
SSA1K55557,SP Intel i3-13100 3.4GHz/4C/12M 60W     ,
SSA1K55559,SP Intel i3-13100T 2.5GHz/4C/12M 35W    ,
SSA7B21825,SP SPR 6442Y 24C/2.6-3.0G/225W          ,
SM37B48896,MEMORY Pviot3 64GB USB Stick            ,
SSA1K05898,SP Intel W9-3475X 2.2GHz/36C/82.5M 300W ,
SSA1K05901,SP Intel W7-3445 2.6GHz/20C/52.5M 270W  ,
SSA1K05902,SP Intel W5-3435X 3.1GHz/16C/45M 270W   ,
SSA1K81733,SP Intel W7-2475X 2.6GHz/20C/37.5M 225W ,
SSS7A75237,SSD S MZQL23T8HCLS-00B7C 3.84T CSP      ,
SC51J60179,WIRELESS SE10 POE M.2 LAN Card          ,
SSA7B21831,SP SPR 4416+ 20C/2.1-3.0G/165W          ,
SSA7B21834,SP SPR 3408U 8C/1.8-1.9G/125W           ,
SSS7B28038,SSD E3.S PM1743 7.68T RI/PM1745 6.4T MU ,
SM37B40940,MEMORY MTA18ASF4G72AZ-3G2F1 32GB D4-32E ,
SM37B05350,MEMORY MTA36ASF8G72PZ-3G2F1 64GB D4-32R ,
SM37B10061,MEMORY MTC20F2085S1RC48BA1 32GB 2Rx8 48R,
SM31J41910,MEMORY 8GB D5 56 S HMCG66AGBSA095N      ,
SM31K08661,MEMORY 16GB D5-56E HMCG78AGBEA081N      ,
4SS7A88903,SSD,
4SS7A88913,SSD,
SSA7A80025,SP CPX-6 6328HL 16C/2.8G/165W/xxM       ,
SM37B09919,MEMORY S M393A1K43DB2-CWE 8GB D4-29R    ,
SSS7B41112,SSD I SSDPEWNV153T8D 9.5mm 15T M1aAVAP  ,
SW11E39839,WIRELESS Fibocom L860-GL-16 No eSIM     ,
SSS0Y86528,SSD UM AM6A0 128G 2242 PCIe G3 x4       ,
SM37B21870,MEMORY W LV32D4R2D4HC-64 64GB D4-32R    ,
SM37B21873,MEMORY W LV32D4R2D4HC-64 64GB D4-29R    ,
SSS7B28041,SSD E3.S PM1743 15.36T RI/PM1745 12.8T M,
SSS7B70425,SSD Sam MZVL2512HCJQ-00B00 M.2 CSP A7   ,
SSS7B64511,SSD KXDZFRJ91T12 XD7P E1.S 1.92T M1aAVAP,
SSA7B30156,SP AMD GENOA 96C PC B0                  ,
SSS7A70485,SSD 2.5 NVMe SSD PM1733 3.84T SED DM    ,
SSS7B39035,SSD I SSDPF2KX076T1 7.68T-BC1-B&S       ,
SM31J41892,MEMORY 8GB D5 56 S M425R1GB4BB0-CWMOD   ,
SM31J41904,MEMORY 8GB D5 56 S M425R1GB4BB0-CWMOL   ,
SM31J37828,LOGIC_IC Winbond W25Q512JVEIN,
SM31J37829,LOGIC_IC Macronix MX25L51273GZ4I-08G,
SM31J37840,LOGIC_IC GigaDevice GD25B512MEYIGR,
SM31J75129,LOGIC_IC GigaDevice GD25B256EYIGR,
SM31J75131,LOGIC_IC GigaDevice GD25R256EYIGR,
SM31K03548,LOGIC_IC GigaDevice GD25LB128ESIGR,
SM31K04739,LOGIC_IC Winbond  W25R512JVEIQ,
SM31K07672,LOGIC_IC GigaDevice GD25LR256EYIGR,
SM31J41912,MEMORY 32GB D5 56 S HMCG88AGBSA095N     ,
SSS7B39968,SSD P5520 1.92T SSDPF2KX019T1M BC1-B&S  ,
SM30N76974,MEMORY 8GB D5 56 U HMCG66AGBUA081N      ,
SSS0Y86520,SSD UM AM6A0 256G 2280 PCIe G4V x4 OPAL ,
SSS1D33691,SSD WD SN740 256G 2280 PCIe G4V x4 OPAL ,
SSS1F20341,SSD SKH BC901 256G 2280 PCIe G4V x4 OPAL,
SSS7B69374,SSD Sd SBFPFWBV153TMD E1.L 9.5mm M1 AVAP,
SSS7B69274,SSD I SSDPEWNV153T8D 9.5mm 15T M1aAVAP  ,
SM37B06922,MEMORY S M393A2K43EB3-CWE 16GB D4-32R   ,
SM31J41881,MEMORY 16GB D5 48U RMUB5310MA88IBF-4800L,
SSA7B73324,SP BMC chip with Wiwynn FW              ,
SM37B36578,MEMORY S M393A8G40CB4-CWE 64GB D4-29R   ,
4SS7A90179,SSD                                     ,
SSS0Y86494,SSD SAM PM9A1a 512G 2280 PCIe G4Px4 OPAL,
SSA1K39399,SP Intel i7-13700F 2.1GHz/16C/30M 65W   ,
SM31K08662,,
SM37B71264,MEMORY MTC40F2046S1RC48BA1 64GB 2Rx4 48R,
SM37A88577,MEMORY MTC20F2085S1RC48BA1 32GB 2Rx8 48R,
SSS7B68926,SSD MTFDKCE3T8TFR-1BC15ABYY E1.S CSP    ,
SSS7B68929,SSD MTFDKCE7T6TFR-1BC15ABYY E1.S CSP    ,
SSS7B20818,SSD MZTL23T8HCLS-00A07 3.84T E1.S STD   ,
SSS7B68923,SSD S MZTL27T6HBLA-00A07 8T E1.S CSP    ,
SSA7B09639,SP SPR 8468 48C/2.1-3.0G/350W           ,
SM37B39627,MEMORY HMAG84EXNRA 32G 2RX4 M1aAVAP     ,
SM37B38155,MEMORY MTA36ASF8G72PZ-3G2F1 64G M1a AVAP,
SM30N76750,MEMORY 8GB D4 32S  LV32D4S2S8HD-8       ,
SM31K10527,MEMORY 16GB D4 32 U M378A2G43CB3-CWE    ,
SM31K10535,MEMORY 32GB D4 32 U M378A4G43CB2-CWE    ,
SSS1D33692,SSD WD SN740 512G 2280 PCIe G4V x4 OPAL ,
SM37B71262,MEMORY S M321R8GA0BB0-CQK 64GB 2Rx4 48R ,
SM31D98427,MEMORY 16GB D4-32E MTA18ASF2G72AZ-3G2R1 ,
SFR1L19967,FLASH_ROM 64Mb W25Q64JVSSIN SOP8        ,
SFR1L19966,FLASH_ROM 128Mb W25R128JVSIQ SOP8       ,
SM30N76927,MEMORY 8GB D4 32 U RMUA5190MF96HAF-3200 ,
SSA7B74162,SP GENOA B0 PC 32C 2.4G 210W A7 DVT2    ,
SSA7B74163,SP GENOA B0 PC 80C 2.6G 400W A7 DVT2    ,
SSA7B74164,SP GENOA B0 PC 96C 2.15G 360W A7 DVT2   ,
SSA7B74160,SP GENOA B0 PC 64C 2.9G 360W A7 DVT2    ,
SSA7B74161,SP GENOA B0 PC 32C 2.5G 210W A7 DVT2    ,
SSA7B74165,SP GENOA B0 96C 2.15G 360W A7 DVT2      ,
SL81L50641,LOGIC_IC Winbond W25Q128JVSIN           ,
SL81L50642,LOGIC_IC GigaDevice GD25B128ESIGR       ,
SM30N76929,MEMORY 32GB D4 32 U RMUA5210MF88HCF-3200,
SSS0Y86518,SSD UM AM6A0 256G 2242 PCIe G4V x4 OPAL ,
SSS1D33687,SSD WD SN740 256G 2242 PCIe G4V x4 OPAL ,
SSS1F20326,SSD SKH BC901 256G 2242 PCIe G4V x4 OPAL,
SSS1F20338,SSD SKH BC901 256G 2242 PCIe G4V x4 OPAL,
SSA7B37540,SP SPR 5412U 24C/2.1-2.9G/185W          ,
SM37A88586,MEMORY S M321RBGA0B40-CWK 256GB 8Rx4 48R,
SL17B37431,,
SM31D95142,MEMORY 32GB D4-32E HMAA4GU7CJR8N-XNT0   ,
SM37B06924,MEMORY S M393A2K43EB3-CWE 16GB D4-32R   ,
SSA7B70368,SP SPR 6458Q 32C/3.1G/350W QCOM         ,
SM37B36579,MEMORY S M393A8G40CB4-CWE 64GB D4-29R   ,
SM37B36573,MEMORY S M393A8G40CB4-CWE 64GB D4-32R   ,
SL81M81637,LOGIC_IC XMC XM25QH512CXIQT08S ,
SL81M81636,LOGIC_IC XMC XM25QH128CHIQT08S  ,
SSS7B08361,SSD Samsung PM9A3 960G M.2 NVMe SSD-SED ,
SM30N76926,MEMORY 32GB D4 32 S RMSA3330MF88HCF-3200,
SM31K20215,MEMORY 128GB D5-48R3 HMCT04AEERA128N    ,
SM31K20212,MEMORY 16GB D5-48R HMCG78AEBRA168N      ,
SM31K55900,MEMORY 16GB D5-48R HMCG78AEBRA115N      ,
SM31K55901,MEMORY 16GB D5-48R HMCG78AEBRA173N      ,
SM31K55902,MEMORY 16GB D5-48R HMCG78AEBRA107N      ,
SM31K55909,MEMORY 128GB D5-48R3 HMCT04AEERA131N    ,
SM31K55910,MEMORY 128GB D5-48R3 HMCT04AEERA132N    ,
SM31K55911,MEMORY 128GB D5-48R3 HMCT04AEERA135N    ,
SSS0Z86688,SSD SAM PM991A 128G 2242 PCIe G3 x4     ,
SSA7B74239,SP Intel EMR 8573B 52C/2.3G/385W QS     ,
SM31K20213,MEMORY 32GB D5-48R HMCG88AEBRA168N      ,
SSS7B08362,SSD Samsung PM9A3 1.92T M.2 NVMe SSD-STD,
SSA7B75265,SP Intel EMR 8555C 52C/2.1G/350W QS     ,
SM37B06583,MEMORY MTC20F1045S1RC48BA2 W/CE M1 AVAP ,
SSS1D33677,SSD KIX XG8 512G 2280 PCIe G4P x4 OPAL  ,
SSS1D33681,SSD KIX BG5 256G 2242 PCIe G4V x4 OPAL  ,
SSS7B42637,"SSD 2.5"" PM893a 1.92TB RI SATA HS       ",
SSS7B42634,"SSD 2.5"" PM893a 960GB RI SATA HS        ",
SSS7B42631,"SSD 2.5"" PM893a 480GB RI SATA HS        ",
SSS7A81293,SSD 2.5 SSD PM1653 1.92TB DE            ,
SSS7A43553,SSD Intel S4620 960G MS HS SSD          ,
SSS7B75765,SSD HFS1T9GEJWX132N 1.92T E1.S M1 AVAP  ,
SSS7B75769,SSD HFS3T8GEJWX132N 3.84T E1.S M1 AVAP  ,
SSS7B75773,SSD HFS7T6GEJWX132N 7.68T E1.S M1 AVAP  ,
SSA7B71627,SP GENOA-X 9684X 96C/2.55G/400W B2      ,
SM37B06935,MEMORY S M321R4GA3BB6-CQK 32GB 2RX8 48R ,
SM37B71263,MEMORY S M321R8GA0BB0-CQK 64GB 2Rx4 48R ,
SSS7B27369,"SSD Sam 2.5"" PM9A3 1.92TB NVMe SSD      ",
SSS7B27370,"SSD Sam 2.5"" PM9A3 3.84TB NVMe SSD      ",
SSS7B72119,SSD M.2 PM9A3 3.84TB RI NVMe NHS        ,
SSS7B42640,"SSD 2.5"" PM893a 3.84TB RI SATA HS       ",
SSS7B70283,"SSD 2.5"" CM893a 1.92TB RI SATA HS       ",
SSS0P03436,,
SSA7B69926,SP AMD BERGAMO 9754 128C/2.25G/360W A2  ,
SSA7B76591,SP Intel SPR 8455C 48C/2.0G/325W M1 AR  ,
SM37B75603,MEMORY HMCG94AGBRA 64G 2RX4 5600 M1aAVAP,
SSS1D33678,SSD KIX XG8 1T 2280 PCIe G4P x4 OPAL    ,
SSS1D33686,SSD KIX BG5 1T 2280 PCIe G4V x4 OPAL    ,
4SS7A87495,SSD drive module                        ,
SSA7B72783,SP Intel EMR 8592V 64C/2.0G/330W QS     ,
SSS7B06605,"SSD 2.5"" PM1733a 15.36TB RI NVMe SSD-STD",
SM37B40946,MEMORY S M321RYGA0BB0-CQK 96GB 2Rx4 48R ,
SSS7B76024,SSD Sd SBFPFWBV307TMD E1.L M1aAVAP      ,
SM37B34530,MEMORY H HMCGM4MEBRB 96GB 2Rx4 48R      ,
SSA7B21833,SP SPR 6458Q 32C/3.2-4.1G/350W          ,
SSA7B74746,SP AMD TURIN 128C 1.9G 470W ES2         ,
SSA7B74747,SP AMD TURIN 64C 1.9G 360W ES2          ,
SSA7B76209,SP SPR 8480+ 56C/2.0-3.0G/350W FOC      ,
SSA7B76210,SP SPR 8470 52C/2.0-3.0G/350W FOC       ,
SSA7B76211,SP SPR 8468 48C/2.1-3.1G/350W FOC       ,
SSA1M82105,SP AMD 7945WX 4.7GHz/12C/64M 350W       ,
SSA1M82103,SP AMD 7965WX 4.2GHz/24C/128M 350W      ,
SSA1M82102,SP AMD 7995WX 2.5GHz/96C/384M 350W      ,
SM37B40945,MEMORY S M321R6GA3BB0-CQK 48GB 2Rx8 48R ,
4Z17A90980,6500 ION 30TB U.3 SSD                   ,
SM37B35152,MEMORY S M324R4GA3BB0-CQK 32GB D5-48E   ,
SM30N76978,MEMORY 16GB D5 56 S HMCG78AGBSA092N     ,
SSA1L11090,SP Xeon Gold 5415+ 2.9GHz/8C/22.5M 150W ,
SSA1M82104,SP AMD 7955WX 4.5GHz/16C/64M 350W       ,
SSA1M82106,SP AMD 7975WX 4GHz/32C/128M 350W        ,
SSA1M82107,SP AMD 7985WX 3.2GHz/64C/256M 350W      ,
4SS7A90055,dual port NVMe SED                      ,
SM37B46944,MEMORY MTC10F1084S1RC56BG1 16GB 1Rx8 56R,
SSA7B55866,SP AMD SIENA 8534P 64C/2.3G/200W        ,
SSA7B55867,SP AMD SIENA 8434P 48C/2.5G/200W        ,
SSA7B55868,SP AMD SIENA 8324P 32C/2.65G/180W       ,
SSA7B55869,SP AMD SIENA 8224P 24C/2.55G/160W       ,
SSA7B55870,SP AMD SIENA 8124P 16C/2.45G/125W       ,
SSA7B55871,SP AMD SIENA 8024P 8C/2.4G/90W          ,
SSA7B73692,SP AMD SIENA 8434PN 48C/2.0G/155W       ,
SSA7B73694,SP AMD SIENA 8224PN 24C/2.0G/120W       ,
SSA7B73695,SP AMD SIENA 8124PN 16C/2.0G/100W       ,
SM37B42235,MEMORY M 64GB 2RX4 DDR5-5600 RDIMM      ,
SSA7B73224,SP AMD MILAN 7643P 48C/225W/2.3G/256M   ,
SSA7B73225,SP AMD MILAN 7663P 56C/240W/2.0G/256M   ,
SSA7B73221,SP AMD MILAN 7203P 8C/120W/2.8G/64M     ,
SSS7A81296,SSD 2.5 SSD PM1653 15.36TB DE           ,
SL81M76993,LOGIC_IC GigaDevice GD55B512MEYIGR     ,
SM31J41902,MEMORY 16GB D5 56 U M323R2GA3DB0-CWMOL  ,
SSS0Y86507,SSD SAM PM9B1 512G 2280 PCIE G4V x4 OPAL,
SSS0Y86508,SSD SAM PM9B1 1T 2280 PCIe G4V x4 OPAL  ,
SSA1M81219,SP Intel i9-14900k 3.2GHz/24C/36M 125W  ,
SM37B46943,MEMORY H HMCG78AGBRA 16GB 1Rx8 56R      ,
SM37B46518,MEMORY S M321R8GA0PB0-CWM 64GB 2Rx4 56R ,
SSS7B78853,SSD MTFDKCC3T2TFS-1BC45ABYY U.3 SSD I4  ,
SSA7B78722,SP EMR 8592V 64C/2.0G/330W R2 ESP       ,
SM31K10559,MEMORY 16GB D4 32 S M471A2G43CB2-CWE    ,
SSA1K96124,SP Xeon 8490H 1.9GHz/60C/112.5M 350W    ,
SSA7B79787,SP Intel EMR 8573C 52C/2.3G/385W M1     ,
SM31J41889,MEMORY 16GB D5 56 T HMCG78AGBAA092N     ,
SM31K10552,MEMORY 8GB D4 32 S M471A1G44CB0-CWE     ,
SM31K16454,MEMORY 32GB D5-56E HMCG88AGBEA084N      ,
SG27A81226,ECAT_TLA Nvidia RedStone Assembly,
SSS1D33693,SSD WD SN740 1T 2280 PCIe G4V x4 OPAL   ,
SSA7B78723,SP EMR 8558P 48C/2.7G/350W EX ESP       ,
SM37B33473,MEMORY MTC20F104XS1RC48BB1 48G M1a AVAP ,
SM37B71619,MEMORY S M321R8GA0PB0-CWM 64GB 2Rx4 56R ,
SM37B79980,MEMORY MTC40F2046S1RC56BD1 64G 56R CSP  ,
SM37B39448,MEMORY MTC40F204WS1RC48BB1 96G M1aAVAP  ,
SSA7B76168,SP INTEL EMR 6538Y+ 32C/2.2G/225W       ,
SSS1D33689,SSD WD SN740 1T 2242 PCIe G4V x4 OPAL   ,
SSS1L46586,SSD KIX XG8 1T 2280 PCIe G4P x4 OPAL    ,
SSS0L24795,SSD KIX XG7 2T 2280 P-PCIe4x4 OP        ,
SM31J41905,MEMORY 16GB D5 56 S M425R2GA3BB0-CWMOL  ,
SM37B23639,MEMORY MTA36ASF8G72PZ-3G2F1 64GB BC1    ,
SSA7B09638,SP SPR 8470 52C/2.0-3.0G/350W           ,
SSS7B68295,SSD 2.5 NVMe SSD BM1733a 15.36T SED DG  ,
SSA7B81011,SP AMD BERGAMO B0 PR 128C 2.3G A7 PVT1 ,
SSA7B81012,SP AMD Bergamo A0 ES1_128C A7 PVT1     ,
SSA7B81013,SP AMD GENOA PC 96C 2.15G 360W A7 PVT1 ,
SSA7B81014,SP AMD GENOA 96C PC B0 A7 PVT1         ,
SSA7B81015,SP AMD GENOA B0 32C 2.5G A7 PVT1       ,
SSA7B81016,SP AMD GENOA PC 64C 2.9G 360W A7 PVT1  ,
SSA7B81017,SP AMD GENOA 96C 2.15G 360W A7 PVT1    ,
SSA7B81018,SP AMD GENOA PR 64C 3.1G 360W A7 PVT1  ,
SSA7B81752,SP AMD GENOA B1 PR 16C 3.0G 200W A7    ,
SSA7B81769,SP AMD GENOA B1 PR 32C 3.8G 320W A7    ,
SSA7B81770,SP AMD GENOA B0 PC 80C 2.6G 400W A7    ,
SSA7B81771,SP AMD GENOA B0 PC 32C 2.4G 210W A7    ,
SSA7B81772,SP AMD GENOA B0 PC 32C 2.5G 210W A7    ,
SSA7B81773,SP GENOA B0 PC 80C 2.6G 400W A7 DVT2   ,
SSA7B81774,SP AMD GENOA 24C 2.9G 200W A7 DVT2     ,
SSS7A81289,SSD 2.5 SSD PM1653 960GB DM            ,
SSS7B08265,SSD M.2 ER3 240GB RI SATA NHS          ,
SSS7B08269,SSD M.2 ER3 480GB RI SATA NHS          ,
SSS7B72095,SSD M.2 ER3 960GB RI SATA NHS          ,
SM37A88581,MEMORY S M329R8GA0BB0-CQK 64GB 2Rx4 48R9,
SM31K10567,MEMORY 32GB D4 32 S M471A4G43CB1-CWE   ,
SM31L87530,MEMORY 8GB D5 56 U MTC4C10163S1UC56BD1 K,
SM31L87531,MEMORY 16GB D5 56 U MTC8C1084S1UC56BD1 K,
SM31L87544,MEMORY 8GB D5 56 U MTC4C10163S1UC56BD1 B,
SM31L87485,MEMORY 16GB D5 56 S MTC8C1084S1SC56BD1 B,
SM31L87532,MEMORY 32GB D5 56U MTC16C2085S1UC56BD1 K,
SM31L87539,MEMORY 32GB D5 56U MTC16C2085S1UC56BD1 N,
SM37A88587,MEMORY H HMCT14MEERA 256GB 8Rx4 48R,
SM37B27363,MEMORY MTC18F1045S1PC48BA2 32G 1Rx4 48RV,
SSA1L11087,SP Xeon Gold 6418H 2.1GHz/24C/60M 185W  ,
SM31K10394,MEMORY 16GB D5 56 T HMCG78AGBAA095N     ,
SM31K55906,MEMORY 64GB D5-48R HMCG94AEBRA123N      ,
SSA7B09652,SP SPR 8471N 52C/1.8-2.8G/300W          ,
SSA7B72657,SP 8480CL 56C/2.0G/350W E4              ,
SSS7B08352,"SSD 2.5"" PM1743 15.36TB RI NVMe HS-STD  ",
SSA7B73223,SP AMD MILAN 7303P 16C/130W/2.4G/64M    ,
SSA1L11100,SP Xeon Gold 6434 3.7GHz/8C/22.5M 195W  ,
SSS1F20342,SSD SKH BC901 512G 2280 PCIe G4V x4 OPAL,
SSA7B82731,SP AMD BERGAMO 9754 128C/2.25G/360W CF  ,
SSA1M81216,SP Intel i7-14700T 1.3GHz/20C/33M 35W   ,
SSA1M81224,SP Intel i5-14600 2.7GHz/14C/24M 65W    ,
SSS7B74895,SSD U.3 6500 ION 30.72TB RI NVMe HS     ,
SM37B46533,MEMORY H HMCGJ8MGBRB 24GB 1Rx8 56R      ,
SSS7B76022,SSD Sd SBFPFWBV307TMD E1.L M1 AVAP      ,
SM37B82119,MEMORY MTC40F2046S1RC64BD2MXCC 64G A7   ,
SSS7B42643,"SSD 2.5"" PM893a 7.68TB RI SATA HS       ",
SM37B77840,MEMORY S M321R2GA3BB6-CQK 16GB 1Rx8 48R ,
SM37B21871,MEMORY W LV32D4R2D8HC-32I 32GB D4-32R   ,
SSS0Y86506,SSD SAM PM9B1 256G 2280 PCIe G4V x4 OPAL,
SM37B25844,MEMORY MTA18ASF2G72PZ-3G2R1 16GB D4-29R ,
SM37B28528,MEMORY W LV32D4R2D8MF-32 32GB D4-32R    ,
SM31K10727,MEMORY 8GB D5 56 S M425R1GB4PB0-CWMOD   ,
SSA1P29910,SP Intel 6548Y+ 2.5GHz/32C/60M 250W     ,
SSA7B77681,SP AMD GENOA 9V84 96C/400W/2.4G M1 AR   ,
SM37B71618,MEMORY S M321R4GA3PB0-CWM 32GB 2Rx8 56R ,
SM37B79979,MEMORY MTC20F2085S1RC56BD1 32G 56R CSP  ,
SSS7B27394,SSD MZEL215THBLA-00AMV E1.L M1a AVAP    ,
SSA1N95607,SP AMD R3 PRO 8300G 3.45GHz/4C/8M 65W   ,
SSA1N95609,SP AMD R7 PRO 8700G 4.2GHz/8C/16M 65W   ,
SSA1N95614,SP AMD Ryzen 5 8500G 3.55GHz/6C/16M 65W ,
SSA1M78119,SP Intel i3-14100 3.5GHz/4C/12M 60W     ,
SSA1M75700,SP Intel i5-14400 2.5GHz/10C/20M 65W C0 ,
SSA1M75702,SP Intel i5-14400F 2.5GHz/10C/20M 65W B0,
SSA1M81208,SP Intel i5-14500 2.6GHz/14C/24M 65W    ,
SSA1M78120,SP Intel i7-14700 2.1GHz/20C/33M 65W    ,
SSA7B78892,SP Intel EMR 8555C 52C/2.1G/350W M1     ,
SSA7B76176,SP INTEL EMR 6558Q 32C/3.2G/350W        ,
SSA7B76178,SP INTEL EMR 5512U 28C/2.1G/185W        ,
SM37B77736,MEMORY HMCG94AEBRA 64G 2RX4 48R M1aAVAP ,
SM37B36574,MEMORY S M393A8G40CB4-CWE 64GB D4-32R   ,
SSS7B08301,SSD M.2 N-30m2 480GB RI NVMe NHS        ,
SSS7B08302,SSD M.2 N-30m2 960GB RI NVMe NHS        ,
SSS7B74349,SSD M.2 N-30m2 1.92TB RI NVMe NHS       ,
SSS7B74904,SSD M.2 N-30m2 3.84TB RI NVMe NHS       ,
SSS7B81309,SSD Sd SBFPF2BV307TEAP 30.72T U.2 CSP A3,
SSA1M75701,SP Intel i5-14400 2.5GHz/10C/20M 65W B0 ,
SSA1M75703,SP Intel i5-14400F 2.5GHz/10C/20M 65W C0,
SSA7B84116,SP SPR 8457C 48C/2.6G/350W BC1 B&S      ,
SSA7B76156,SP INTEL EMR 8592+ 64C/1.9G/350W        ,
SSA7B76159,SP INTEL EMR 8568Y+ 48C/2.3G/350W       ,
SSA7B76181,SP INTEL EMR 6548N 32C/2.8G/250W        ,
SSS7B74892,SSD U.2 9400 MAX 25.6TB MU NVMe HS      ,
SSA7B73691,SP AMD SIENA 8534PN 64C/2.0G/175W       ,
SSA7B73693,SP AMD SIENA 8324PN 32C/2.05G/130W      ,
SM37B46508,MEMORY H HMCG84AGBRA 32GB 1Rx4 56R      ,
SSS7B81312,"SSD 2.5"" U.2 CD8P 1.92TB RI NVMe HS     ",
SSS7B81321,"SSD 2.5"" U.2 CD8P 15.36TB RI NVMe HS    ",
SSS7B81315,"SSD 2.5"" U.2 CD8P 3.84TB RI NVMe HS     ",
SSS7B81324,"SSD 2.5"" U.2 CD8P 30.72TB RI NVMe HS    ",
SSS7B81318,"SSD 2.5"" U.2 CD8P 7.68TB RI NVMe HS     ",
SSA1N95608,SP AMD R5 PRO 8500GE 3.4GHz/6C/16M 35W  ,
SSA1N95610,SP AMD R5 PRO 8600GE 3.9GHz/6C/16M 35W  ,
SSA1N95617,SP AMD R3 PRO 8300GE 3.5GHz/4C/8M 35W   ,
SSA7B73222,SP AMD MILAN 7303 16C/130W/2.4G/64M     ,
SM37B77843,MEMORY S M321R4GA0BB0-CQK 32GB 1Rx4 48R ,
SM31K55903,MEMORY 32GB D5-48R HMCG88AEBRA115N      ,
SM31J62885,MEMORY 16GB D4-32R HMAG78EXNRA          ,
SM31J62886,MEMORY 32GB D4-32R HMAG84EXNRA          ,
SM31L87503,MEMORY 8GB D5 56 U M323R1GB4PB0-CWMOL   ,
SM31L87502,MEMORY 8GB D5 56 U M323R1GB4PB0-CWMOD   ,
SSA7B76162,SP INTEL EMR 6542Y 24C/2.9G/250W        ,
SSA7B76163,SP INTEL EMR 6544Y 16C/3.6G/270W        ,
SSA7B76166,SP INTEL EMR 5515+ 8C/3.2G/165W         ,
SSA7B76170,SP INTEL EMR 5520+ 28C/2.2G/205W        ,
SSA7B76172,SP INTEL EMR 4514Y 16C/2.0G/150W        ,
SSA7B76174,SP INTEL SPR EE 4509Y 8C/2.6G/125W      ,
SSA7B76186,SP INTEL EMR 6554S 36C/2.2G/270W        ,
SSS7B28035,SSD E3.S PM1743 3.84T RI/PM1745 3.2T MU ,
SSS7B82468,SSD Sd SSDPFWNV153TZD 15.36T E1.L M1a   ,
SSA7B73220,SP AMD MILAN 7203 8C/120W/2.8G/64M     ,
SSA7B74749,SP Intel 8336C 32C/2.3G/230W BC1 B&S    ,
SSA7B86929,SP AMD GENOA 84C/2.75G/400W PR A7       ,
SSA7B86930,SP AMD GENOA 9454 48C/2.75G/290W PR A7  ,
SSA7B86943,SP AMD BERGAMO 128C/1.9G/360W PC A7     ,
SSA7B86944,SP AMD BERGAMO 88C/1.2G/170W PR A7      ,
SSA7B86945,SP AMD BERGAMO 88C/1.2G/170W PC A7      ,
SSA7B86946,SP AMD BERGAMO 128C/1.9G/360W PC A7     ,
SSA7B86931,SP AMD GENOA 9274F 24C/4.05G/320W PR A7 ,
SSA7B86932,SP AMD GENOA 9174F 16C/4.1G/320W PR A7  ,
SSA7B86933,SP AMD GENOA 9534 64C/2.45G/280W PR A7  ,
SSA7B86934,SP AMD GENOA 9554P 64C/3.1G/360W PR A7  ,
SSA7B86935,SP AMD GENOA 9354P 32C/3.25G/280W PR A7 ,
SSA7B86936,SP AMD GENOA 80C/2.6G/400W PR A7        ,
SSA7B86937,SP AMD GENOA 9454P 48C/2.75G/290W PR A7 ,
SSA7B86938,SP AMD GENOA 9224 24C/2.5G/200W PR A7   ,
SSA7B86939,SP AMD GENOA 96C/2.4G/360W PR A7        ,
SSA7B86940,SP AMD GENOA 24C/3.95G/400W PR A7       ,
SSA7B86941,SP BERGAMO 9754 128C/2.25G/360W PR A7   ,
SSA7B86942,SP BERGAMO 9734 112C/2.2G/340W PR A7    ,
SSA7B09655,SP SPR 8461V 48C/2.2-2.8G/300W          ,
SM37B35151,MEMORY H HMCG78AEBEA 16GB D5-48E        ,
SM37B35153,MEMORY H HMCG88AEBEA 32GB D5-48E        ,
SSS7B83112,SSD Sd SBFPF2BV153T 15.36T U.2 CSP      ,
SSS7B79987,SSD MTFDKCC3T8TGP-1BK1DABYY U.2 CSP     ,
SSA1M78118,SP Intel Intel 300 3.9GHz/2C/6M 46W     ,
0000046L5570,AT VAO ASSET LABEL,
SCT0Z70076,CSPN_CSAT Customer supplied AT,
SCT0Z70116,CSPN_CSAT Customer supplied AT,
SFR1L87042,FLASH_ROM MX25U12872FM2I02,
SL10R13297,LABEL Product info label 160*63_S G(C/L),
SL11G56103,LABEL CO2 Offset Label,
SL81K18310,LOGIC_IC Winbond W25Q256JWEIQ,
SM31K03556,LOGIC_IC Winbond W25R256JWEIQ,
SM31K04738,LOGIC_IC MXIC MX77L51250FZ4I42,
SSA1L11085,SP Xeon Gold 6442Y 2.6GHz/24C/60M 225W,
SSS1D33688,SD WD SN740 512G 2242 PCIe G4V x4 OPAL,
SSS1D71494,SSD MIC 2400 512G 2280 PCIe G4 x4,
SM37A21367,MEMORY S M393A8G40AB2-CWE 64G D4-32,
SM37A68587,MEMORY HMABAGL7ABR4N-XNT8 128G D4-32,
SM37B03142,MEMORY S M391A1K43DB2-CWE 8GB D4-26E,
SM37B20038,MEMORY LV32D4R2D8HD-161 16G D4-32 CSP,
SM37B34664,MEMORY S M393A4K40EB3-CWE 32GB D4-26R,
SM37B36575,MEMORY S M393A8G40CB4-CWE 64GB D4-32R,
SM37B36580,MEMORY S M393A8G40CB4-CWE 64GB D4-29R,
SM37B46514,MEMORY S M321R4GA3PB0-CWM 32GB 2Rx8 56R,
SM37B69302,MEMORY W LV32D4R2D4HC-64 64GB D4-32R,
SM37B69303,MEMORY W LV32D4R2D4MF-64 64GB D4-32R,
SSA7B21844,SP SPR 5411N 24C/2.0-2.8G/165W,
SSA7B69034,SP AMD GENOA B1 PR 16C 3.0G 200W A7,
SSA7B76164,SP INTEL EMR 6526Y 16C/2.8G/195W,
SSA7B76171,SP INTEL EMR 4516Y+ 24C/2.2G/185W,
SSA7B76173,SP INTEL SPR EE 4510 12C/2.4G/150W,
SSS7B68876,SSD Sam -cl MZVL2512HCJQ-00BL7 M.2 CSP,
SSA7B37767,"SP Intel E-2468 8C,2.6G,65W,16M         ",
SSA7B37772,"SP Intel E-2434 4C,3.4G,55W,8M          ",
SSA7B37774,"SP Intel E-2414 4C,2.8G,55W,8M          ",
SSA7B76165,SP INTEL EMR 6534 8C/3.9G/195W          ,
SSA7B76169,SP INTEL EMR 6530 32C/2.1G/270W         ,
SSS7A81285,SSD 2.5 NVMe SSD PM1733a 15.36T SED DM  ,
SM31K55916,MEMORY 64GB D5-56R HMCG94AGBRA181N      ,
SM31M85843,MEMORY 16GB D5-56R HMCG78AGBRA190N      ,
SM31M85847,MEMORY 32GB D5-56R HMCG88AGBRA191N      ,
SSA7B87186,SP AMD TURIN 128C 2.0G 470W ES2 A7      ,
SSA7B37770,"SP Intel E-2436 6C,2.9G,65W,12M         ",
SSA7B76183,SP INTEL EMR 8592V 64C/2.0G/330W        ,
SSA1L11099,SP Xeon Gold 6444Y 3.6GHz/16C/45M 270W  ,
SSA7B76160,SP INTEL EMR 8562Y+ 32C/2.8G/300W       ,
SSA7B37766,"SP Intel E-2478 8C,2.8G,80W,16M         ",
SM37B36576,MEMORY S M393A8G40CB4-CWE 64GB D4-32R   ,
SM37B05351,MEMORY MTA18ASF4G72PDZ-3G2F1 32GB D4-32R,
SSS7B74907,"SSD 2.5"" U.2 PM9A3 7.68TB RI HS         ",
SSS7B74910,"SSD 2.5"" U.2 PM9A3 15.36TB RI HS        ",
SSS1L46587,SSD KIX XG8 2T 2280 PCIe G4P x4 OPAL    ,
SM31J62887,MEMORY 32GB D4-32E M391A4G43BB1-CWE     ,
SM31L87487,MEMORY 32GB D5 56S MTC16C2085S1SC56BD1 B,
SSA7B83939,SP GENOA 9654 96C/2.4G/360W FOC RU      ,
SSS7B87175,SSD U.2 9400 Pro 30.72TB HS (NSED)      ,
SM37B46539,MEMORY S M321RYGA0PB0-CWM 96GB 2Rx4 56R ,
SM37B46509,MEMORY MTC20F1045S1RC56BG1 32GB 1Rx4 56R,
SM37B46520,MEMORY H HMCG94AGBRA 64GB 2Rx4 56R      ,
4XB7A94757,3.84TB SSD drive modul-400NVX2          ,
4XB7A94760,7.68TB SSD drive modul-400NVX2          ,
4XB7A94758,1.92TBSSD drive module-200NVX2          ,
SSS7B71196,SSD MTFDDAK7T6TGA-1BC15ABYY 2.5 CSP     ,
SSA7B83078,SP AMD MILAN 7513V 32C/200W/2.6G CSP-T2 ,
SSA7B88014,SP AMD GENOA-X 9384X 32C/3.1G/320W NV   ,
SSA7B87866,SP AMD MILAN 7543 32C/225W/2.8G QCM     ,
SSA1N95611,SP AMD Ryzen 5 8500GE 3.4GHz/6C/16M 35W ,
SM37B23483,MEMORY X4B32QB4BNWEMW-R-LV1 32G D4-32REX,
SSS7B74901,SSD E1.S 5.9mm DC4800 7.68TB HS v2      ,
SSS7B74898,SSD E1.S 5.9mm DC4800 3.84TB HS v2      ,
SSA1M81209,SP Intel i5-14500T 1.7GHz/14C/24M 35W   ,
SSA1M81220,SP Intel i9-14900T 1.1GHz/24C/36M 35W   ,
SSA7B37769,"SP Intel E-2456 6C,3.2G,80W,12M         ",
SSA7B76161,SP INTEL EMR 6548Y+ 32C/2.5G/250W       ,
SSA7B76177,SP INTEL EMR 8558U 48C/2.0G/300W        ,
SSA7B76182,SP INTEL EMR 6538N 32C/2.1G/205W        ,
SSA7B76184,SP INTEL EMR 8558P 48C/2.7G/350W        ,
SSA7B76185,SP INTEL EMR 8581V 60C/2.0G/270W        ,
SSS7B76129,SSD I SSDPFWNV153TZD 15.36T E1.L M1a    ,
SSA1M81214,SP Intel i9-14900 2GHz/24C/36M 65W      ,
SSA7B76158,SP INTEL EMR 8570 56C/2.1G/350W         ,
SM31K10543,MEMORY 4GB D4 32 S M471A5244GB0-CWE     ,
SSA7B37765,"SP Intel E-2488 8C,3.2G,95W,16M        ",
SSA7B88234,SP AMD GENOA-X 9684X 96C/2.55G/400W C1 ,
SSA1M81213,SP Intel i7-14700F 2.1GHz/20C/33M 65W   ,
SSA1M81225,SP Intel i7-14700K 3.4GHz/20C/33M 125W  ,
SSS0Y86512,SSD SAM PM9C1a 256G 2280 PCIe G4Vx4 OPAL,
SSS0Y86513,SSD SAM PM9C1a 512G 2280 PCIe G4Vx4 OPAL,
SSS0Y86514,SSD SAM PM9C1a 1T 2280 PCIe G4V x4 OPAL ,
SM37B39254,MEMORY Samsung 64GB 2RX4 C Die-BC1      ,
SSA7B37827,"SP Intel G7400 2C/4T,3.7G,46W,6M        ",
SM37B21869,MEMORY W LV32D4R2D8HC-32I 32GB D4-32R   ,
SM37B34531,MEMORY MTC40F204WS1RC48BB1 96GB 2Rx4 48R,
SM37B46506,MEMORY S M321R4GA0PB0-CWM 32GB 1Rx4 56R ,
SM37B77871,MEMORY S M321RYGA0BB0-CQK 96GB 2Rx4 48R ,
SSA1L11086,SP Xeon Gold 6438Y+ 2GHz/32C/60M 205W   ,
SM37B09392,MEMORY S M393A2K43EB3-CWE 16GB D4-32R   ,
SM37B46941,MEMORY S M321R2GA3PB0-CWM 16GB 1Rx8 56R ,
SSA1N95616,SP AMD Ryzen 3 8300G 3.45GHz/4C/8M 65W  ,
SSA1N95613,SP AMD R5 PRO 8500G 3.55GHz/6C/16M 65W  ,
SSA1N95619,SP AMD R5 PRO 8600G 4.35GHz/6C/16M 65W  ,
SSA1N95618,SP AMD R7 PRO 8700GE 3.65GHz/8C/16M 35W ,
SSA1M81211,SP Intel i5-14400T 1.5GHz/10C/20M 35W   ,
SSA1M81223,SP Intel i5-14600K 3.5GHz/14C/24M 125W  ,
SSA7B37768,"SP Intel E-2486 6C,3.5G,95W,12M         ",
SM37B83226,MEMORY H HMCG84AEBRA 32GB 1Rx4 48R BLR  ,
SSS7B86891,"SSD Micron 2.5""7500 960GB/800GB HS SSD  ",
SSS7B86427,SSD MTFDKCC1T9TGP-1BK1DABYY U.3 CSP     ,
SSS7B86428,SSD MTFDKCC7T6TGP-1BK1DABYY U.3 CSP     ,
SSS7B86429,SSD MTFDKCC15T3TGP-1BK1DABYY U.3 CSP    ,
SSS7B86862,SSD MTFDKCC12T8TGQ-1BK1JABYY 2.5 CSP    ,
SSA7B76187,SP INTEL SPR EE 4510T 12C/2.0G/115W     ,
SSS7B06788,SSD 5400 960GB Max SATA 6Gb             ,
SW11E39824,WIRELESS WLAN GSD RZ616 2230            ,
SM37B20036,MEMORY MTA18ASF2G72PDZ-3G2R1 16G CSP    ,
SL11K71034,LABEL UL4200A warning label_TW BC/L),
SM37B87452,MEMORY Sam M393A4G40CB3-CWE 32R 32G M1a ,
SM37B84379,MEMORY H HMCGM4MEBRB 96GB 2Rx4 48R BLR  ,
SM31M87145,MEMORY 48GB D5 56 S M425R6GA3PB0-CWMOD,
SM31K10519,MEMORY 8GB D4 32 U M378A1G44CB0-CWE,
SM31J41890,MEMORY 32GB D5 56 T HMCG88AGBAA092N,
SM31K10491,MEMORY 48GB D5 56 S HMCGY8MGBSB250N,
SM31K10490,MEMORY 48GB D5 56 S HMCGY8MGBSB212N,
SM31L87545,MEMORY 16GB D5 56 U MTC8C1084S1UC56BD1 B,
SM31L87533,MEMORY 16GB D5 56 U M323R2GA3PB0-CWMOD,
SM31K10751,MEMORY 16GB D5 56 S M425R2GA3PB0-CWMOL,
SM31K10743,MEMORY 16GB D5 56 S M425R2GA3PB0-CWMOD,
SSS1L46585,SSD KIX XG8 512G 2280 PCIe G4P x4 OPAL,
4XB7A96591,7.68TB 1 DWPD SSD drive module,
SSS7A43383,SSD Int SSDSCKKB480GZ M.2 S4520 STD,
SSS7B39138,SSD MTFDDAK960TGB-1BC15ABYY SSD STD,
SSA7B71629,SP GENOA-X 9184X 16C/3.55G/320W B2,
SM37B73342,MEMORY S M321R8GA0PB2-CCP 64GB 2Rx4 64R,
SM37B73334,MEMORY S M321R4GA0PB2-CCP 32GB 1Rx4 64R,
SM37B73338,MEMORY S M321R4GA3PB2-CCP 32GB 2Rx8 64R,
SSS7B27314,SSD WUS5BB1A1E9ELE8 15.36T E1.L M1a AVAP,
SSS7B10708,SSD WUS4BB096D4MBE6 960G M.2 M1a,
SSS7B80071,SSD 2.5 PM9D3a/9D5a 3.84TB/3.2TB HS,
SSS7B80074,SSD 2.5 PM9D3a/9D5a 7.68TB/6.4TB HS,
SSS7B80068,SSD 2.5 PM9D3a/9D5a 1.92TB/1.6TB HS,
SSS7B80065,SSD 2.5 PM9D3a/9D5a 960GB/800GB HS,
SSS7B80179,SSD 2.5 PM9D3a/9D5a 15.36T/12.8T HS,
SM37B81302,MEMORY H HMCG94AHBRA 64GB 2Rx4 64R,
SM37B81297,MEMORY S M321R8GA0PB2-CCP 64GB 2Rx4 64R,
SM37B77842,MEMORY MTC10F1084S1RC48BA1 16GB 1Rx8 48R,
SM37B69368,MEMORY H HMCG84AEBRA 32GB 1Rx4 48R,
SSA7B73696,SP AMD SIENA 8024PN 8C/2.05G/80W,
SM37B46527,MEMORY H HMCT04AGERA 128GB 4Rx4 56R,
SSA7B93031,SP AMD TURIN 128C 2.5G 500W PC A7,
SSA7B94039,SP INTEL 6448Y S3 60MB 32c 225W Q27M,
SM37B83229,MEMORY S M321RAJA0MB0-CWM 128GB 2Rx4 56R,
SM37B46542,MEMORY MTC40F204WS1RC56BB1 96GB 2Rx4 56R,
SSS7B88227,SSD 2.5 ER3 3.84TB RI SATA HS,
SM37B35150,MEMORY S M324R2GA3BB0-CQK 16GB D5-48E,
SSS7B21984,SSD 2.5 Nytro  3750 800GB WI SAS HS,
SSS7B21367,SSD WUS4AB0A1DAELE7 15.36T E1.L M1a,
SSS7B74963,SSD 2.5 ER3 480GB RI SATA HS,
SSS7B75184,SSD Sd SBFPF2BV153T 15.36T U.2 QS CSP,
SSS7B87760,SSD Hyn HFS3T8GDJ0X132N 3.84T M.2 M1a,
SSS7B86885,SSD 2.5 U.2 P5336 7.68TB RI HS,
SSA1M81218,SP Intel i5-14600T 1.8GHz/14C/24M 35W,
SSA7B69032,SP AMD GENOA B1 PR 96C 2.4G 360W A7,
SSA7B69035,SP AMD GENOA B1 PR 96C 2.6G 400W E7 A7,
SL10Q24275,LABEL Indonesia 100-240v 50-60HzDT(C/L),
SM37B77861,MEMORY MTC36F2046S1PC48BA1 64G 2Rx4 48R9,
SM31L87559,MEMORY 8GB D5 56 S LV56S46BS6HA-8A,
SL81P41239,LOGIC_IC GigaDevice GD25LB128EYIGR,
SL81P41242,LOGIC_IC GigaDevice GD25LB512MEYIGR,
SL81P73839,LOGIC_IC Macronix MX25U12832FZ4I02,
SL81P73840,LOGIC_IC Macronix MX25U51293GZ4I40,
SM30Z32156,LOGIC_IC MXIC MX25L12872FM2I-10G,
SM31Q41896,LOGIC_IC Winbond W25Q128JVPIN,
SL81P41237,LOGIC_IC Winbond W25Q128JWEIN,
SL81P41240,LOGIC_IC Winbond W25Q512NWEIN,
SM31K10766,MEMORY 32GB D5 56 S M425R4GA3PB0-CWMOL,
SM31L87542,MEMORY 32GB D5 56S MTC16C2085S1SC56BD1 N,
SM31K10734,MEMORY 8GB D5 56 S M425R1GB4PB0-CWMOL,
SSS1F20343,SSD SKH BC901 1T 2280 PCIe G4V x4 OPAL,
SEK1H03548,EDPK W10 IoT 2021 LTSC Entry DPK WW,
SEK0T35583,EDPK Win10 IoT 2019 LTSC Entry EDPK,
SEK0T35577,EDPK Win10 IoT 2019 LTSC Value EDPK,
SEK0T35588,EDPK Win10 IoT 2019 LTSC HE EDPK,
SEK1H03547,EDPK W10 IoT 2021 LTSC HE DPK WW,
SEK0N11842,EDPK Win 10 IoT EP CBB High End,
SEK0N11856,EDPK Win 10 IoT EP CBB Value,
SEK0W86525,EDPK Win10 IoT Ent Collab SAC Value DPK,
SDK0T76461,DPK W11 Home Advanced DPK WW,
SDK0T76557,DPK W11 Pro VR6C DPK WW,
SDK0T76465,DPK W11 Home DPK WW,
SDK0T76549,DPK W11 Pro EDU STF DPK WW,
SDK0T76534,DPK W11 Pro Entry DPK WW,
SDK0T76553,DPK W11 Pro DG STF DPK WW,
SDK0T76542,DPK W11 Pro DG Entry DPK WW,
SDK0J40697,DPK DPK_W10_PRO,
SDK0M26027,DPK Win10 HME DT&AIO Value SL SG,
SDK0T76565,DPK W11 Pro DG UP6C DPK WW,
SDK0T76567,DPK W11 Pro DG UP4C DPK WW,
SDK0T76530,DPK W11 Pro DPK WW,
SDK0L22696,DPK Win10 Pro NAO for High-End DPK,
SDK0T76463,DPK W11 Home PLUS DPK WW,
SDK0T76536,DPK W11 Pro DG Hign End DPK WW,
SDK0T76538,DPK W11 Pro DG DPK WW,
SDK0T76528,DPK W11 Pro Hign End DPK WW,
SM37B94794,MEMORY HMCGM4MHBRB 96G 2RX4 64R CSP,
SM37B77557,MEMORY H HMCG84AHBRA 32GB 1Rx4 64R,
SM37B94796,MEMORY MTC40F204WS1RC64BB2 96G 64R CSP,
SM37B96579,MEMORY MTC20F1045S1RC64BD2 32G 64R CSP,
SM37B94795,MEMORY S M321RYGA0PB2-CCP 96G 64R CSP,
SM37B77556,MEMORY S M321R4GA0PB2-CCP 32GB 1Rx4 64R,
SM37B77841,MEMORY S M321R2GA3BB6-CQK 16GB 1Rx8 48R,
SM37B82336,MEMORY MTC20F2085S1RC56BD1 32GB 2Rx8 56R,
SM31L87560,MEMORY 16GB D5 56 S LV56S46BS8HA-16A,
SM31L87556,MEMORY 16GB D5 56 S LV56S46BS8HA-16K,
SSA1N95620,SP AMD Ryzen 7 8700G 4.2GHz/8C/16M 65W,
SSA1M81222,SP Intel i3-14100T 2.7GHz/4C/12M 35W,
SSA1P29924,SP Intel 6534 3.9GHz/8C/22.5M 195W,
SM37B81296,MEMORY S M321R4GA3PB2-CCP 32GB 2Rx8 64R,
SM37B77846,MEMORY MTC20F1045S1RC48BA2 32GB 1Rx4 48R,
SSS7B96590,SSD MTFDKCC7T6TGP-1BK4JABYY U.3 CSP,
SSS7B96587,SSD MTFDKBG1T9TFR-1BC4DABYY M.2  CSP,
SSS7B82825,SSD E3.S CD8P 3.84TB RI NVMe HS,
SM37B89957,MEMORY S M321RAJA0MB2-CCP 128G 64R M1,
SSA1N95615,SP AMD Ryzen 3 8300GE 3.5GHz/4C/8M 35W,
SW11H85155,WIRELESS WLAN GSD RZ616 2230,
SW11E39826,WIRELESS WWAN Fibocom L860 Griffin,
4SS7A99213,SSD drive module,
SSS7B80095,SSD 2.5 U.2 P5336 61.44TB RI HS,
SM31L87486,MEMORY 16GB D5 56 S MTC8C1084S1SC56BD1 K,
SM31L87534,MEMORY 16GB D5 56 U M323R2GA3PB0-CWMOL,
SEK1P88574,EDPK W11 IoT LTSC24 High End DPK WW,
SM37B91685,MEMORY MTC40F2047S1RC64BB1 128G M1AVAP,
SSS7B97981,SSD MTFDKCC30T7TGR-1BK4JABYY U.3 CSP,
SSS7B94174,SSD MTFDKCC7T6TGP-1BK1JABYY U.3 CSP,
SSA7B82768,SP AMD Turin Classic 9655 96C 400W 2.7G,
SM37B28657,MEMORY S M321RYGA0BB0-CQK 96G M1a AVAP,
SSA7B85390,SP AMD Turin Classic 9455 48C 300W 3.0G,
SSA7B85391,SP AMD Turin 9375F 32C 320W 3.8G,
SSA7B85389,SP AMD Turin 9475F 48C 360W 3.7G,
SSA7B85387,SP AMD Turin Classic 9555 64C 360W 3.3G,
SSA7B85392,SP AMD Turin Classic 9355 32C 280W 3.5G,
SSA7B85397,SP AMD Turin Classic 9135 16C 200W 3.6G,
SSA7B88107,SP AMD Turin Dense 9745 128C 400W 2.3G,
SSA7B85388,SP AMD Turin Classic 9535 64C 300W 2.2G,
SSA7B85382,SP AMD Turin Dense 9845 160C 400W 2.1G,
SSA7B88108,SP AMD Turin Classic 9575F 64C 320W x.xG,
SSS7B80092,SSD 2.5 U.2 P5336 30.72TB RI HS,
SSS7B72125,SSD 2.5 ER3 1.92TB RI SATA HS,
SM37B46537,MEMORY H HMCGY8MGBRB 48GB 2Rx8 56R,
SM37B81301,MEMORY H HMCG88AHBRA 32GB 2Rx8 64R,
SSA7B71628,SP GENOA-X 9384X 32C/3.1G/320W B2,
SSA7B97635,SP AMD Turin 9655 96 003015,
SM37B46535,MEMORY S M321R6GA3PB 003019,
SSA7B91284,SP INTEL SRF-SP 6710 003015,
SSA7B76167,SP INTEL EMR 8558 48 003015,
SSA7B76179,SP INTEL SPR EE 3508 003015,
SSA1K39398,SP Intel i9-13900F 2 003015,
SSA1N62673,SP Xeon W7-3565X 2.5 003015,
SSA1N62664,SP Xeon W3-2525 3.5G 003015,
SSA1L11088,SP Xeon Gold 6416H 2 003015,
SSA1M81221,SP Intel Intel 300T  003015,
SSS7B86888,SSD 2.5 U.2 P5336 15.36TB RI HS,
SM37B20037,MEMORY M393A2K43EB3-CWE 16G D4-32 CSP,
SM37B45789,MEMORY S M321R8GA0BB0-CQK 64G /P CSP,
SM37B46516,MEMORY H HMCG88AGBRA 32GB 2Rx8 56R,
SM37B46541,MEMORY H HMCGM4MGBRB 96GB 2Rx4 56R,
SM37B78979,MEMORY MicroSD 64GB Memory Card,
SM37B82337,MEMORY MTC40F2046S1RC56BD1 64GB 2Rx4 56R,
SM37B83227,MEMORY H HMCG94MEBRA 64GB 2Rx4 48R BLR,
SW17A47038,WIRELESS LTE M.2 CAT9 module,
SSA7C00546,SP AMD TURIN 24C 4.2G 200W PC A7 PS,
SM37B73336,MEMORY MTC20F1045S1RC64BD2 32GB 1Rx4 64R,
SM37B73335,MEMORY H HMCG84AHBRA 32GB 1Rx4 64R,
SSS1D33684,SSD KIX BG5 256G 2280 PCIe G4V x4 OPAL,
SM31L87483,MEMORY 8GB D5 56 S MTC4C10163S1SC56BD1 B,
SM30N76902,MEMORY 8GB D4 32S MTA4ATF1G64HZ-3G2F1,
SM31L87555,MEMORY 8GB D5 56 S LV56S46BS6HA-8K,
SM31J41906,MEMORY 32GB D5 56 S M425R4GA3BB0-CWMOL,
SM31L87535,MEMORY 32GB D5 56 U M323R4GA3PB0-CWMOD,
SM31L87536,MEMORY 32GB D5 56 U M323R4GA3PB0-CWMOL,
SM31K10649,MEMORY 8GB D5 56 S RMSB3400HA96IAF-5600L,
SM31K10657,MEMORY 8GB D5 56 S RMSB3400HA96IAF-5600N,
SM31K10665,MEMORY 16GB D5 56S RMSB3410HA88IBF-5600L,
SM31K10673,MEMORY 16GB D5 56S RMSB3410HA88IBF-5600N,
SM31K10703,MEMORY 16GB D5 56U RMUB5310HA88IBF-5600N,
SM31K10759,MEMORY 32GB D5 56 S M425R4GA3PB0-CWMOD,
SM31D97926,MEMORY 64GB D4-32R MTA36ASF8G72PZ-3G2F1,
SM30N76942,MEMORY 8GB D5 48 S HMCG66MEBSA095N,
SM30N76943,MEMORY 16GB D5 48 S HMCG78MEBSA095N,
SM30N76768,MEMORY 8GB DDR4 32U LV32D4U2S8HD-8,
SM31C22899,MEMORY 16GB D5-48R MTC10F1084S1RC48BA1 J,
SM31C22903,MEMORY 64GB D5-56R MTC40F2046S1RC56BD1 Q,
SM31C22904,MEMORY 64GB D5-56R MTC40F2046S1RC56BD1 M,
SM31J41827,MEMORY 8GB D4 32 U HMAG68EXNUA076N,
SM31K19001,MEMORY 16GB D5-48T M426R2GA3BB0-CQKOL,
SM31L87484,MEMORY 8GB D5 56 S MTC4C10163S1SC56BD1 K,
SM31K16453,MEMORY 16GB D5-56E HMCG78AGBEA084N,
SM31K18997,MEMORY 16GB D5-48T MTC10C1084S1TC48BA1 B,
SM31K18999,MEMORY 32GB D5-48T MTC20C2085S1TC48BA1 B,
SM31M87189,MEMORY 16GB D5 56 T M426R2GA3PB0-CWMOD,
SM31M87191,MEMORY 16GB D5 56 T M426R2GA3PB0-CWMOL,
SM31M87231,MEMORY 16GB D4 32 U M378A2G43CB3-CWE,
SM31N51623,MEMORY 16GB D5-56R MTC10F1084S1RC56BD1 M,
SM31N51624,MEMORY 32GB D5-56R MTC20F2085S1RC56BD1 M,
SM31N51626,MEMORY 16GB D5-56R MTC10F1084S1RC56BD1 Q,
SM31N51627,MEMORY 32GB D5-56R MTC20F2085S1RC56BD1 Q,
SM31P39236,MEMORY 16GB D5-56T MTC10C1084S1TC56BD1 K,
SM31P39237,MEMORY 16GB D5-56T MTC10C1084S1TC56BD1 N,
SM31P39238,MEMORY 32GB D5-56T MTC20C2085S1TC56BD1 K,
SM31P39239,MEMORY 32GB D5-56T MTC20C2085S1TC56BD1 N,
SM31L87552,MEMORY 16GB D4 32 S RMSA3340KC88HBF-3200,
SSA1N62665,SP Xeon W5-3535X 2.9GHz/20C/52.5M 300W,
SSA1N62667,SP Xeon W5-3525 3.2GHz/16C/45M 290W,
SSA1N62668,SP Intel W5-2555X 3.3GHz/14C/33.75M 210W,
SSA1N62670,SP Xeon W3-2535 3.5GHz/10C/26.25M 185W,
SSA1N62671,SP Xeon W7-3545 2.7GHz/24C/67.5M 310W,
SSA1N62674,SP Xeon W5-2545 3.5GHz/12C/30M 210W,
SSA1N62675,SP Xeon W7-3555 2.7GHz/28C/75M 325W,
SSA1N95612,SP AMD Ryzen 5 8600G 4.35GHz/6C/16M 65W,
SSS1D33702,SSD KIX BG6 512G 2280 PCIe G4V x4 OPAL,
SSS1D33685,SSD KIX BG5 512G 2280 PCIe G4V x4 OPAL,
SSS1D33701,SSD KIX BG6 256G 2280 PCIe G4V x4 OPAL,
SSS1D71516,SSD SKH PVC10 256G 2280 PCIe G4V x4 OPAL,
SW11E39913,WIRELESS WLAN Intel BE200 vPro 2230,
SW11H85154,WIRELESS WLAN GSD MT7921L 2230,
SSA7B97701,SP Intel EMR 8573C 52C/2.3G/385W M1 AR,
SSA7B97637,SP AMD Turin 9555 64C 360W 3.2G PR,
SSS7B98739,SSD HFS1T9GDJ0X093N 1.92T M.2 free-A3,
SM37B75654,MEMORY S M321R4GA3PB0-CWM 32GB 2Rx8,
SG27A83176,ECAT_TLA Nvidia 500W 80GB RedStone Asm,
SM37B31168,MEMORY M MTC20F1045S1RC48BA2 32G M1 AVAP,
SM37B81294,MEMORY S M321R2GA3PB2-CCP 16GB 1Rx8 64R,
SM37B77648,MEMORY S M321RAJA0MB2-CCP 128GB 2Rx4 64R,
SM37B81299,MEMORY S M321R6GA3PB2-CCP 48GB 2Rx8 64R,
SM37B81298,MEMORY S M321R3GA3PB2-CCP 24GB 1Rx8 64R,
SM37B81300,MEMORY S M321RYGA0PB2-CCP 96GB 2Rx4 64R,
SSS7B98329,SSD MTFDKCC3T8TGP-1BK1JABYY U.3 CSP,
SSS7C01732,SSD S MZQL27T6HBLA-00A07 7.68T U.2 F-A3,
SSS7C01733,SSD MTFDKCC7T6TGP-1BK1JABYY U.3 F-A3,
SSA7B91278,SP INTEL SRF-SP 6780E 144C/2.2G/330W,
SSA7B91280,SP INTEL SRF-SP 6756E 128C/1.8G/225W,
SSA7B91283,SP INTEL SRF-SP 6731E 96C/2.2G/250W,
SSA7B91281,SP INTEL SRF-SP 6746E 112C/2.0G/250W,
SSA7B91279,SP INTEL SRF-SP 6766E 144C/1.9G/250W,
SSA7B91282,SP INTEL SRF-SP 6740E 96C/2.4G/250W,
SM37C01512,MEMORY MTC20F104XS1RC56BB1 48G M1 AVAP,
SM37B75604,MEMORY MTC40F204WS1RC56BB1 96G M1 AVAP,
SM37B42247,MEMORY MTA18ASF4G72PZ-3G2F1 32G M1aAVAP,
SM37B81304,MEMORY H HMCGM4MHBRB 96GB 2Rx4 64R,
SM37B73360,MEMORY S M321RYGA0PB2-CCP 96GB 2Rx4 64R,
SSA7B97636,SP AMD Turin 9575F 64C 400W x.xG PR,
SSS7A81284,SSD 2.5 NVMe SSD PM1733a 7.68T SED DM,
SSA7B69927,SP AMD BERGAMO 9734 112C/2.2G/340W A2,
SM37B81295,MEMORY S M321R4GA0PB2-CCP 32GB 1Rx4 64R,
SSA7A92841,"SP Intel G6505T 2C/4T,3.6G,35W,4M",
SM37B98476,MEMORY S M321R8GA0PB0-CWM 64GB 2Rx4 56R,
SM37B76132,MEMORY S M393A8G40CB4-CWE 64G M1 AVAP,
SSA7B85383,SP AMD Turin Dense 9825 144C 400W 2.1G,
SSA7B85386,SP AMD Turin Classic 9565 72C 400W 3.1G,
SM37B46538,MEMORY MTC20F208XS1RC56BB1 48GB 2Rx8 56R,
SM37B75655,MEMORY S M321R8GA0PB0-CWM 64GB 2Rx4,
SSA7B09640,SP SPR 8460Y+ 40C/2.0-2.8G/300W,
SM37A91240,MEMORY Sam M393A4G43BB4-CWE 32G D4-32,
SW11A40450,WIRELESS WLAN GSD RTL8822CE,
SEK1P88578,EDPK W11 IoT LTSC24 Entry DPK WW,
SEK1P88576,EDPK W11 IoT LTSC24 Value DPK WW,
SSS1D71517,SSD SKH PVC10 512G 2280 PCIe G4V x4 OPAL,
SSA1N62672,SP Xeon W5-2565X 3.2GHz/18C/37.5M 240W,
SSS7B92808,SSD S MZEMO15THCLC-00AMV E1.L M1 AVAP,
SSA7C00423,SP Intel GNR ES2 Q5MU PS M1,
SSS7B23018,SSD 2.5 SSD PM1653 15.36TB SED DE,
SSA7B96909,SP AMD TURIN Dense 192C 500W PC GP,
SM37B75607,MEMORY MTC40F2046S1RC56BD1 64G M1aAVAP,
SSA7C00681,SP INTEL GNR-SP 6782P-C Q63W PS M1,
SSS7B80107,SSD E3.S PM9D3a/9D5a 7.68TB/6.4TB HS,
SSA7C00684,SP INTEL GNR-SP 6782P-C Q63W FOC M1,
SSA7B69928,SP Intel SPR EE 5423N 20C/2.1G/145W,
SSA7B76175,SP INTEL EMR 8593Q 64C/2.2G/385W,
SM37B77853,MEMORY MTC40F2046S1RC56BD1 64G M1aAVAP,
SM37B68194,MEMORY MTC20F104XS1RC56BB1 48GB 1Rx4 56R,
SSS7B41908,SSD Kioxia 1.92T KCD71RUG1T92 B BC1-B&S,
SSA7C02620,SP AMD Turin 9335M 32C 210W 3.3G A3,
SM37B77844,MEMORY S M321R4GA0BB0-CQK 32GB 1Rx4 48R,
SSA7C02519,SP AMD TURIN 64C 4.1G 360W PC A7 PS RS,
SSS7B82831,SSD E3.S CD8P 15.36TB/12.8TB HS,
SSA7C02456,SP AMD Turin 9655 96C 400W 2.6G SC,
SSA7C02455,SP AMD GENOA 9654P 96C 2.4G 360W TD,
SSS7B44521,SSD Mic MTFDKCC1T9TFR-1BC15ABYY STD,
SSA7C02618,SP AMD Turin 9475M 48C 400W 3.6G A3,
SSA7C02613,SP AMD Turin 9825M 144C 390W 2.1G A3,
SSA7C02615,SP AMD Turin 9565M 72C 400W 3.1G A3,
SSA7C02614,SP AMD Turin 9655M 96C 400W 2.6G A3,
SSA7C02616,SP AMD Turin 9555M 64C 360W 3.2G A3,
SM37B31215,MEMORY H HMCG94AEBRA 64GB 2Rx4 48R,
SM37B82086,MEMORY W LV48R40BD8HA-32 32GB 2Rx8 48R,
SSA7B90774,SP AMD GENOA 9334V 32C/2.7G/210W CSP-T2,
SM37B77868,MEMORY S M321R6GA3BB0-CQK 48GB 2Rx8 48R,
SM37C03187,MEMORY MTC20F1045S1RC64BD2 32G 64R A3,
SM37C03194,MEMORY H HMCG94AHBRA 64G 2Rx4 64R A3,
SM37C03192,MEMORY MTC40F204WS1RC64BB2 96G 64R A3,
SM37C03188,MEMORY H HMCG84AHBRA 32G 1RX4 64R A3,
SM37C03190,MEMORY H HMCGM4MHBRB 96G 2RX4 64R A3,
SM37C03193,MEMORY MTC40F2046S1RC64BD2 64G 2Rx4 A3,
SSS7C03200,SSD MTFDKCC3T8TGP-1BK1JABYY U.3 A3,
SSS7C03196,SSD MTFDKBG1T9TFR-1BC4DABYY M.2 A3,
SSS7C03201,SSD MTFDKCC7T6TGP-1BK1JABYY U.3 A3,
SSS7C03199,SSD MTFDKCC30T7TGR-1BK4JABYY U.3 A3,
SM31M87163,MEMORY 32G 56S RMSB3420MD88ICF-5600 I0,
SM31M87161,MEMORY 16G 56S RMSB3410MD88IBF-5600 I0,
SM31L87518,MEMORY 32G 56S RMSB3420MD88ICF-5600 M0,
SM31L87517,MEMORY 16G 56S RMSB3410MD88IBF-5600 M0,
SSS1D71506,SSD UM AH660 1T 2280 PCIe G4P x4 OPAL,
SSA1Q44951,SP Intel 285K 3.7GHz/24C/36M 125W,
SSA1R07602,SP AMD R5 PRO 5655 GE 3.4GHz/6C/16M 35W,
SSA1R07601,SP AMD R5 PRO 5655 G 3.9GHz/6C/16M 65W,
SSA1R07599,SP AMD R7 PRO 5755 GE 3.2GHz/8C/16M 35W,
SSA1R07600,SP AMD R7 PRO 5755 G 3.8GHz/8C/16M 65W,
SM31P72591,MEMORY 48GB D5 56 T HMCGY8MGBAB212N,
SSA1P29913,SP Intel 6530 2.1GHz/32C/160M 270W,
SSA7C03969,SP INTEL 6782P-C 80C/2.2G/350W M1 DB,
SSA7B88111,SP AMD Turin Classic 9015 8C 155W 3.6G,
SSA7B85393,SP AMD Turin Classic 9335 32C 210W 3.3G,
SSA7B85394,SP AMD Turin 9275F 24C 320W 4.0G,
SSA7B85395,SP AMD Turin Classic 9255 24C 200W 3.3G,
SSA7B85396,SP AMD Turin 9175F 16C 320W 4.0G,
SSA7B85385,SP AMD Turin Dense 9645 96C 320W 2.1G,
SSA7B88109,SP AMD Turin Classic 9365 36C 300W 3.3G,
SSA7B88110,SP AMD Turin Classic 9115 16C 165W 3.3G,
SSS7C02859,SSD Kx KLD2DLJC15T3 E1.L M1 AVAP,
SSA7C04477,SP AMD TURIN 24C 3.7G 200W PC A7 PS,
SSS7C03198,SSD S MZQL27T6HBLA-00A07 7.68T U.2 A3,
SM37C02703,MEMORY HMAG94DXNRB 64G 32R M1aAVAP,
SSA7B98776,SP INTEL GNR-SP 6747P 48C/2.5G/350W,
SSS1D71504,SSD MIC 3500 2T 2280 PCIe G4P x4 OPAL,
SM31Q28881,MEMORY 32GB D5 64A MTC16C2085S1AC64BD1,
SM31Q28877,MEMORY 32GB D5 64A HMCG88AHBVA,
SSS7C03415,SSD Sam MZTL63T8HFLT-00AW7 E1.S STD,
SM37B93910,MEMORY HMCG84AEBRA 32G 1RX4 48R M1aAVAP,
SM37B77649,MEMORY MTC40F2047S1RC64BB1 128GB 2Rx4 64,
SSS7B93635,"SSD 1.92TB NVMe PM1733a 1DWPD, SP",
SM31P72593,MEMORY 48GB D5 56 T HMCGY8MGBAB250N,
SSA1P47996,SP Intel W9-3595X 2GHz/60C/112.5M 385W,
SSA1P29915,SP Intel 6544Y 3.6GHz/16C/45M 270W,
SM37B41117,MEMORY MTA72ASS8G72LZ-3G2R2 64G M1 AVAP,
SM37C03191,MEMORY S M321RYGA0PB2-CCP 96G 64R A3,
SM37C03189,MEMORY S M321R4GA0PB2-CCP 32G 64R A3,
SM37C03186,MEMORY S M321R8GA0PB2-CCP 64G 64R A3,
SM37B73332,MEMORY MTC10F1084S1RC64BD2 16GB 1Rx8 64R,
SSA7C06156,SP AMD Turin 9335 32C 210W 3.0G PR A3,
SM37B96287,MEMORY M321RYGA0BB0-CQK 96GB2Rx448R BLR,
SM31P39233,MEMORY 16GB D5-56E MTC10C1084S1EC56BD1 N,
SM31P39232,MEMORY 16GB D5-56E MTC10C1084S1EC56BD1 K,
SM31P88084,MEMORY 32GB D5 64V HMCG88AHBVA,
SM31P88083,MEMORY 16GB D5 64V HMCG78AHBVA,
SM31P88086,MEMORY 16GB D5 64W HMCG78AHBWA,
SM31P90414,MEMORY 64GB D5 64A MTC16C2086S1AC64BB1,
SM31P72799,MEMORY 48GB D5-56U M323R6GA3PB0-CWMOD,
SSS1D71520,SSD SKH PCB01 1T 2280 PCIe Gen5P x4 OP,
SSS1D71519,SSD SKH PCB01 512G 2280 PCIe Gen5P x4 OP,
SSA1Q41104,SP Intel 265 2.4GHz/20C/30M 65W,
SSA1Q41102,SP Intel 265K 3.9GHz/20C/30M 125W,
SSS7A70486,SSD 2.5 NVMe SSD PM1733 3.84T FIPS DM,
SSS7B75771,SSD HFS3T8GEJWX132N 3.84T E1.S M1aAVAP,
SSS1D33720,SSD WD SN8000S 2T 2280 PCIe G4P x4 OP,
SSS1D33719,SSD WD SN8000S 1T 2280 PCIe G4P x4 OP,
SSA1R07603,SP AMD R3 PRO 5355 G 4GHz/4C/8M 65W,
SSA1R07598,SP AMD R3 PRO 5355 GE 3.6GHz/4C/8M 35W,
SSS1D71521,SSD SKH PCB01 2T 2280 PCIe Gen5P x4 OP,
SSA1P29919,SP Intel 8570 2.1GHz/56C/300M 350W,
SSA1P29921,SP Intel 8568Y+ 2.3GHz/48C/300M 350W,
SSA1N62666,SP Xeon W7-2575X 3.0GHz/22C/45M 250W,
SW11E39901,WIRELESS WLAN FXN MT7925 2230,
SM37B92028,MEMORY S M321R8GA0PB0-CWM 64G M1aAVAP,
SSA7B88115,SP AMD Turin 9355P 32C 280W 3.5G,
SSS7C05586,SSD HFS1T9GFMWX183N 1.92T E1.S M1 AVAP,
SSS7B88909,SSD HFS7T6GFMWX183N 7.68T E1.S M1,
SSS7A38435,"SSD 1TB, NVMe, M.2, SSD",
SSA7B93941,SP INTEL GNR-AP 6980P 128C/2.0G/500W,
SSS0Y86533,SSD SAM PM9E1 512G 2280 PCIe Gen5P x4 OP,
SSA1Q41100,SP Intel ULT 9 285 2.5GHz/24C/36M 65W,
SSA1Q41101,SP Intel U5 225 3.3GHz/10C/20M 65W B0,
SM37B73374,MEMORY MTC40F2046S1HC88XD1 64GB 2Rx4 64R,
SM37C07244,MEMORY HMCT04MHBRC 128G 2RX4 64R M1 AVAP,
SM37B73367,MEMORY S M327R4GA3EB0-CLV 32GB 2Rx8 88M,
SSA7C07493,SP AMD Turin 9455 48C 300W 3.15G BA,
SM37B73369,MEMORY H HMCG88BDJHA 32GB 2Rx8 88M,
00NV279,MEMORY 2Rx4 32GB 8Gbit 2400MHz RDiMM,
01KM925,MEMORY 2Rx4 32GB 8Gbit 2400MHz RDIMM,
00NV282,MEMORY 2Rx4 32GB 8Gbit 2400MHz RDiMM,
01GR299,SSD ORDERABLE PN,
01GT221,SSD_ASM Lite-On 960GB M.2 NVME,
01GT222,SSD_ASM Hynix 960GB M.2 NVME,
SM37B82093,MEMORY MTC10C1084S1EC56BD1 16GB D5-56E,
SM37B73340,MEMORY MTC20F2085S1RC64BD2 32GB 2Rx8 64R,
SSS7B88905,SSD Kio KXD8FRJ97T68 7.68T E1.S M1 AVAP,
SM37B23576,MEMORY S M321R4GA0BB0-CQK 32G M1 AVAP,
SCL7C02663,COA_LABELS 29756,
SCL7C02666,COA_LABELS 29750,
SCL7C02665,COA_LABELS 29751,
SW11A40413,WIRELESS WLAN Liteon RTL8852CE 2230,
SSA1P29911,SP Intel 6542Y 2.9GHz/24C/60M 250W,
SW11A40405,WIRELESS WLAN Intel AX203 NV 80M,
SSA1R69337,SP Intel ULT 5 245T 2.2GHz/14C/24M 35W,
SSA1R69338,SP Intel ULT 5 225T 2.5GHz/10C/20M 35W,
SM37C07826,MEMORY MTC40F204WS1RC56BB2 96G M1 AVAP,
SM37C01555,MEMORY S M321RYGA0PB0-CWM 96G M1 AVAP,
SM37C06563,MEMORY MTC40F2046S1RC56BD2 64G M1 AVAP,
SM37B42246,MEMORY MTA18ASF4G72PZ-3G2F1 32G M1 AVAP,
SM37B99842,MEMORY MTC20F104XS1RC56BB2 48G M1 AVAP,
SM37B82092,MEMORY H HMCG78AGBEA 16GB D5-56E,
SM37B77855,MEMORY S M321R8GA0BB0-CQK 64GB 2Rx4 48R,
SM37B98479,MEMORY H HMCGM4MGBRB 96GB 2Rx4 56R,
SSS1D33703,SSD KIX BG6 1T 2280 PCIe G4V x4 OPAL,
SSS0Y86535,SSD SAM PM9E1 2T 2280 PCIe Gen5P x4 OP,
SM31Q28292,MEMORY 48GB D5 56E HMCGY8MGBEB213N,
SSS1F20355,SSD WD SN5000S 512G 2280 PCIe G4 x4 QLC,
SW11E39899,WIRELESS WLAN Liteon RTL8922AE,
SSA1Q41097,SP Intel U5 225F 3.3GHz/10C/20M 65W B0,
SSA1R69335,SP Intel ULT 5 235 3.4GHz/14C/24M 65W,
SSA7B93947,SP AMD EPYC 4124P 4C/3.8G/65W MP,
SM37B88466,MEMORY HMCT04AEERA 128G 4RX4 48R M1a,
SSA7C03970,SP INTEL 6783P-C 80C/2.2G/350W M1 DB,
SM37B92027,MEMORY S M321R8GA0PB0-CWM 64G M1AVAP,
SM37B75602,MEMORY HMCG94AGBRA 64G 2RX4 5600 M1 AVAP,
SSA7B88112,SP AMD Turin 9655P 96C 400W 2.7G,
SSS7C00425,SSD Solidigm P5520 3.84TB NVMe-STD,
SSS7C05138,SSD S MZQL23T8HCLS-00A07 3.84T U.2 CSP,
SSA7C04826,SP INTEL GNR-SP 6747P 48C/2.7G/330W MC,
SM37B34658,MEMORY S M393A2K43EB3-CWE 16GB D4-26R,
SSA7C03086,SP INTEL 6960P 72C/2.7G/500W MC FOC,
SSA1L11089,SP Xeon Gold 5418Y 2GHz/24C/45M 185W,
SSS7C00426,SSD Solidigm P5520 7.68TB/6.4T NVMe-STD,
SM37B77845,MEMORY H HMCG84AEBRA 32GB 1Rx4 48R,
SSS7C00424,SSD Solidigm P5520 1.92TB/1.6T NVMe-STD,
SSS7B93600,"SSD 2.5"" PM7 3.2TB MU SAS HS FIPS",
SM31P88079,MEMORY 8GB D5 64V M435R1GB4PB1-CCP,
SM31P88076,MEMORY 16GB D5 64V MTC8C1084S1VC64BD1,
SM31P88075,MEMORY 8GB D5 64V MTC4C10163S1VC64BD1,
SM31Q52490,MEMORY 48GB D5 64 V MTC16C208XS1VC64BC1,
SM31P88085,MEMORY 48GB D5 64V HMCGY8MHBVB,
SW11H85198,WIRELESS WLAN Foxconn NFA765A 2230,
SSA1R69334,SP Intel ULT 5 245 3.5GHz/14C/24M 65W,
SSA7B76157,SP INTEL EMR 8580 60C/2.0G/350W,
SSA7B88113,SP AMD Turin 9555P 64C 360W 3.3G,
SSA7B88114,SP AMD Turin 9455P 48C 300W 3.0G,
SSA7C06476,SP AMD Turin 9565 72C 400W 3.15G PR A3,
SSA7C06475,SP AMD Turin 9475F 48C 400W 3.65G PR A3,
SM37B06926,MEMORY S M393A2K43EB3-CWE 16GB D4-29R,
SM31P72796,MEMORY 32GB D5 56 E M324R4GA3PB0-CWMOL,
SM31K10597,MEMORY 16GB D4 32 U KTFGU4AE8-YC,
SM31Q28884,MEMORY 16GB D5 64 A M333R2GA3PB1-CCP,
SSS1D71518,SSD SKH PVC10 1T 2280 PCIe G4V x4 OPAL,
SSS1D71503,SSD MIC 3500 1T 2280 PCIe G4P x4 OPAL,
SSA1Q41099,SP Intel 245K 4.2GHz/14C/24M 125W,
SSS7B77936,SSD MTFDKBG960TFR-1BC15ABYY M.2 CSP,
SM37B77650,MEMORY S M321RBJA0M22-CLP 256GB 4Rx4 64R,
SSS7B64519,SSD KXDZFRJ97T68 XD7P E1.S 7.68T M1aAVAP,
SM37B73373,MEMORY H HMCG94BDJHA 64GB 2Rx4 88M,
STC7B05673,SOLICITUD DORIAN HDZ 02/21/2025,
STC7B05888,SOLICITUD DORIAN HDZ 02/21/2025,
STC7B05898,SOLICITUD DORIAN HDZ 02/21/2025,
SSS7B80104,SSD E3.S PM9D3a/9D5a 3.84TB/3.2TB HS,
SM37B98268,MEMORY S M321R8GA0EB2-CCP 64R M1 AVAP,
SM37C08472,MEMORY H HMCGY4MHBRB 48G 64R M1 AVAP,
SM37B89955,MEMORY S M321RYGA0PB2-CCP 96G 64R M1,
SM37C03045,MEMORY HMCG94AHBRA 64G 2RX4 M1 AVAP,
SSA7B21841,SP SPR 6428N 32C/1.8-2.7G/185W,
SSS7B93603,"SSD 2.5"" PM7 1.6TB MU SAS HS FIPS",
SSA1R69340,SP Intel U5 225F 3.3GHz/10C/20M 64W A0,
SSA1Q41096,SP Intel ULT 9 285T 1.4GHz/24C/36M 35W,
SM31Q62607,MEMORY 32GB D5-56R M321R4GA3EB0-CWMCH,
SM31Q62603,MEMORY 32GB D5-56R M321R4GA3EB0-CWMKH,
SM31Q62606,MEMORY 16GB D5-56R M321R2GA3EB0-CWMCH,
SSS0Y86534,SSD SAM PM9E1 1T 2280 PCIe Gen5P x4 OP,
SSS0Y86536,SSD SAM PM9E1 4T 2280 PCIe Gen5P x4 OP,
SSS7C09913,SSD S MZEL615THBLF-00AMV E1.L M1 AVAP,
SSA7B86953,SP AMD EPYC 4244P 6C/3.8G/65W MP,
SM37C06566,MEMORY MTC40F2047S1RC56BB2 128G M1aAVAP,
SM37B05170,MEMORY MTA18ASF2G72AZ-3G2R1 16GB D4-32E,
SSA7C10446,SP AMD 9V45 96C 400W 2.6G PR M1 DB Qual,
SSA7C10448,SP AMD 9535V 64C 300W 2.4G M1 DB Qual,
SSS7C03195,SSD MTFDKBG3T8TFR-1BC15ABYY M.2 A3,
SM37B82095,MEMORY H HMCG88AGBEA 32GB D5-56E,
SSS7B72110,"SSD 2.5"" ER3 240GB RI SATA HS",
SHD7B91485,HDD MG10 2TB SAS 512e HDD,
SM37B23179,MEMORY H HMAG84EXNRA 32GB D4-32R,
SSA7B86952,SP AMD EPYC 4344P 8C/3.8G/65W MP,
SHD7B91491,HDD MG10 8TB SAS 512e HDD,
SSA7B98775,SP INTEL GNR-SP 6767P 64C/2.2G/350W,
SSA7B98787,SP INTEL GNR-SP 6730P 32C/2.5G/250W,
SSA7B75333,SP Intel SPR EE 6403N 24C/1.9G/185W,
SM31L87569,MEMORY 48GB D5 56S MTC16C208XS1SC56BB1 B,
SM31M87293,MEMORY 32GB D5 56 U  M323R4GA3EB0-CWMOD,
SM31R67737,MEMORY 128GB D5-56R M321RAJA0MB0-CWMJH,
SSS1D33721,SSD WD SN8000S 4T 2280 PCIe G4P x4 OP,
SW11H85144,WIRELESS WLAN Foxconn NCM865A 2230,
SSS7C12775,SSD HFS3T8GFMWX183N E1.S M1 AVAP,
SM37B90003,MEMORY MTC40F2047S1RC56BB1 128G M1AVAP,
SSS7C09572,SSD MTFDLAL61T4THL-1BK1DABYY 2.5 STD,
SSS7B84168,"SSD Sd 2.5"" PS1010 1.92TRI/PS1030 1.6TMU",
SM37B46519,MEMORY S M321R8GA0PB0-CWM 64GB 2Rx4 56R,
SSS7C13603,SSD MTFDLAL61T4THL-1BK1DFCYY STD,
SHD7B91487,HDD MG10 4TB SAS 512e HDD,
SSA7C00607,SP NVIDIA C2 Module SKU200 480G CC,
SM37A92622,MEMORY S M393A2K40DB2-CVF 16GB D4-26R,
SSS7B72116,"SSD 2.5"" ER3 960GB RI SATA HS",
SSS7C03448,SSD Sam MZTL67T6HBLC-00AW7 E1.S STD,
SSS7C02549,"SSD 2.5"" U.2 BM1743 61.44TB RI HS",
SSS7C09577,SSD Sd SBFPF2BV614T001 U.2 STD,
SM37C09911,MEMORY Hyn HMCT04MGBRC 128G M1 AVAP,
SM37C14128,MEMORY S M321RYGA0PB2-CWM 96G M1 AVAP,
SSS7C00427,SSD Solidigm P5520 15.36TB NVMe-STD,
SM31M87295,MEMORY 32GB D5 56 U  M323R4GA3EB0-CWMOL,
SM31M87283,MEMORY 16GB D5 56 S  M425R2GA3EB0-CWMOL,
SM31P88082,MEMORY 8GB D5 64V HMCG66AHBVA,
SM31P88077,MEMORY 32GB D5 64V MTC16C2085S1VC64BD1,
SM31P39235,MEMORY 32GB D5-56E MTC20C2085S1EC56BD1 N,
SSS1D71502,SSD MIC 3500 512G 2280 PCIe G4P x4 OPAL,
SSA1N62676,SP Xeon W7-2595X 2.8GHz/26C/48.75M 250W,
SSA1Q41098,SP Intel 265F 2.4GHz/20C/30M 65W,
SM31P90422,MEMORY 64GB D5-48R M321R8GA0BB0-CQKZJ,
SL81Q41892,LOGIC_IC GigaDevice GD25B128EWIGR,
SL81Q41898,LOGIC_IC MXIC MX25L12872FZNI-10G,
SSA1R69339,SP Intel ULT 5 235T 2.2GHz/14C/24M 35W,
SSA1Q44950,SP Intel ULT 7 265T 1.5GHz/20C/30M 35W,
SM31C22909,MEMORY 128GB D5-48R3 M321RAGA0B20-CWKZH,
SM31L87562,MEMORY 16GB D5 56 U LV56U46BS8HA-16A,
SM31P90408,MEMORY 64GB D5-64R M321R8GA0EB2-CCP,
SSS0Y86542,SSD SAM PM9C1b 1T 2280 PCIe G4V x4 OP,
SSA1N62669,SP Xeon W9-3575X 2.2GHz/44C/97.5M 340W,
SSA1R34349,SP Intel Xeon 4510 2.4GHz/12C/30M 150W,
SSA7C02617,SP AMD Turin 9575M 64C 400W 3.3G A3,
SSA7C15669,SP AMD Turin 9455P 48C 300W 3.15G P1,
SSS7B80149,"SSD 2.5"" PM897a 480GB MU HS",
SSA7B98788,SP INTEL GNR-SP 6530P 32C/2.3G/225W,
SSA7B98790,SP INTEL GNR-SP 6520P 24C/2.4G/210W,
SSA7B98794,SP INTEL GNR-SP 6761P 64C/2.0G/350W,
SSA7B98774,SP INTEL GNR-SP 6787P 86C/1.9G/350W,
SM37B82237,MEMORY H HMCG78AGBSA 16GB D5-56S,
SM37B82240,MEMORY H HMCG88AGBSA 32GB D5-56S,
SM37C06565,MEMORY MTC40F2047S1RC56BB2 128G M1 AVAP,
SSA7C13115,SP Intel SPR 8487C 56C/1.9G/350W M1AROV,
SHD7B91493,HDD MG10 10TB SAS 512e HDD,
SM37B06939,MEMORY S M321R8GA0BB0-CQK 64GB 2RX4 48R,
SSS7B80158,"SSD 2.5"" PM897a 3.84TB MU HS",
SSS7B80152,"SSD 2.5"" PM897a 960GB MU HS",
SSS7B80155,"SSD 2.5"" PM897a 1.92TB MU HS",
SSA7B98779,SP INTEL GNR-SP 6724P 16C/3.6G/210W,
SSA7C13117,SP Intel SPR 8455C 48C/2.0G/325W M1AROV,
SSA7C13116,u471ntel SPR 8473C E5 Q23G PS M1OV,
SM31M87291,MEMORY 16GB D5 56 U  M323R2GA3EB0-CWMOL,
SM31Q52506,MEMORY 16GB D4 32 S KTFGS4AE8-YC,
SM31M87281,MEMORY 16GB D5 56 S  M425R2GA3EB0-CWMOD,
SM31P39234,MEMORY 32GB D5-56E MTC20C2085S1EC56BD1 K,
SSS0Y86541,SSD SAM PM9C1b 512G 2280 PCIe G4V x4 OP,
SM37B95192,MEMORY S M321R8GA0EB0-CWM 64GB 2Rx4 56R,
SSA7C16625,SP ZT Intel EMR 8555C 52C/2.1G/350W M1,
SSS7C16624,SSD ZT S MZEL615THBLF-00AMV E1.L M1 AVAP,
SSS7C16627,SSD ZT S MZEMO30THCLF-00AMV E1.L M1 AVAP,
SM37B98392,MEMORY S M321R8GA0EB2-CCP 64G 64R CSP,
SM37B97029,MEMORY MTC40F2046S1RC64BD2 64G CSP,
SSA7B88106,SP AMD Turin Dense 9965192C 500W 2.1G,
SSS7B84169,"SSD Sd 2.5"" PS1010 3.84TRI/PS1030 3.2TMU",
SSA7B98781,SP INTEL GNR-SP 6517P 16C/3.2G/190W,
SSS7B69815,SSD HFS1T9GDJ0X132N PE9010 M.2 M1aAVAP,
SSS7C16637,SSD S MZCL93T8HFLB-00AMZ E1.S M1 AVAP,
SM37B06937,MEMORY H HMCG94MEBQA 64GB 2RX4 DDR5,
SSS7B82822,SSD E3.S CD8P1.92TB/1.6TB HS,
SSS7C02546,"SSD 2.5"" U.2 BM1743 30.72TB RI HS",
SSS7B82828,SSD E3.S CD8P 7.68TB/6.4TB HS,
SSA7B98791,SP INTEL GNR-SP 6515P 16C/2.4G/150W,
SSA7B98786,SP INTEL GNR-SP 6740P 48C/1.9G/270W,
SSA7B98792,SP INTEL GNR-SP 6505P 12C/2.2G/150W,
SSA1T09941,SP AMD 9975WX 4GHz/32C/128M 350W,
SM31M87287,MEMORY 32GB D5 56 S  M425R4GA3EB0-CWMOL,
SM31M87285,MEMORY 32GB D5 56 S  M425R4GA3EB0-CWMOD,
SSS1P71363,SSD WD SN7100S 256G 2280 PCIe G4V x4 OP,
SSS1P71356,SSD WD SN7100S 512G 2280 PCIe G4V x4 OP,
SM31P88078,MEMORY 64GB D5 64V MTC16C2086S1VC64BB1,
SM31R67698,MEMORY 128GB D5-56R M321RAJA0MB0-CWMNX,
SSA1T09940,SP AMD 9945WX 4.7GHz/12C/64M 350W,
SSS7B82282,SSD MTFDKBG960TFR-1BC1EFCMA M.2 M1aAVAP,
SM37B90001,MEMORY S M321RAJA0MB0-CWM 128G M1AVAP,
SM37B31169,MEMORY MTC20F1045S1RC48BA2 32G M1a AVAP,
SSS7B84170,"SSD Sd 2.5"" PS1010 7.68TRI/PS1030 6.4TMU",
SSS7C17766,SSD S MZCL91T9HFLU-00AMZ E1.S M1 AVAP,
SM37B23181,MEMORY H HMAG84EXNRA 32GB D4-32R,
SSS0Y86540,SSD SAM PM9C1b 256G 2280 PCIe G4V x4 OP,
SM31L87558,MEMORY 16GB D5 56 U LV56U46BS8HA-16K,
SM31M87273,MEMORY 16GB D5 56 S LV56S46BS8MD-16K,
SM31Q62608,MEMORY 16GB D5-56R M321R2GA3EB0-CWMKH,
SSS1P71395,SSD MIC 2500 1T 2280 PCIe G4 x4 QLC,
SSS1F20356,SSD WD SN5000S 1T 2280 PCIe G4 x4 QLC,
SM31P90406,MEMORY 16GB D5-64R M321R2GA3EB2-CCP,
SM31P86568,MEMORY 64GB D4-32R HMAG94DXNRB,
SM31P88080,MEMORY 16GB D5 64V M435R2GA3PB1-CCP,
SM31M87289,MEMORY 16GB D5 56 U  M323R2GA3EB0-CWMOD,
SSS7B80101,SSD E3.S PM9D3a/9D5a 1.92TB/1.6TB HS,
SSA7B89854,SP Intel 6353P 8C/16T 2.7G 65W,
SSA7B89856,SP Intel 6337P 6C/12T 3.5G 80W,
SSA7B98782,SP INTEL GNR-SP 6507P 8C/3.5G/150W,
SSA7B98780,SP INTEL GNR-SP 6714P 8C/4.0G/165W,
SSA7B98784,SP INTEL GNR-SP 6736P 36C/2.0G/205W,
SM37C06564,MEMORY MTC40F2046S1RC56BD2 64G M1aAVAP,
SM37B74777,MEMORY S M321R4GA3PB2-CCP 32GB 2Rx8 64R,
SM37C12804,MEMORY S M321R8GA0EB2-CWM 64GB 2Rx4 56R,
SM37B98478,MEMORY H HMCG94AGBRA 64GB 2Rx4 56R,
SSS7A81282,SSD 2.5 NVMe SSD PM1733a 1.92T SED DM,
SM37B90695,MEMORY TBD-update later,
SM37B90693,MEMORY MTC8C1084S1VC64BD1 16GB D5-64S,
SSA7B98777,SP INTEL GNR-SP 6737P 32C/2.9G/270W,
SSA7B89861,SP Intel 6315P 4C/4T 2.8G 55W,
SSS7A81290,SSD 2.5 SSD PM1653 3.84TB DM,
SM37B46942,MEMORY S M321R2GA3PB0-CWM 16GB 1Rx8 56R,
SSS7C17596,SSD S MZ3LO7T6HBLT-00A07 E3.S M1 AVAP,
SSS7C17598,SSD S MZ3LO15THBLA-00A07 E3.S M1 AVAP,
SM37B89951,MEMORY HMCGM4MHBRB 96G 2RX4 64R M1,
SM37B92957,MEMORY HMCG84AGBRA 32G 1RX4 M1aAVAP,
SM37C09422,MEMORY M32RYGA0PB2-CWM 96GB 2Rx4 56R,
SM37C09589,MEMORY MTC40F2046S1RC56BD2 64GB 2Rx4 56R,
SM37C13381,MEMORY S M321RBJA0M22-CLP 256GB 4Rx4 64R,
SM37B06921,MEMORY S M393A2K43EB3-CWE 16GB D4-32R,
SM37B82096,MEMORY MTC20C2085S1EC56BD1 32GB D5-56E,
SSA7B89857,SP Intel 6333P 6C/12T 3.1G 65W,
SM31P90418,MEMORY 128GB D5-64R HMCT04MHBRC,
SM31P88087,MEMORY 32GB D5 64W HMCG88AHBWA,
SSA1P29914,SP Intel 8592+ 1.9GHz/64C/320M 350W,
SSA1T09939,SP AMD 9955WX 4.5GHz/16C/64M 350W,
SSA1T09938,SP AMD 9985WX 3.2GHz/64C/256M 350W,
SSA1M81217,SP Intel i9-14900F 2GHz/24C/36M 65W,
SM37C05681,MEMORY MTC40F204WS1RC64BC1 96G 64R CSP,
SM37C03695,MEMORY MTC40F204WS1RC56BB2 96GB 2Rx4 56R,
SM37C13110,MEMORY M321R8GA0EB2-CWM 64G 2R M1 AVAP,
SSS7A81286,SSD 2.5 NVMe SSD PM1733a 3.84T FIPS DM,
SSA7B98798,SP INTEL GNR-SP 6511P 16C/2.5G/150W,
SSA7B89853,SP Intel 6357P 8C/16T 3.0G 80W,
SSA7B98785,SP INTEL GNR-SP 6760P 64C/2.1G/330W,
SSA7B98802,SP INTEL GNR-SP 6738P 32C/2.9G/270W,
SM31K20217,MEMORY 16GB D5-56R HMCG78AGBRA188N,
SM31P90413,MEMORY 64GB D5-64R HMCG94AHBRA,
SM31K20218,MEMORY 32GB D5-56R HMCG88AGBRA188N,
SM31M87167,MEMORY 16G 56U RMUB5310MD88IBF-5600 I0,
SM31L87549,MEMORY 16G 56U RMUB5310MD88IBF-5600 M0,
SM31R02479,MEMORY 32GB D5-56R MTC20F2085S1RC56BD2 Q,
SM31R02474,MEMORY 32GB D5-56R MTC20F2085S1RC56BD2 M,
SM31M85846,MEMORY 32GB D5-56R HMCG88AGBRA190N,
SM31M87329,MEMORY 8GB D5 56 U HMCG66AGBUA084N,
SSA1L11098,SP Xeon Gold 6448Y 2.1GHz/32C/60M 225W,
SM37B77873,MEMORY H HMCGM4MEBRB 96GB 2Rx4 48R,
SSA7B89855,SP Intel 6349P 6C/12T 3.6G 95W,
SM37B90692,MEMORY H HMCG78AHBVA 16GB D5-64S,
SM37C13369,MEMORY MTC20F1045S1RC64BD2 32GB 1Rx4 64R,
SM37C13365,MEMORY MTC10F1084S1RC64BD2 16GB 1Rx8 64R,
SSS7B80110,SSD E3.S PM9D3a/9D5a 15.36TB/12.8TB HS,
SM37C13377,MEMORY MTC40F2046S1RC64BD2 64GB 2Rx4 64R,
SM37C13374,MEMORY S M321R8GA0PB2-CCP 64GB 2Rx4 64R,
SM37C09339,MEMORY MTC20F1045S1RC56BD1 32G M1aAVAP,
SSS7B75767,SSD HFS1T9GEJWX132N 1.92T E1.S M1aAVAP,
SSS7B69376,SSD Sd SBFPFWBV153TMD E1.L 9.5mm M1aAVAP,
SM37B73382,MEMORY MXFAH1280MB0-CCP 128GB CMM,
SM37C13376,MEMORY H HMCG94AHBRA 64GB 2Rx4 64R,
SM30N76954,MEMORY,
SW11E39893,WIRELESS CARD,
SM31P90409,MEMORY,
SM37C13351,MEMORY MTC40F204WS1RC64BC1 96G 64R A3,
SM37B77862,MEMORY S M321RAGA0B20-CWK 128GB 4Rx4 48R,
SSS7B75913,SSD 2.5 NVMe SSD BM1743 30.72T SED DG,
SSA7B93943,SP INTEL GNR-AP 6972P 96C/2.4G/500W,
SSA7B93944,SP INTEL GNR-AP 6960P 72C/2.7G/500W,
SSA7B93942,SP INTEL GNR-AP 6979P 120C/2.1G/500W,
SM37B82238,MEMORY MTC8C1084S1SC56BD1 16GB D5-56S,
SM37B72624,MEMORY H HMCT04AEERA 128GB 4Rx4 48R,
SSA7B89858,SP Intel 6325P 4C/8T 3.5G 55W,
SM31R01013,MEMORY 16GB D5-56R M321R2GA3EB2-CWMKH,
SM31R01011,MEMORY 16GB D5-56R M321R2GA3EB2-CWMCH,
SM31P90405,MEMORY 16GB D5-64R HMCG78AHBRA,
SM31M87277,MEMORY 16GB D5 56 U LV56U46BS8MD-16K,
SM31M87271,MEMORY 8GB D5 56 S LV56S46BS6MD-8K,
SM31Q52450,MEMORY 16GB D5 56 S LV56S46BS8MD-16PI,
SM31K55743,MEMORY 16GB D4-32R M393A2K43EB3-CWE,
SM37B82241,MEMORY MTC16C2085S1SC56BD1 32GB D5-56S,
SM37C12794,MEMORY S M321R2GA3EB2-CWM 16GB 1Rx8 56R,
SM37C13386,MEMORY S M321RYGA0PB2-CCP 96GB 2Rx4 64R,
SM37C12797,MEMORY S M321R4GA0EB2-CWM 32GB 1Rx4 56R,
SSS7C19935,SSD S MZVL6960HFLB-00AMV M.2 M1aAVAP,
SM31T51527,MEMORY 16GB D4 32 S KTFGS4AEF-HE,
SSS1P71357,SSD WD SN7100S 1T 2280 PCIe G4V x4 OPAL,
SSS1P71394,SSD MIC 2500 512G 2280 PCIe G4 x4 QLC,
SM31P88088,MEMORY 48GB D5 64 W HMCGY8MHBWB,
SW11H85152,WIRELESS WLAN Fulian RTL8922AE,
SM37C09586,MEMORY MTC10F1084S1RC56BD2 16GB 1Rx8 56R,
SM37C08474,MEMORY S M321R6GA0PB2-CCP 48G M1 AVAP,
SM37B90694,MEMORY H HMCG88AHBVA 32GB D5-64S,
4XB7B08274,DDN 7.68TB 1 DWPD NVMe G4 4K SSD,
SM31R01015,MEMORY 64GB D5-56R M321R8GA0EB2-CWMKH,
SM31R01012,MEMORY 32GB D5-56R M321R4GA3EB2-CWMKH,
SM31T97715,MEMORY 8GB D4 32 S KT8GS4AE8-HC,
SM37C13378,MEMORY S M321RAJA0MB2-CCP 128GB 2Rx4 64R,
SM37C12800,MEMORY S M321R4GA3EB2-CWM 32GB 2Rx8 56R,
SSS7A56683,"SSD Samsung 7.6TB NVMe, SED",
SSA1T09942,SP AMD 9965WX 4.2GHz/24C/128M 350W,
SSS7C02784,"SSD 2.5"" U.2 BM1743 15.36TB RI HS",
SSA7B98795,SP INTEL GNR-SP 6741P 48C/2.5G/300W,
SM37B73330,MEMORY S M321R2GA3PB2-CCP 16GB 1Rx8 64R,
SSS7B93239,"SSD 2.5"" Solidigm P5520 1.92T BC1-B&S",
SSS7B93240,"SSD 2.5"" Solidigm P5520 3.84T BC1-B&S",
SSS7C24031,SSD MTFDLCE7T6THG-1BP1DFCYY E1.S CSP-Cs,
SSS7C24352,SSD Sam MZTL67T6HBLC-00AW7 E1.S CSP-Cs,
SSS1D33718,SSD WD SN8000S 512G 2280 PCIe G4P x4 OP,
SM37B91686,MEMORY MTC40F2047S1RC64BB1 128G M1aAVAP,
SM37C12813,MEMORY S M321RYGA0PB2-CWM 96GB 2Rx4 56R,
SM37C13362,MEMORY S M321R2GA3PB2-CCP 16GB 1Rx8 64R,
SM37C13368,MEMORY H HMCG84AHBRA 32GB 1Rx4 64R,
SM37C12805,MEMORY S M321R8GA0EB2-CWM 64GB 2Rx4 56R,
SM37B69304,MEMORY S M393A8G40CB4-CWE 64GB D4-32R,
SSA7B98803,SP INTEL GNR-SP 6728P 24C/2.7G/210W,
SSA1T09937,SP AMD 9995WX 2.5GHz/96C/384M 350W,
SM31Q62604,MEMORY 64GB D5-56R M321R8GA0EB0-CWMKH,
SW11H85153,WIRELESS WLAN GSD MT7920,
SM31L87561,MEMORY 8GB D5 56 U LV56U46BS6HA-8A,
SM37C12806,MEMORY H HMCG94AGBRA 64GB 2Rx4 56R,
SSA7C03087,SP AMD Turin 9455 48C 300W 3.15G A3,
SSS7C03203,SSD S MZ1L21T9HCLS-00A07 1.92T M.2 A3,
SSS7C03202,SSD S MZQL23T8HCLS-00A07 3.84T U.2 A3,
SM37C20209,MEMORY MTC20F1045S1RC56BD2 32G M1 AVAP,
SM37C13388,MEMORY H HMCGM4MHBRB 96GB 2Rx4 64R,
SM37B73349,MEMORY H TBD 128GB 2Rx4 64R,
SM37C09587,MEMORY MTC20F1045S1RC56BD2 32GB 1Rx4 56R,
SM37B23638,MEMORY MTA18ASF4G72PDZ-3G2F1 32GB BC1,
SSA7C08251,SP Intel ICX 4314 16C/2.4G/135W BC1 B&S,
SM37C13370,MEMORY S M321R4GA3PB2-CCP 32GB 2Rx8 64R,
SSA7C15271,SP INTEL GNR-SP 6732P 32C/3.8G/350W,
SM37C13380,MEMORY MTC40F2047S1RC64BB1 128GB 2Rx464R,
SM31R02475,MEMORY 64GB D5-56R MTC40F2046S1RC56BD2 M,
SM31M87193,MEMORY 32GB D5 56 T M426R4GA3PB0-CWMOD,
SM37B98597,MEMORY MTC20F104XS1RC64BC1 48G M1 AVAP,
SM37B98266,MEMORY MTC40F204WS1RC64BC1 64R M1 AVAP,
SSA7B86348,SP NVIDIA C2 Module SKU220 960G MP,
SSS7B69163,"SSD 3.84T KCD81RUG3T84 2.5"" SSD-BC1 B&S",
SM37B86817,MEMORY Samsung 96GB 2Rx4 56R -BC1 B&S,
SM37C04691,MEMORY H HMAG88DXNRB 32G BC1 B&S,
4X77A85054,M MTC40F2046S1RC48BA1 64G M1,
4X77A84551,HMABAGL7CBR4N-XN 128G 4RX4 M1,
SSA7C08792,SP GENOA 9A64 64C/2.35G/250W BC1 BS,
SSA7B69281,SP GENOA 9Y24 96C/2.6G/400W BC1,
SHD7C26603,HDD WSH723634ALN607 34T HDD M1 AVAP,
SM37C12802,MEMORY H HMCG88AGBRA 32GB 2Rx8 56R,
SM37C12799,MEMORY H HMCG84AGBRA 32GB 1Rx4 56R,
SM37C13373,MEMORY MTC20F2085S1RC64BD2 32GB 2Rx8 64R,
SM37B86821,MEMORY Hynix 96GB 2Rx4 56R -BC1 B&S,
SSA7C28219,SP NVIDIA C2 Module SKU200 480G TG,
SM31R02482,MEMORY 64GB D5-56R HMCG94AGBRA628N,
SM31R02476,MEMORY 16GB D5-56R MTC10F1084S1RC56BD2 Q,
SM31R02477,MEMORY 16GB D5-56R MTC10F1084S1RC56BD2 M,
SM31T97726,MEMORY 8GB D4 32 S KT8GS4AE8-SE,
SSA1P29912,SP Intel 8580 2GHz/60C/300M 350W,
SM37C13372,MEMORY H HMCG88AHBRA 32GB 2Rx8 64R,
SM37C26802,MEMORY HMCT14MHERC 256G 64R M1 AVAP,
SSS7B68120,SSD KXDZFRJ93T84 3.84T E1.S M1 AVAP,
SSS7C06319,"SSD 2.5"" U.2 PM9D3a 30.72TB RI HS",
SM37B90691,MEMORY MTC4C10163S1VC64BD1 8GB D5-64S,
SSS7B23017,SSD 2.5 SSD PM1653 960GB DE,
SSA7B99360,SP INTEL GNR-SP 6787P 86C/2.0G/350W QS,
SM37C09588,MEMORY MTC20F2085S1RC56BD2 32GB 2Rx8 56R,
SSS7C28631,SSD S SBFPFWBV614TMD 61.44T E1.L M1 AVAP,
4X77A91769,Hynix 64G HMCG94AEBRA,
4XB7A87687,"SSD,E1.S,NVME,7.68TB,SAMSUNG,M1279890-00",
4XB7A88513,HFS960GDJ0X132N 960G M.2 M1AVAP,
4XB7A96356,MZCLO7T6HBLA-00AMZ 7.68T E1.S M1,
4XB7A95424,Hyn HFS3T8GDJ0X132N 3.84T M.2 M1,
SSS7C28460,SSD S MZCL915THBLF-00AMZ E1.S M1 AVAP,
SM37B89952,MEMORY HMCGM4MHBRB 96G 2RX4 64R M1aAVAP,
SSS7B75775,SSD HFS7T6GEJWX132N 7.68T E1.S M1aAVAP,
SM37B28937,MEMORY HMABAGL7CBR4N-XN 128G 32R M1 AVAP,
SSS7C19706,SSD S MZCL97T6HFLA-00AMZ E1.S M1 AVAP,
SM37C09590,MEMORY MTC40F2047S1RC56BB2 128GB 2Rx456R,
SM37C01556,MEMORY S M321RYGA0PB0-CWM 96G M1aAVAP,
SM37C28697,MEMORY Hyn HMCT04MGBRC539N 128G M1 AVAP,
SM37C28699,MEMORY Hyn HMCT04MGBRC540N 128G M1 AVAP,
SM37C28703,MEMORY Hyn HMCT04MGBRC546N 128G M1 AVAP,
SHD7B98483,HDD 3.5 SAS HDD 24TB Seagate Summit DE,
SHD7C29224,HDD Tos HDEB08BSMB51 32T HDD M1 AVAP,
SHD7C28462,HDD Tos MG11ACP24TE 24T HDD M1 AVAP,
SSS7A81295,SSD 2.5 SSD PM1653 7.68TB DE,
SM31L87564,MEMORY 16GB D4 32 S HMAG78DXNSB097N,
SSS0Y86509,SSD SAM PM9C1a 256G 2242 PCIe G4Vx4 OPAL,
SSS0Y86510,SSD SAM PM9C1a 512G 2242 PCIe G4Vx4 OPAL,
SSA1S60054,SP Intel ULT 3 205 3.8GHz/8C/15M 57W,
SM31P90407,MEMORY 32GB D5-64R M321R4GA3EB2-CCP,
SM31T51526,MEMORY 16GB D4 32 U KTFGU4AEF-HE,
SSA1U44869,SP Intel XEON 674X 3.0GHz/28C/144M 270W,
SSA1U44871,SP Intel XEON 636 3.5GHz/12C/48M 170W,
SSA1U44867,SP Intel XEON 654 3.1GHz/18C/72M 200W,
SSA1U44868,SP Intel XEON 634 2.7GHz/12C/48M 150W,
SSA1U44870,SP Intel XEON 678X 2.4GHz/48C/192M 300W,
SSA1U44872,SP Intel XEON 658X 3.0GHz/24C/144M 250W,
SSA1U44873,SP Intel XEON 656 2.9GHz/20C/72M 210W,
SSA1U44874,SP Intel XEON 638 3.2GHz/16C/72M 180W,
SSA1U44876,SP Intel XEON 676X 2.8GHz/32C/144M 275W,
SSS7A81283,SSD 2.5 NVMe SSD PM1733a 3.84T SED DM,
SSS7B80122,SSD M.2 PM9D3a 960GB RI NHS,
SSS7C04048,SSD 2.5 NVMe SSD WDC CB 3.84TB SED DM,
SSS7C04050,SSD 2.5 NVMe SSD WDC CB 15.36TB SED DM,
SM37B95868,MEMORY S M321R8GA0PB2-CCP 64G 64R CSP,
SSS7B75911,SSD 2.5 NVMe SSD BM1743 15.36T SED DG,
SSA7B98799,SP INTEL GNR-SP 6788P 86C/1.9G/350W,
SSA7C29206,SP AMD Turin Classic 9535 64C 300W 2.4G,
SM37C06351,MEMORY W LV56R46BD4MD-64 64GB 2Rx4 56R,
SM37C28800,MEMORY MTC40F2047S1RC64BB1 128G 64R A3,
SSA7B99363,SP INTEL GNR-SP 6767P 64C/2.4G/350W QS,
SM31R02485,MEMORY 16GB D5-56R HMCG78AGBRA623N,
SSA7B89852,SP Intel 6369P 8C/16T 3.3G 95W,
SM37C03046,MEMORY HMCG94AHBRA 64G 2RX4 M1aAVAP,
SSA7B86347,SP NVIDIA C2 Module SKU200 480G MP,
SSS7C19434,SSD M.2 CX3 960GB RI NHS,
SSS7C19437,SSD M.2 CX3 1.92TB RI NHS,
SSS7C31582,SSD Sd SB5PH27X153TOP 15.36T U.2 A3,
SM37C15512,MEMORY S M321R8GA0EB2-CCP 64GB 2Rx4 64R,
SM37C13364,MEMORY H HMCG78AHBRA 16GB 1Rx8 64R,
SM37C28799,MEMORY S M321RAJA0MB2-CCP 128G 64R A3,
SM37C09423,MEMORY HMCGM4MGBRB 96GB 2Rx4 56R,
SSS7A70479,SSD 2.5 SAS SSD SM PM1643a 960GB DM,
SSS7C22443,"SSD 960GB, M.2, 2280 NVMe HSink",
SM31T97721,MEMORY 32GB D5 64 V LV64V52BS8MB-32,
SSA1U13271,SP Intel ULT 5 235A 3.4GHz/14C/24M 65W,
SSA1S60055,SP Intel ULT 3 205T 2.7GHz/8C/15M 35W,
SSA1U13270,SP Intel ULT 5 235TA 2.2GHz/14C/24M 35W,
SSA7C19859,SP AMD Turin 9V45 96C 400W 2.6G M1 AR,
SSS7C12776,SSD HFS3T8GFMWX183N E1.S M1aAVAP,
SSS7C09915,SSD S MZEL615THBLF-00AMV E1.L M1aAVAP,
SSS7C29914,SSD SBFPFABV153TOF1 15.26T E3.S M1 AVAP,
SSS7C19440,SSD M.2 SN8050s 480G RI NHS,
SSS7C19431,SSD M.2 CX3 480GB RI NHS,
SSS7C19446,SSD M.2 SN8050s 1.92T RI NHS,
SSS7C19443,SSD M.2 SN8050s 960G RI NHS,
SSS7C19428,SSD M.2 PM9D3a 480GB RI NHS,
SSA7C32032,SP Intel EMR 8555C 52C/2.1G/350W M1 AR,
SM37C13366,MEMORY S M321R4GA0PB2-CCP 32GB 1Rx4 64R,
SM37C13389,MEMORY MTC40F204WS1RC64BC1 96GB 2Rx4 64R,
SM37C13379,MEMORY H HMCT04MHBRC 128GB 2Rx4 64R,
SSS7C16616,"SSD 2.5"" U.2 BM1743 122.88T RI HS",
SM37C26155,MEMORY MTC40F2046S1RC64BH1 64GB 2Rx4 64R,
SM37C26152,MEMORY MTC10F1084S1RC64BH1 16GB 1Rx8 64R,
SM37B28935,MEMORY MTA36ASF8G72LZ-3G2F1 64G M1 AVAP,
SSA7C28888,SP GNR-AP 6980P 128C/2.0G/500W DES FOC,
SSS1D71550,SSD UM AM6B0 256G 2280 PCIe G4V x4 OPAL,
SM31T97766,MEMORY 16GB 56S RMSB3410KP88IBF-5600 I0,
SM31T97765,MEMORY 16GB 56S RMSB3410KP88IBF-5600 M0,
SSA1P29922,SP Intel 6526Y 2.8GHz/16C/37.5M 195W,
SW11Q87465,WIRELESS WLAN Intel BE213 NV 2230,
SM31M87301,MEMORY 8GB D5 56 S LV56S46BS6MD-8P,
SM37B98267,MEMORY MTC40F204WS1RC64BC1 64R M1aAVAP,
SSS7B82379,SSD MTFDKBG1T9TFR-1BC1EFCMA M.2 M1aAVAP,
SSS7A75154,SSD HFS3T8GD0FEI-A430A 3.84T M.2 M1 AVAP,
SSS1P71399,SSD SDK SN8000S 2T 2280 PCIe G4P x4 OP,
4ZP7B13981,SSD bundle for AI400X3 Include,
SSS7C04049,SSD 2.5 NVMe SSD WDC CB 7.68TB SED DM,
SM37C05746,MEMORY Sam 64GB 2Rx4 56R-BC1 B&S,
SSS7C11553,SSD 2.5 K CD8P 3.84TB NVMe-BC1 B&S,
SM37C11537,MEMORY M 64GB 2Rx4 64R-BC1 B&S,
SM37C13371,MEMORY S M321R4GA3PB2-CCP 32GB 2Rx8 64R,
SM37C07827,MEMORY MTC40F204WS1RC56BB2 96G M1aAVAP,
SM37C12795,MEMORY S M321R2GA3EB2-CWM 16GB 1Rx8 56R,
SSS7A75239,SSD S MZQL21T9HCJR-00B7C 1.92T CSP,
SSS7A75275,"SSD S PM9A3 7.68T 2.5"" NVMe SSD STD",
SSS1P71407,SSD M.2,
SM31P90419,MEMORY 128GB D5-56R HMCT04MGBRC539N,
SM31R02487,MEMORY 32GB D5-56R HMCG88AGBRA622N,
SSS1P71402,SSD SDK SN5000S 1T 2280 PCIe G4 x4 QLC,
SSS1P71401,SSD SDK SN5000S 512G 2280 PCIe G4x4 QLC,
SSS1P71409,SSD SDK SN7100S 1T 2280 PCIe G4V x4 OP,
SM31R02484,MEMORY 16GB D5-56R HMCG78AGBRA622N,
SM31M87275,MEMORY 8GB D5 56 U LV56U46BS6MD-8K,
SM31P72791,MEMORY 64GB D5-64V HMCG98MHBVC,
SW11Q87459,WIRELESS WLAN Intel BE211 NV 2230,
SSS7C22536,"SSD 2.5"" SN861 1.92TB RI HS SSD",
SSS7C18983,"SSD 2.5"" U.2 6550 61.44TB RI NVMe HS",
SSS7C26063,"SSD 2.5"" U.2 7600P 1.92T/1.6T RI HS",
SSS7C11549,SSD 2.5 Sd PS1010 3.84TB NVMe-BC1 B&S,
SSA7C16542,SP Intel 6743P-C 48C/2.2G/230W BC1 BS,
SSS7C11546,SSD 2.5 S PM9D3a 7.68TB NVMe-BC1 B&S,
SSS7C14848,SSD H PE9010 480G M.2 NVMe SSD-BC1 B&S,
SM37C11538,MEMORY S 64GB 2Rx4 64R-BC1 B&S,
SSA7C28214,SP AMD Turin 9A05 96C 320W 2.3G A8,
SSS7C15968,"SSD 2.5"" U.2 6550 30.72TB RI NVMe HS",
SSS7C35644,SSD MTFDLCE7T6THA-1BK1DABYY E1.S CSP,
SSS7C11544,SSD 2.5 S PM9D3a 1.92TB NVMe-BC1 B&S,
SSA7C16540,SP Intel 6759P-C 64C/2.7G/300W BC1 BS,
SM31R02486,MEMORY 32GB D5-56R HMCG88AGBRA623N,
SSS0L68760,SSD SDK SN530 256G M.2 2230 PCIe G3x4 WT,
SM37C00324,MEMORY MTC20F2085S1RC56BD2 32G 56R CSP,
SM37C13111,MEMORY M321R8GA0EB2-CWM 64G 2R M1aAVAP,
SM37C26153,MEMORY MTC20F1045S1RC64BH1 32GB 1Rx4 64R,
SSS7C32990,SSD MTFDKBN15T3TGR-1BK4DFCMA SSD M1 AVAP,
SSS7C21559,"SSD 2.5"" U.3 XTR 1.92TB WI NVMe HS",
SSA7B98778,SP INTEL GNR-SP 6527P 24C/3.0G/255W,
SSS7A23412,SSD WD Bear Cove Plus SAS SSD 800GB,
SSS7C03197,SSD S MZ1L23T8HBLA-00A07 3.84T M.2 A3,
SM37B83230,MEMORY MTC40F2047S1RC56BB1 128G 2Rx4 56R,
SM37C09742,"MEMORY MEMORYSANACC,COMPACT FLASH CARD,",
SSA7C15588,SP AMD EPYC 4345P 8C/3.8G/65W,
SM31P72800,MEMORY 48GB D5-56U M323R6GA3PB0-CWMOL,
SM31Q28290,MEMORY 48GB D5 56U HMCGY8MGBUB213N,
SM31T97741,MEMORY 48GB D5 64 A  MTC16C208XS1AC64BC1,
SSA1U42957,SP AMD R7 PRO 9745 3.8GHz/8C/32M 65W,
SSA1U42958,SP AMD R7 PRO 9755 3.8GHz/8C/32M 120W,
SSA1U93700,SP AMD 9755X3D 4.7GHz/8C/96M 120W,
SSA1U93702,SP AMD R9 PRO 9955 3.4GHz/12C/64M 120W,
SSA1U93701,SP AMD R9 PRO 9965 4.3GHz/16C/64M 170W,
SSA1U93703,SP AMD 9965X3D 4.3GHz/16C/128M 170W,
SSA1U42959,SP AMD R5 PRO 9655 3.8GHz/6C/32M 120W,
SSS1D71513,SSD SKH PVC10 256G 2242 PCIe G4V x4 OPAL,
SW11H85114,WIRELESS WWAN QCT EM160R Mer,
SM37C38715,MEMORY MTC40F2047S1RC64BB1 128G 2Rx4 64R,
SB27C08892,BDPLANAR S21F2 DPU F2 1P4 ADI MB_SKU B,
SSS7C24168,SSD E3.S CD9P 1.92TB RI NVMe HS,
SM30N76651,MEMORY 8GB D4 32U MTA4ATF1G64AZ-3G2E1,
SM30W22296,MEMORY 32GB D4-29U HMAA4GU6AJR8N-WM,
SM31C21072,MEMORY 8GB D4 32S AD4S320038G22-B PPB,
SM30W03322,MEMORY 8GB D4 32S SMS4WEC8C1K0446FCG PPB,
SM30N76793,MEMORY 8GB D4 32S RMSA3320ME78HAF-3200,
SM30N76787,MEMORY 8GB D4 32S  MTA8ATF1G64HZ-3G2E1,
SM31C21074,MEMORY 8GB D4 32U AD4U320038G22-B PPB,
SM30W03321,MEMORY 8GB D4 32U SMU4WEC8C1K0464FCG PPB,
SM30N76781,MEMORY 16GB D4 32S MTA8ATF2G64HZ-3G2E2,
SM30N76786,MEMORY 4GB D4 32S  MTA4ATF51264HZ-3G2E1,
SM30N76792,MEMORY 4GB D4 32S RMSA3310ME86H9F-3200,
SM31C42335,MEMORY 8GB D4-32E MTA9ASF1G72AZ-3G2E2,
SM30N76836,MEMORY 8Gbx16 D4 32 MT40A512M16TB-062E:R,
SM30N76632,MEMORY 1GB(8Gbx16) D4 32 K4A8G165WC-BCWE,
SM31F98966,MEMORY 16GB D4 32S AL1P32NCST2-B8FS PPB,
SM30N76643,MEMORY 8GB D4 32S MTA4ATF1G64HZ-3G2E1,
SM31F98965,MEMORY 8GB D4 32S AL1P32NC8T1-B8DS PPB,
SM30R41706,MEMORY 8GB D4 26S SF4641G8CK8IEHLSBG PPB,
SM30V05198,MEMORY 8GB D4 26S TMA81GS6CJR8N-VKHC PPB,
SM30N76917,MEMORY 8GB D4 32 U KT8GU4AE8-HD,
SM30N76920,MEMORY 16GB D4 32 UH,
SM30N76832,MEMORY 4GB D4 32U MTA4ATF51264AZ-3G2R1,
SM31C21073,MEMORY 4GB D4 32U AD4U3200J4G22-B PPB,
SM30N76790,MEMORY 4GB D4 32U RMUA5190ME86H9F-3200,
SM30N76784,MEMORY 4GB D4 32U MTA4ATF51264AZ-3G2E1,
SM30Z70550,MEMORY 4GB D4 32U SMU4WEC3C0K0464SCG PPB,
SM30N76856,MEMORY 8GB D4 32S RMSA3310MB96HAF-3200,
SM30N76546,MEMORY 16Gbx16 D4 26CP H5ANAG6NCMR-VKC,
SM30E51324,MEMORY 16Gbx16 D4 CP MT40A1G16KNR-075:E,
SM30N76504,MEMORY 16Gbx16 D4 26CP K4AAG165WB-MCTD,
SM30N76729,MEMORY 8GB D4 32S RMSA3310ME96HAF-3200,
SM30N76780,MEMORY 8GB D4 32S MTA4ATF1G64HZ-3G2E2,
SM30V27932,MEMORY 8GB D4 26S TMA81GS6CJR8N-VKSC PPB,
SM30N76741,MEMORY 16Gbx16 WT MT40A1G16RC-062E IT:B,
SM30N76740,MEMORY 16Gbx16 D4 32WT H5ANAG6NCMR-XNI,
SM30N76739,MEMORY 16Gbx16 D4 32WT K4AAG165WA-BIWE,
SM31H43177,MEMORY 8GB D4 32U HEMA81GU6DJR8N-XN PPB,
SM30N76888,MEMORY 16GB D4 32U MTA8ATF2G64AZ-3G2B1,
SM30N76782,MEMORY 32GB D4 32S MTA16ATF4G64HZ-3G2E2,
SM30N76830,MEMORY 16GB D4 32S MTA8ATF2G64HZ-3G2F1,
SM30W22312,MEMORY 128GB D4-32R3 HMABAGR7A2R4N-XS,
SM30N76639,MEMORY 8Gbx16 D4 32CP H5AN8G6NCJR-XNC,
SM30N76570,MEMORY 8Gbx16 D4 32 MT40A512M16TB-062E:J,
SM30N76518,MEMORY 8Gbx16 D4 26CP H5AN8G6NCJR-VKC,
SM30N76502,MEMORY 8Gbx16 D4 26CP K4A8G165WC-BCTD,
SM31C21071,MEMORY 4GB D4 32S AD4S3200J4G22-B PPB,
SM30Z70549,MEMORY 4GB D4 32S SMS4WEC3C0K0446SCG PPB,
SM30N76737,MEMORY 8Gbx16 D4 32WT H5AN8G6NCJR-XNI,
SM30N76738,MEMORY 8Gbx16 WT MT40A512M16LY-062E IT:E,
SM30N76736,MEMORY 8Gbx16 D4 32WT K4A8G165WC-BIWE,
SM30N76789,MEMORY 16GB D4 32ECS HMAA2GS7CJR8N-XNT0,
SM30N76831,MEMORY 32GB D4 32S MTA16ATF4G64HZ-3G2F1,
SM30N76857,MEMORY 32GB D4 32S MTA16ATF4G64HZ-3G2B4,
SM31H43181,MEMORY 8GB D4 32S HEMA81GS6DJR8N-XN PPB,
SM30N76956,MEMORY 16GB D4 32 UH LV32D4U2S8MF-16F,
SM31J08431,MEMORY 16GB D4 32 S SMS4WEC8C2J2446SAG,
SM30N76854,MEMORY 8GB D4 32S MTA4ATF1G64HZ-3G2B2,
SM30N76853,MEMORY 16GB D4 32S MTA8ATF2G64HZ-3G2B2,
SM30X18080,MEMORY 16GB D4-29R HMA82GR7JJR8N-WM,
SM30N76941,MEMORY 32GB D5 48 U HMCG88MEBUA084N,
SM31D98426,MEMORY 8GB D4-32E MTA9ASF1G72AZ-3G2R1,
SM30N76940,MEMORY 16GB D5 48 U HMCG78MEBUA084N,
SM30V05196,MEMORY 4GB D4 26S TMA851S6CJR6N-VKHC PPB,
SM30T70236,MEMORY 4GB D4 26S TMA851S6CJR6N-VKSC PPB,
SM30T31345,MEMORY 4GB D4 26S SMS4TDC3C0K0446SCG PPB,
SM30V05194,MEMORY 8GB D4 26S TMA81GS6CJR8N-VK NPPB,
SM30T24817,MEMORY 8GB D4 26S TMA81GS6AFR8N-VK PPB,
SM30N76540,MEMORY 8GB D4 26S RMSA3260KC78HAF-2666,
SM30X18081,MEMORY 32GB D4-29R HMA84GR7JJR4N-WM,
SM31K71320,MEMORY 8GB D4 32U AL2P32NC8W1-B1BS PPB,
SM30R20228,MEMORY 32G D4-26R MTA36ASF4G72PZ-2G6D1,
SM30R20227,MEMORY 16G D4-26R MTA18ASF2G72PDZ-2G6D1,
SM30N76645,MEMORY 32GB D4 32S MTA16ATF4G64HZ-3G2E1,
SM31F98969,MEMORY 16GB D4 32 U AL2P32NCST2-B8GS PPB,
SM31F98968,MEMORY 8GB D4 32 U AL2P32NC8T1-B8ES PPB,
SM31J08430,MEMORY 16GB D4 32 U SMU4WEC8C2J3464SAG,
SM31H43180,MEMORY 16GB D4 32U HEMA82GU6DJR8N-XN PPB,
SM30R41707,MEMORY 8GB D4 26U SF4641G8CK8I8HLSBG PPB,
SM30R48279,MEMORY 8GB D4 24U TMA81GU6AFR8N-UHHC PPB,
SM30P24301,MEMORY 8GB D4 24U TMA81GU6AFR8N PPB,
SM30N78726,MEMORY 8GB D4 24U SF4641G8CK8I6GKSEG PPB,
SM30K25291,MEMORY 8GB D4 26U MTA8ATF1G64AZ-2G6H1,
SM30K25248,MEMORY 8GB D4 24U MTA8ATF1G64AZ-2G3B1,
SM30N76944,MEMORY 32GB D5 48 S HMCG88MEBSA095N,
SM30W47579,MEMORY 64GB D4-29R M393A8G40AB2-CVF,
SM30K25288,MEMORY 8GB D4 26S MTA8ATF1G64HZ-2G6H1,
SM30L08726,MEMORY 8G D4-26R MTA9ASF1G72PZ-2G6B1,
SM31C22900,MEMORY 32GB D5-48R MTC20F2085S1RC48BA1 J,
SM31H43182,MEMORY 16GB D4 32S HEMA82GS6DJR8N-XN PPB,
SM31H43179,MEMORY 4GB D4 32 S HEMA851S6DJR6N-XN PPB,
SM31F98964,MEMORY 4GB D4 32S AL1P32NC4U1-B8BS PPB,
SM31F98967,MEMORY 4GB D4 32 U AL2P32NC4U1-B8CS PPB,
SM31H43178,MEMORY 4GB D4 32U HEMA851U6DJR6N-XN PPB,
SM30N76953,MEMORY 4GB D4 32 S HMAG56EXNSA051N,
SM31J41826,MEMORY 4GB D4 32 U HMAG56EXNUA076N,
SM31K27216,MEMORY 8GB D4 32 S SMS4WEC3C1J0446SAG,
SM31L09732,MEMORY 16GB D5-48R MTC10F1084S1RC48BA1 H,
SM31J41825,MEMORY 32G D5 56 S MTC16C2085S1SC56BG1 B,
SM31J41824,MEMORY 16GB D5 56 S MTC8C1084S1SC56BG1 B,
SM30N76933,MEMORY 8GB D4 32 U CXMQ3A8MA1GU6-CJ1-A,
SM31K27217,MEMORY 8GB D4 32 U SMU4WEC3C1J0464SAG,
SE11K08235,EMMC KIX 64G THGBMJG9C8LBAU8 eMMC 5.1 WT,
SM31J41831,MEMORY 8GB D4 32 U MTA4ATF1G64AZ-3G2F1,
SM31J41865,MEMORY 8GB D5 48 S RMSB3400MA96IAF-4800L,
SM30N76918,MEMORY 16GB D4 32 U KTFGU4AE8-HC,
SM30K25295,MEMORY 16GB DDR4 2666 SODIMM,
SM30G16514,MEMORY 16GB D4 24S MTA16ATF2G64HZ-2G3B1,
SE11K07208,EMMC WD 64G IX EM132 eMMC 5.1 WT,
SM31J41885,MEMORY 32GB D5 48U RMUB5320MA88ICF-4800L,
SM30P24297,MEMORY 8GB D4 24S TMA81GS6AFR8N PPB,
SM30M95195,MEMORY 8GB D4S SF4641G8CK8IWGKSEG PPB,
SM30G16510,MEMORY 8GB D4 24S MTA8ATF1G64HZ-2G3B1,
SM31K71318,MEMORY 8GB D4 32S AL1P32NC8W1-B1BS PPB,
SM31K10456,MEMORY 16G D5 56S RMSB3410MG88IBF-5600L,
SM31K10454,MEMORY 16G D5 56S RMSB3410MG88IBF-5600N,
SM31K10459,MEMORY 32G D5 56S RMSB3420MG88ICF-5600L,
SM31K10511,MEMORY 4GB D4 32 U M378A5244GB0-CWE,
SM31K10501,MEMORY 16GB D4 32 S RMSA3340KA88HBF-3200,
SM30N76775,MEMORY 16Gbx16 D4 32 H5ANAG6NCJR-XNC,
SM30N76837,MEMORY 16Gbx16 D4 32 MT40A1G16TB-062E:F,
SM30N76861,MEMORY 16Gbx16 D4 3200 SDRAM,
SM31J41832,MEMORY 8Gbx16 D4 32 DRAM H5AG36EXNDX017N,
SM31K10500,MEMORY 8GB D4 32 S RMSA3310KA96HAF-3200,
SM31J41901,MEMORY 8GB D5 56 U M323R1GB4DB0-CWMOL,
SM30N76968,MEMORY 8GB D5 56 U M323R1GB4DB0-CWMOD,
SM30N76969,MEMORY 16GB D5 56 U M323R2GA3DB0-CWMOD,
SM31K55890,MEMORY 64GB D5-48R MTC40F2046S1RC48BA1 N,
SM31K10696,MEMORY 16GB D5 56U RMUB5310HA88IBF-5600L,
SM31M44970,MEMORY 16GB D5 56S AI1V56WCSV1-B1FS PPB,
SM31K10681,MEMORY 8GB D5 56 U RMUB5300HA96IAF-5600L,
SM31K10688,MEMORY 8GB D5 56 U RMUB5300HA96IAF-5600N,
SM31M44972,MEMORY 8GB D5 56U AI2V56WC8W1-B1ES PPB,
SM31M44971,MEMORY 8GB D5 56S AI1V56WC8W1-B1DS PPB,
SM30N76794,MEMORY 8GB D4 26U RMUA5110KC78HAF-2666,
SM30N76766,MEMORY 8GB D4 32U TMKU8G68AHFHC-32A,
SM30Z49498,MEMORY 8GB D4 26U AD4U266638G19-B PPB,
SM30N76705,MEMORY 8GB D4 32U TMKU8G68AHFHD-32A,
SM30V27930,MEMORY 8GB D4 26U TMA81GU6CJR8N-VKSC PPB,
SM30V05193,MEMORY 8GB D4 26U TMA81GU6CJR8N-VK NPPB,
SM30N76617,MEMORY 8GB D4 26U TMKU8G68AHFHA-26V,
SM30N76615,MEMORY 8GB D4 26U LV26D4U9S8ME-8,
SM30T24818,MEMORY 8GB D4 26U TMA81GU6AFR8N-VK PPB,
SM31N55511,MEMORY 16GB D5 56 S AP1V56WCSV1-B1AS PPB,
SM31N55512,MEMORY 16GB D5 56 S AP1V56WCSV1-B1BS PPB,
SM31M44969,MEMORY 16GB D5 56U AI2V56WCSV1-B1HS PPB,
SM31K71322,MEMORY 16GB D4 32S AL1P32NCSV1-B1AS PPB,
SM31K71321,MEMORY 16GB D4 32U AL2P32NCSV1-B1AS PPB,
SM31K55907,MEMORY 64GB D5-48R HMCG94AEBRA103N,
SM31K55908,MEMORY 64GB D5-48R HMCG94AEBRA109N,
SM31K20214,MEMORY 64GB D5-48R HMCG94AEBRA102N,
SM31K55904,MEMORY 32GB D5-48R HMCG88AEBRA173N,
SM31K55905,MEMORY 32GB D5-48R HMCG88AEBRA107N,
SM31L87548,MEMORY 8G D5 56U RMUB5300MD96IAF-5600 M0,
SM31L87550,MEMORY 32GB 56U RMUB5320MD88ICF-5600 M0,
SM31L87557,MEMORY 8GB D5 56 U LV56U46BS6HA-8K,
SM31J41820,MEMORY 8GB D5 56 U MTC4C10163S1UC56BG1 B,
SM31J41821,MEMORY 16GB D5 56 U MTC8C1084S1UC56BG1 B,
SM31M85869,MEMORY 64GB D5-56R M321R8GA0PB0-CWMKH,
SM31L87554,MEMORY 16GB D4 32 U RMUA5200KC88HBF-3200,
SM31M87229,MEMORY 16GB D4 32 U HMAA2GU6CJR8N-XNN0,
SM31M87235,MEMORY 8GB D4 32 S M471A1G44BB0-CWE,
SM31M87233,MEMORY 16GB D4 32 S HMAA2GS6CJR8N-XNN0,
SM30K25293,MEMORY 4GB D4 26S RMSA3270MH86H9F-2666,
SM30G16506,MEMORY 4GB D4 24S MTA4ATF51264HZ-2G3B1,
SM31M87147,MEMORY 48GB D5 56 S M425R6GA3PB0-CWMOL,
SM31M87205,MEMORY 32WT MT40A512M16TB-062E IT:R ,
SM31M87209,MEMORY 16Gb 32WT MT40A1G16TB-062E IT:F ,
SM31L87553,MEMORY 8GB D4 32 U RMUA5220KC96HAF-3200,
SM31L87551,MEMORY 8GB D4 32 S RMSA3310KC96HAF-3200,
SM31M87165,MEMORY 8GB 56U RMUB5300MD96IAF-5600 I0,
SM31P69923,MEMORY 8GB D5 56U AI2V56WC8W1-B1GS PPB,
SM31M87159,MEMORY 8GB 56S RMSB3400MD96IAF-5600 I0,
SM31L87516,MEMORY 8G D5 56S RMSB3400MD96IAF-5600 M0,
SM31L87546,MEMORY 8Gbx16 D4 32 K4A8G165WG-BCWE,
SM31L87547,MEMORY 16Gbx16 D4 32 K4AAG165WC-BCWE,
SM31M87321,MEMORY 8GB D5 56 U HMCG66AGBUA081N,
SM31M87323,MEMORY 16GB D5 56 U HMCG78AGBUA081N,
SM31M87331,MEMORY 16GB D5 56 U HMCG78AGBUA084N,
SM31M87333,MEMORY 8GB D5 56 S HMCG66AGBSA095N,
SM31M87325,MEMORY 8GB D5 56 S HMCG66AGBSA092N,
SM31M87334,MEMORY 16GB D5 56 S HMCG78AGBSA095N,
SM31M87327,MEMORY 16GB D5 56 S HMCG78AGBSA092N,
SM31K20219,MEMORY 64GB D5-56R HMCG94AGBRA179N,
SM31K55917,MEMORY 64GB D5-56R HMCG94AGBRA182N,
SM31K55918,MEMORY 64GB D5-56R HMCG94AGBRA184N,
SM31P69924,MEMORY 16GB D5 56U AI2V56WCSV1-B1IS PPB,
SM31M78252,MEMORY 16GB D5 56 S RMSB3410MD88IBF-5600,
SM31M78251,MEMORY 8GB D5 56 S RMSB3400MD96IAF-5600,
SM31M87137,MEMORY 48GB D5 56S MTC16C208XS1SC56BB1 K,
SM31P69926,MEMORY 8GB D5 56S AI1V56WC8W1-B1HS PPB,
SM31P69925,MEMORY 16GB D5 56S AI1V56WCSV1-B1IS PPB,
SM30N76970,MEMORY 32GB D5 56 U M323R4GA3DB0-CWMOD,
SM31M87207,MEMORY 16Gbx16 D4 32WT K4AAG165WC-BIWE,
SM31L87567,MEMORY 16GB D4 32 U HMAG78DXNUB096N,
SM31L87566,MEMORY 8GB D4 32 U HMAG66DXNUB096N,
SM31M87203,MEMORY 8Gbx16 D4 32WT K4A8G165WG-BIWE,
SM31Q96231,MEMORY 16GB D5 56U HEKMCG78AGBUBA0AN PPB,
SM31K10494,MEMORY 32Gb LP5X MT62F1G32D2DS-023 WT:C,
SM31M87251,MEMORY 32Gbx32 LP5X 8533 H58G56CK8BX146,
SM31L87479,MEMORY 32Gbx32 LP5X 8533 K3KL8L80DM-MGCU,
SM31Q96230,MEMORY 8GB D5 56U HEKMCG66AGBUBC0AN PPB,
SM31P88081,MEMORY 32GB D5 64 V M435R4GA3PB1-CCP,
SM30N76906,MEMORY 32Gbx32 LP4X 42 H54G56CYRBX247N,
SM30N76868,MEMORY 32Gbx32 LPDDR4X 200B 4266,
SM31M87169,MEMORY 32GB 56U RMUB5320MD88ICF-5600 I0,
SM31M87299,MEMORY 16GB D5 56 U LV56U46BS8MD-16P,
SM31R02478,MEMORY 64GB D5-56R MTC40F2046S1RC56BD2 Q,
SM31R02480,MEMORY 64GB D5-56R HMCG94AGBRA632N,
SM31R02483,MEMORY 64GB D5-56R HMCG94AGBRA631N,
SM31K10495,MEMORY 64Gb LP5X MT62F2G32D4DS-023 WT:C,
SM31M87253,MEMORY 64Gbx32 LP5X 8533 H58G66CK8BX147,
SM31L87480,MEMORY 64Gbx32 LP5X 8533 K3KL9L90DM-MGCU,
SM31R01014,MEMORY 32GB D5-56R M321R4GA3EB2-CWMCH,
SM31Q62605,MEMORY 64GB D5-56R M321R8GA0EB0-CWMCH,
SM31R01016,MEMORY 64GB D5-56R M321R8GA0EB2-CWMCH,
SM31P90423,MEMORY 32GB D5-56R HMCG88AGBRA619N,
SM31R02481,MEMORY 64GB D5-56R HMCG94AGBRA629N,
SM31L87563,MEMORY 8GB D4 32 S HMAG66DXNSB097N,
SM31P72793,MEMORY 16GB D5 56 E M324R2GA3PB0-CWMOD,
SM31M87297,MEMORY 8GB D5 56 U LV56U46BS6MD-8P,
SM31Q52525,MEMORY 32GB D5 64 V M435R4GA3EB1-CCP,
SM31M87195,MEMORY 32GB D5 56 T M426R4GA3PB0-CWMOL,
SM31P90420,MEMORY 128GB D5-56R HMCT04MGBRC546N,
SM31Q24429,MEMORY 128GB D5-56R M321RAJA0MB2-CWMHX,
SM31Q24430,MEMORY 128GB D5-56R M321RAJA0MB2-CWMJH,
SM31P72795,MEMORY 32GB D5 56 E M324R4GA3PB0-CWMOD,
SM31P72794,MEMORY 16GB D5 56 E M324R2GA3PB0-CWMOL,
SM31T97731,MEMORY 8GB D4 32 U M378A1K43EB2-CWE,
SM31K55744,MEMORY 32GB D4-32R M393A4K40EB3-CWE,
SM31S33332,MEMORY 16GB D5 56U HEHMCG78AGBUBA0AJ PPB,
SM31R27764,MEMORY 16GB D5 56U ZMU5WMC8C2J0B64SP PPB,
SM31R98187,MEMORY 16GB D5 56U AL2V56WCSV1-B1AS PPB,
SM31R27766,MEMORY 32GB D5 56U ZMU5WMC8C4J0B64SP PPB,
SM31Q28293,MEMORY 48GB D5 56E HMCGY8MGBEB252N,
SM31Q28291,MEMORY 48GB D5 56U HMCGY8MGBUB252N,
SM31T51552,MEMORY 8GB D4 32 U KT8GU4AE8-HC,
SM31R98186,MEMORY 16GB D5 56S AL1V56WCSV1-B1BS PPB,
SM31R98189,MEMORY 8GB D5 56S AL1V56WC8W1-B1BS PPB,
SM31R27761,MEMORY 16GB D5 56S ZMS5WMC8C2J0B46SP PPB,
SM31T97725,MEMORY 8GB D4 32 U KT8GU4AE8-SE,
SM31R27763,MEMORY 8GB D5 56S ZMS5WMC3C1J0B46SP PPB,
SM31S33329,MEMORY 8GB D5 56S HEHMCG66AGBSBC0AJ PPB,
SM31R98188,MEMORY 8GB D5 56U AL2V56WC8W1-B1AS PPB,
SM31R27762,MEMORY 8GB D5 56U ZMU5WMC3C1J0B64SP PPB,
SM31S33331,MEMORY 8GB D5 56U HEHMCG66AGBUBC0AJ PPB,
SM31S33330,MEMORY 16GB D5 56S HEHMCG78AGBSBA0AJ PPB,
SM31T97724,MEMORY 8GB D4 32 S LV32D4S2S8KC-8,
SM31R87228,MEMORY 16GB D4 32S ZMS4WEC8C2J2446SC PPB,
SM31Q52486,MEMORY 64Gbx32 LP5X 8533 K3KL9L90EM-MGCU,
SM31Q52488,MEMORY 32Gbx32 LP5X 8533 K3KL8L80EM-MGCU,
SM31Q52512,MEMORY 64Gbx32 MT62F2G32D4DS-020 WT:F,
SM31T97735,MEMORY 16GB D5 56 S CXMR4E816S6AS-AN1C,
SM31T97734,MEMORY 16GB D5 56 S CXMR4E816S6AS-CN1C,
SM31T51492,MEMORY 16GB 56 S RMSB3410CA88IBF-5600 M0,
SM31T51493,MEMORY 16GB 56 S RMSB3410CA88IBF-5600 I0,
SM31M87255,MEMORY 128Gbx32 LP5X 8533 H58G78CK8BX185,
SM31K10496,MEMORY 128Gb LP5X MT62F4G32D8DV-023 WT:C,
SM31L87481,MEMORY 128Gb LP5X 8533 K3KLALA0DM-MGCU,
SM31Q52484,MEMORY 128Gbx32 LP5X K3KLALA0EM-MGCU,
SM31P90023,MEMORY 16GB D5 64 W MTC10C1084S1WC64BD1,
SM31T51494,MEMORY 16GB 56 U RMUB5310CA88IBF-5600 M0,
SM31T51495,MEMORY 16GB 56 U RMUB5310CA88IBF-5600 I0,
SM31Q52511,MEMORY 32Gbx32 MT62F1G32D2DS-020 WT:F,
SM31T51498,MEMORY 16GB D5 56 U HMCG78CGBUA081N,
SM31T51499,MEMORY 16GB D5 56 U HMCG78CGBUA084N,
SM31T51520,MEMORY 16GB D5 56 U MDRU448QBBC0-0R0,
SM31T51517,MEMORY 16GB D5 56 U MDRU448QBBC0-0Q0,
SM31T51538,MEMORY 32GB D5 56 S LV56S46BD8MD-32II,
SM31T51537,MEMORY 32GB D5 56 S LV56S46BD8MD-32KI,
SM31T62007,MEMORY 64G D5-64A HMCG98MHBCC,
SM31Q24422,MEMORY 32GB D5-64R MTC20F2085S1RC64BD2,
SM31Q24425,MEMORY 64GB D5-64R MTC40F2046S1RC64BD2,
SM31Q24419,MEMORY 16GB D5-64R MTC10F1084S1RC64BD2,
SM31T51479,MEMORY 32GB D5 56S MTC16C2085S1SC56BH1 B,
SM31T51482,MEMORY 32GB D5 56S MTC16C2085S1SC56BH1 N,
SM31T51480,MEMORY 8GB D5 56 S MTC4C10163S1SC56BH1 K,
SM31T51477,MEMORY 8GB D5 56 S MTC4C10163S1SC56BH1 B,
SM31T51478,MEMORY 16GB D5 56 S MTC8C1084S1SC56BH1 B,
SM31T51481,MEMORY 16GB D5 56 S MTC8C1084S1SC56BH1 K,
SM31P72792,MEMORY 64G D5-64A M333R8JA3MB1-CCP,
SM31T51503,MEMORY 48GB D5 56 U HMCGY8AGBUB252N,
SM31T51502,MEMORY 48GB D5 56 U HMCGY8AGBUB213N,
SM31P90410,MEMORY 128GB D5-64R M321RAJA0MB2-CCP,
SSA0U41161,SP Intel 4205U 1.8G/2C/2M/V0,
SSA0X59402,SP AMD Ryzen 3 3250U 2.6G/2C/4M,
SSA0X59404,SP AMD Athlon Silver 3050U 2.3G/2C/4M,
SSA0V07899,SP Intel i7-8665U 1.9G/4C/8M/VP/Nano,
SSA1E38908,SP Intel 4305UE 2GHz/2C/2M 15W,
SSA0T77227,SP AMD Ryzen 5 Pro 3500U 2.1G/4C/4M/FP5,
SSA0Z87130,SP Intel i5-1145GRE 2.6GHz/4C/8M 28W,
SSA0V98861,SP Intel i3-1005G1 1.2G/2C/4M/13W,
SSA0V07900,SP Intel i5-8365U 1.6G/4C/6M/VP/Nano,
SSA0T77226,SP AMD Ryzen 3 Pro 3300U 2.1G/4C/4M/FP5,
SSA0V98850,SP Intel i5-1035G1 1.0G/4C/6M/13W,
SSA0X38435,SP Intel i3-8145UE 2.2GHz/2C/4M 15W,
SSA0Z87131,SP Intel i3-1115GRE 3GHz/2C/6M 28W,
SSA0X59400,SP AMD Athlon Silver 3050e 1.4G/2C/4M,
SSA0U41160,SP Intel i3-8145U 2.1G/2C/4M/V0,
SSA1K09282,SP Intel i7-13700H 2.4G/14C/24M,
SSA1K09292,SP Intel i5-13420H 2.1G/8C/12M/NP,
SSA1H22435,SP Intel i3-1215U 1.2G/6C/10M,
SSA1H22433,SP Intel 7305 1.1G/5C/8M,
SSA1K02670,SP Intel x6425RE 1.9GHz/4C/1.5M 12W,
SSA1L31008,SP Intel x6214RE 1.4GHz/2C/1.5M 6W,
SSA1K09286,SP Intel i5-13500H 2.6G/12C/18M,
SSA1C18582,SP Intel i5-1145G7E 2.6GHz/4C/8M 28W,
SSA1M03371,SP Intel Celeron 6305E 1.8GHz/2C/4M 15W,
SSA1K09262,SP Intel i7-13620H 2.4G/10C/24M/NP,
SSA1K96127,SP Intel Xeon 8480+ 2GHz/56C/105M 350W,
SSA1K09283,SP Intel Processor U300 1.2G/5C/8M,
SSA1K09288,SP AMD R5 7535HS 3.3G/6C/16M/D5,
SSA1K09278,SP AMD R7 7735HS 3.2G/8C/16M/D5,
SSA1K09290,SP Intel i9-13900H 2.6G/14C/24M/VP,
SSA1K09281,SP Intel i3-1315U 1.2G/6C/10M/NP,
SSA1M45547,SP Intel ULT7 155U 1.7G/12C/12M,
SSA1M45579,SP Intel ULT5 125U 1.3G/12C/12M,
SSA1M45080,SP Intel ULT7 155H 1.4G/16C/24M,
SSA1M45081,SP Intel ULT5 125H 1.2G/14C/18M,
SSA1M81215,SP Intel i7-14700KF 3.4GHz/20C/33M 125W,
SSA1M81212,SP Intel i9-14900KF 3.2GHz/24C/36M 125W,
SSA1K09435,SP Intel i9-13900KF 3GHz/24C/36M 125W,
SSA1K09436,SP Intel i7-13700KF 3.4GHz/16C/30M 125W,
SSA1Q61687,SP AMD Ryzen 5 220 CPU,
SSA1Q27422,SP X1P-64100-1-NSP2127-TR-03-0,
SSA1Q01338,SP X1P-42100-1-NSP2127B-TR-00-0,
SSA1R69336,SP Intel U5 225 3.3GHz/10C/20M 65W B0,
SSA1Q40729,SP Intel Core ULT7 255HX CPU,
SSA1Q35377,SP Intel Core 5 210H CPU,
SSA1Q35376,SP Intel Core 7 240H CPU,
SSA1R68996,SP X12-6100-1-NSP2127B-TR-00-0,
SSA1M45586,SP AMD Ryzen 7 250 CPU,
SSA1Q90164,SP AMD Ryzen AI 7 350 CPU,
SSA1S02340,SP AMD Ryzen7 8745HX CPU,
SSA1T09736,SP AMD Ryzen AI 5 330 CPU,
SSA1Q40724,SP Intel Core ULT5 235U VP CPU,
SSA1Q40728,SP Intel Core ULT7 265U VP CPU,
SSA1Q40732,SP Intel Core ULT5 225U CPU,
SSA1Q35369,SP Intel Core ULT7 255H CPU,
SSA1Q35374,SP Intel Core ULT5 235H VP CPU,
SSA1Q35370,SP Intel Core ULT7 265H VP CPU,
SSA1Q35371,SP Intel Core ULT5 225H CPU,
SSA1Q40727,SP Intel Core ULT7 255U CPU,
SSA1Q01640,SP Intel Core ULT5 238V M32GB/VP,
SSA1Q01643,SP Intel Core ULT5 238V S32GB/VP,
SSA1K09260,SP Intel i3-1315U 1.2G/6C/10M,
SSA1M45585,SP AMD Ryzen 7 PRO 250 CPU,
SSA1T64644,SP Intel Core ULT X7 368H VP CPU,
SSA1P80434,SP Intel Core ULT7 258V M32GB,
SSA1P80492,SP Intel Core ULT7 258V S32GB,
SSA1Q90163,SP AMD Ryzen AI 7 PRO 350 CPU,
SSA1Q90166,SP AMD Ryzen AI 5 PRO 340 CPU,
SSA1T64655,SP Intel Core ULT 5 325 CPU,
SSA1P80493,SP Intel Core ULT5 226V S16GB,
SSA1P80435,SP Intel Core ULT5 226V M16GB,
SSA1T93755,SP AMD Ryzen 5 40 CPU,
SSA1Q01646,SP Intel Core ULT7 266V H16GB/VP,
SSA1Q01642,SP Intel Core ULT7 266V M16GB/VP,
SDK0T76546,DPK W11 Pro EDU STRG DPK WW,
SDK0T76554,DPK W11 Pro DG Entry STF DPK WW,
SDK0T76531,DPK W11 Pro DPK CHNML,
SCL0Y33037,COA_LABELS W10 GSKU CMIT OEM V2022-L,
SDK0T76480,DPK W11 Home DT CPPP DPK,
SDK0T76479,DPK W11 Home HE CPPP DPK,
SDK0T76543,DPK W11 Pro DG Entry DPK CHNML,
SDK0T76539,DPK W11 Pro DG DPK CHNML,
SDK0T76537,DPK W11 Pro DG Hign End DPK CHNML,
SDK0T76535,DPK W11 Pro Entry DPK CHNML,
SDK0T76529,DPK W11 Pro High End DPK CHNML,
SDK0T76588,DPK W11 HSL NG PREM ZAF PPP DPK,
SDK0T76587,DPK W11 HSL NG ZAF PPP DPK,
SDK0T76586,DPK W11 HSL NG PREM Africa PPP DPK,
SDK0T76585,DPK W11 HSL NG Africa PPP DPK,
SDK0T76584,DPK W11 HSL NG PREM APAC PPP DPK,
SDK0T76583,DPK W11 HSL NG APAC PPP DPK,
SDK0T76582,DPK W11 HSL NG PREM INDIA PPP DPK,
SDK0T76581,DPK W11 HSL NG India PPP DPK,
SDK0T76580,DPK W11 HSL NG PREM IDN PPP DPK,
SDK0T76579,DPK W11 HSL NG IDN PPP DPK,
SDK0T76577,DPK W11 Home NG PREM CPPP DPK,
SDK0T76576,DPK W11 Pro CP+ PREM DPK WW,
SDK0T76575,DPK W11 Pro CP+ DPK WW,
SDK0T76574,DPK W11 Home NG PREM DPK WW,
SDK0T76573,DPK W11 Home CP+ DPK WW,
SDK0T76572,DPK W11 Pro DG PPP DPK IND,
SDK0T76541,DPK W11 Pro DG Value DPK CHNML,
SDK0T76540,DPK W11 Pro DG Value DPK WW,
SDK0T76544,DPK W11 Pro PPP DPK IND,
SDK0T76533,DPK W11 Pro Value DPK CHNML,
SDK0T76532,DPK W11 Pro Value DPK WW,
SDK0T76524,DPK W11 HS SL Entry ZAF PPP DPK,
SDK0T76523,DPK W11 HS SL Value ZAF PPP DPK,
SDK0T76522,DPK W11 HS SL Core ZAF PPP DPK,
SDK0T76521,DPK W11 HS SL Plus ZAF PPP DPK,
SDK0T76520,DPK W11 HSL Entry ZAF PPP DPK,
SDK0T76519,DPK W11 HSL Value ZAF PPP DPK,
SDK0T76518,DPK W11 HSL Core ZAF PPP DPK,
SDK0T76517,DPK W11 HSL Plus ZAF PPP DPK,
SDK0T76516,DPK W11 HS SL Entry Africa PPP DPK,
SDK0T76515,DPK W11 HS SL Value Africa PPP DPK,
SDK0T76514,DPK W11 HS SL Core Africa PPP DPK,
SDK0T76513,DPK W11 HS SL Plus Africa PPP DPK,
SDK0T76512,DPK W11 HSL Entry Africa PPP DPK,
SDK0T76511,DPK W11 HSL Value Africa PPP DPK,
SDK0T76510,DPK W11 HSL Core Africa PPP DPK,
SDK0T76509,DPK W11 HSL Plus Africa PPP DPK,
SDK0T76504,DPK W11 HSL Entry APAC PPP DPK,
SDK0T76503,DPK W11 HSL Value APAC PPP DPK,
SDK0T76502,DPK W11 HSL Core APAC PPP DPK,
SDK0T76501,DPK W11 HSL Plus APAC PPP DPK,
SDK0T76496,DPK W11 HSL Entry IDN PPP DPK,
SDK0T76495,DPK W11 HSL Value IDN PPP DPK,
SDK0T76494,DPK W11 HSL Core IDN PPP DPK,
SDK0T76493,DPK W11 HSL Plus IDN PPP DPK,
SDK0T76488,DPK W11 HSL Entry IND PPP DPK,
SDK0T76487,DPK W11 HSL Value IND PPP DPK,
SDK0T76486,DPK W11 HSL Core IND PPP DPK,
SDK0T76485,DPK W11 HSL Plus IND PPP DPK,
SDK0T76484,DPK W11 HS CPPP DPK,
SDK0T76482,DPK W11 HS HE CPPP DPK,
SDK0T76478,DPK W11 HS SL Entry DPK WW,
SDK0T76477,DPK W11 HS Entry DPK WW,
SDK0T76476,DPK W11 HS SL Value DPK WW,
SDK0T76475,DPK W11 HS Value DPK WW,
SDK0T76474,DPK W11 HS SL DPK WW,
SDK0T76473,DPK W11 HS DPK WW,
SDK0T76472,DPK W11 HS SL Plus DPK WW,
SDK0T76471,DPK W11 HS Plus DPK WW,
SDK0T76470,DPK W11 HS SL Advanced DPK WW,
SDK0T76469,DPK W11 HS Advanced DPK WW,
SDK0T76468,DPK W11 Home SL Entry DPK WW,
SDK0T76467,DPK W11 Home SL Value DPK WW,
SDK0T76481,DPK W11 Home CPPP DPK,
SEK1M22712,EDPK W11 IoT ENT CLB Value DPK WW,
SEK1H03546,EDPK W11 IoT ENT Entry DPK WW,
SEK1M22711,EDPK W11 IoT ENT CLB HE DPK WW,
SEK1H03534,EDPK W11 IoT ENT Value DPK WW,
SEK1H03537,EDPK W11 IoT ENT HE DPK WW,
SEK0N11851,EDPK Win 10 IoT EP 2016 LTSB High End,
SEK0W86526,EDPK Win10 IoT Ent Collab SAC HE DPK,
SWC0S74454,WL_CHGR LPS-15WP B 15W WL_CHGR,
SW10K97537,WIRELESS Intel 8265 NV M2 Brazil PPB,
SW11E39841,WIRELESS Fibocom L860R Panther-2 No eSIM,
SW11E39838,WIRELESS Quectel WWAN EM05G No eSIM,
SW11A40410,WIRELESS Quectel EM160R-GL,
SW11A40397,WIRELESS Quectel EM160R-GL L TAC,
SW10M73274,WIRELESS WLAN Intel 9560 vPro BR,
SW11A40440,WIRELESS Fibocom L860R+ PT2,
SW11E39870,WIRELESS WLAN Fibocom FM350 J-3,
SW11A40438,WIRELESS Fibocom L860R+ JG2,
SW11E39864,WIRELESS WLAN GSD MT7921L,
SW11A40420,WIRELESS Fibocom L860R+,
SWC0S74457,WL_CHGR LPS-15WP K 15W WL_CHGR,
SW11E39819,WIRELESS Lenovo Connect 5G 4FF SIM Card,
SW11H85120,WIRELESS WWAN QCT RM520N CN,
SW11H85122,WIRELESS WWAN QCT RM520N Tha,
SW11H85112,WIRELESS WWAN QCT EM160R Tha,
SW11E39854,WIRELESS WWAN Quectel EM05-CN,
SW11H85124,WIRELESS WWAN QCT RM520N Mer,
SW11E39878,WIRELESS WWAN Quectel EM05-G Roc-2,
SW11E39827,WIRELESS WWAN Fibocom L860 Roc,
SW11A40422,WIRELESS WWAN Quectel EM05-G 4G,
SW11E39836,WIRELESS LC 15GBx12M 4FF SIM,
SW11A40428,WIRELESS Fibocom L860R+ CN,
SW11H85118,WIRELESS WWAN QCT RM520N,
SW11H85110,WIRELESS WWAN QCT EM160R CN,
SW11H85108,WIRELESS WWAN QCT EM160R,
SW11A40388,WIRELESS WLAN Intel AX211 vPro 1216,
SW11A40390,WIRELESS WLAN Intel AX211 NV 1216,
SW11H85139,WIRELESS WLAN Intel BE201 NV 1216,
SW11H85138,WIRELESS WLAN Intel BE201 vPro 1216,
SW11H85190,WIRELESS WLAN FXN MT7925 1418,
SW11H85182,WIRELESS WLAN Foxconn MT7920,
SSS0U97723,SSD CA5 M.2-2280 PCIe 256GB PPB,
SSS0X49601,SSD CA5 M.2-2280 PCIe 256GB PPB,
SSS1F28693,SSD STC CL4 256G 2280 PCIe G4x4 OPAL PPB,
SSS1D33664,SSD STC CL4 256G 2280 PCIe G4V x4 OPAL,
SSS1D33660,SSD WD SN810 256G 2280 P-PCIe4x4 OP,
SSS1D22402,SSD SMT PM991 256G M.2 2242 PCIe PPB,
SSS1F28694,SSD STC CL4 512G 2280 PCIe G4x4 OPAL PPB,
SSS1D33665,SSD STC CL4 512G 2280 PCIe G4V x4 OPAL,
SSS0X49602,SSD CA5 M.2-2280 PCIe 512GB PPB,
SSS0U97724,SSD CA5 M.2-2280 PCIe 512GB PPB,
SSS0L24754,SSD TOS BG4 512G M.2 2242 PCIe,
SSS1C75721,SSD SAM PM991 256G M.2 2242 PCIe PPB,
SSS0Z86698,SSD KIX XG7 1T 2280 PCIe G4P x4,
SSS1F28691,SSD STC CL4 256G 2242 PCIe G4x4 OPAL PPB,
SSS1D33661,SSD STC CL4 256G 2242 PCIe G4V x4 OPAL,
SSS0X49600,SSD CL1 M.2-2242 PCIe 256GB TBG PPB,
SSS0U97718,SSD CL1 M.2-2242 PCIe 256GB TBG PPB,
SSS0L24778,SSD LIT CL1 256G M.2 2242 PCIe,
SSS0L24753,SSD TOS BG4 256G M.2 2242 PCIe,
SSS0L24780,SSD LIT CA5 512G M.2 2280 PCIe OPAL,
SSS0L24779,SSD LIT CA5 256G M.2 2280 PCIe OPAL,
SSS0L25202,SSD MIC 2300 1T 2280 PCIe3x4 OP,
SSS1A40306,SSD SKH PC711 1T 2280 PCIe G3 x4,
SSS1D33662,SSD STC CL4 512G 2242 PCIe G4V x4 OPAL,
SSS0L24797,SSD KIX BG5 512G 2242 PCIe G4V x4 OPAL,
SSS0L25089,SSD UMIS AM6671 256G M.2 PCIe NVMe OPAL,
SSS1D33667,SSD WD SN740 256G 2242 PCIe G4V x4 OPAL,
SSS1D33666,SSD STC CL4 1T 2280 PCIe G4V x4 OPAL,
SSS0Y86525,SSD UM AM6A0 256G 2280 PCIe G4V x4 OPAL,
SSS0Y86527,SSD UM AM6A0 1T 2280 PCIe G4V x4 OPAL,
SSS0Y86519,SSD UM AM6A0 512G 2242 PCIe G4V x4 OPAL,
SSS1D33682,SSD KIX BG5 512G 2242 PCIe G4V x4 OPAL,
SSS0L25208,SSD SAM PM9B1 1T 2242 PCIe G4V x4 OPAL,
SSS1D71482,SSD MIC 2450 1T 2242 PCIe G4V x4 OPAL,
SSS1D33663,SSD STC CL4 1T 2242 PCIe G4V x4 OPAL,
SSS0L24798,SSD KIX BG5 1T 2242 PCIe G4V x4 OPAL,
SSS1C17662,SSD MIC 2210 1T M.2 PCIe 2280 SSD,
SSS0Q94037,SSD CA3 M.2-2280 PCIe 256GB PPB,
SSS1D33683,SSD KIX BG5 1T 2242 PCIe G4V x4 OPAL,
SSS1D33679,SSD KIX XG8 2T 2280 PCIe G4P x4 OPAL,
SSS1F20327,SSD SKH BC901 512G 2242 PCIe G4V x4 OPAL,
SSS0Y86503,SSD SAM PM9B1 256G 2242 PCIe G4V x4 OPAL,
SSS0Y86504,SSD SAM PM9B1 512G 2242 PCIe G4V x4 OPAL,
SSS1F20339,SSD SKH BC901 512G 2242 PCIe G4V x4 OPAL,
SSS1F28692,SSD STC CL4 512G 2242 PCIe G4x4 OPAL PPB,
SSS1D71505,SSD UM AH660 512G 2280 PCIe G4P x4 OPAL,
SSS1F20351,SSD SOL EchoHarbor 512G 2280PCIeG4x4 QLC,
SSS1D71495,SSD MIC 2400 1T 2280 PCIe G4 x4,
SSS1F20352,SSD SOL Echo Harbor 1T 2280 PCIeG4x4 QLC,
SSS1D33680,SSD KIX XG8 4T 2280 PCIe G4P x4 OPAL,
SSS1F20340,SSD SKH BC901 1T 2242 PCIe G4V x4 OPAL,
SSS1F20328,SSD SKH BC901 1T 2242 PCIe G4V x4 OPAL,
SSS1M77658,SSD HNA BC901 512G 2242 PCIe G4x4 OP PPB,
SSS1D71500,SSD MIC 2550 512G 2280 PCIe G4V x4 OPAL,
SSS1M77654,SSD HNA BC901 256G 2242 PCIe G4x4 OP PPB,
SSS1M76979,SSD SMT PM9B1 256G 2242 PCIe G4x4 OP PPB,
SSS1D71501,SSD MIC 2550 1T 2280 PCIe G4V x4 OPAL,
SSS1M77656,SSD HNA BC901 256G 2280 PCIe G4x4 OP PPB,
SSS1M77657,SSD HNA BC901 512G 2280 PCIe G4x4 OP PPB,
SSD0H55392,SSD_ASM M.2 2280 PCIe NVMe PM951-128,
SSS1D71499,SSD MIC 2550 256G 2280 PCIe G4V x4 OPAL,
SSS0L24699,SSD TOS XG5  512G M.2 2280 PCIe OPAL,
SSS0L24700,SSD TOS XG5 1TB M.2 2280 PCIe OPAL,
SSS0Q94035,SSD CA3 M.2-2280 PCIe 512GB PPB,
SSS1D33698,SSD KIX BG6 256G 2242 PCIe G4V x4 OPAL,
SSS1N37781,SSD YMT PC411 512G 2242 PCIe G4V x4,
SSS1M63310,SSD UM AM6B1 512G 2242 PCIe G4V x4,
SSS1F28990,SSD SKH BC901 1T 2242 PCIe G4V x4,
SSS1K57701,SSD SAM PM9C1a 1T 2242 PCIe G4V x4,
SSS1F28996,SSD SKH BC901 512G 2242 PCIe G4V x4,
SSS1M36931,SSD MIC 2550 512G 2242 PCIe G4V x4,
SSS1K57705,SSD SAM PM9C1a 512G 2242 PCIe G4V x4,
SSS1J91996,SSD UM AM6A0 256G 2242 PCIe G4V x4,
SSS1F28998,SSD SKH BC901 256G 2242 PCIe G4V x4,
SSS1K57703,SSD SAM PM9C1a 256G 2242 PCIe G4V x4,
SSS1D71511,SSD UM AM6B1 512G 2280 PCIe G4V x4 OPAL,
SSS1D71512,SSD UM AM6B1 1T 2280 PCIe G4V x4 OPAL,
SSS0Y86537,SSD YMT PC411 512G 2280 PCIe G4V x4 OPAL,
SSS1D71490,SSD YMT PC300 512G 2280 PCIe G4V x4 OPAL,
SSS0Y86501,SSD UM AM6A1 512G 2280 PCIe G4V x4 OPAL,
SSS0Y86538,SSD YMT PC411 1T 2280 PCIe G4V x4 OPAL,
SSS0Y86502,SSD UM AM6A1 1T 2280 PCIe G4V x4 OPAL,
SSS1D71489,SSD YMT PC300 256G 2280 PCIe G4V x4 OPAL,
SSS0Y86500,SSD UM AM6A1 256G 2280 PCIe G4V x4 OPAL,
SSS1D33699,SSD KIX BG6 512G 2242 PCIe G4V x4 OPAL,
SSS1P71388,SSD MIC 2650 512G 2280 PCIe G4V x4 OPAL,
SSS1P71389,SSD MIC 2650 1T 2280 PCIe G4V x4 OPAL,
SSS1D71551,SSD UM AM6B0 512G 2280 PCIe G4V x4 OPAL,
SSS1D71515,SSD SKH PVC10 1T 2242 PCIe G4V x4 OPAL,
SSS1D33700,SSD KIX BG6 1T 2242 PCIe G4V x4 OPAL,
SSS0Y86511,SSD SAM PM9C1a 1T 2242 PCIe G4V x4 OPAL,
SSS0Y86505,SSD SAM PM9B1 1T 2242 PCIe G4V x4 OPAL,
SSS1D71552,SSD UM AM6B0 1T 2280 PCIe G4V x4 OPAL,
SSS1P71408,SSD SDK SN7100S 512G 2280 PCIe G4V x4 OP,
SSS1P71387,SSD MIC 2650 256G 2280 PCIe G4V x4 OPAL,
SSS1D71562,SSD KIX EG7 512G 2280 PCIe G4 x4 PY QLC,
SSS1D71563,SSD KIX EG7 1T 2280 PCIe G4 x4 PY QLC,
SSS1M76981,SSD SMT PM9B1 256G 2280 PCIe G4x4 OP PPB,
SSS1P71398,SSD SDK SN8000S 1T 2280 PCIe G4P x4 OP,
SSS1P71397,SSD SDK SN8000S 512G 2280 PCIe G4Px4 OP,
SSS1D71535,SSD UM AM6C1 512G 2280 PCIe G4V x4 OPAL,
SSS1P71400,SSD SDK SN8000S 4T 2280 PCIe G4P x4 OP,
SSS0L68761,SSD SDK SN530 512G M.2 2230 PCIe G3x4 WT,
SSS0L68762,SSD SDK SN530 1T M.2 2230 PCIe G3x4 WT,
SSS1D71514,SSD SKH PVC10 512G 2242 PCIe G4V x4 OPAL,
SSS0Y86544,SSD SAM PM9C1b 256G 2242 PCIe G4V x4 OP,
SSS1P71362,SSD WD SN7100S 256G 2242 PCIe G4V x4 OP,
SSS1P71391,SSD SDK SN8050S 1T 2280 PCIe G5P x4 OP,
SSS0Y86546,SSD SAM PM9C1b 1T 2242 PCIe G4V x4 OP,
SSS1P71354,SSD WD SN7100S 1T 2242 PCIe G4V x4 OP,
SSS1D71536,SSD UM AM6C1 1T 2280 PCIe G4V x4 OPAL,
SSS1L46623,SSD YMT PC450 512G 2280 PCIe G4V x4 OPAL,
SSS1L46624,SSD YMT PC450 1T 2280 PCIe G4V x4 OPAL,
SSS1P71392,SSD SDK SN8050S 2T 2280 PCIe G5P x4 OP,
SSS1P71353,SSD WD SN7100S 512G 2242 PCIe G4V x4 OP,
SSS1L46605,SSD KIX BG7 512G 2280 PCIe G4V x4 OPAL,
SSS1P71430,SSD MIC 4600 512G 2280 PCIe G5P x4 OPAL,
SSS1P71438,SSD MIC 2600 1T 2280 PCIe G4 x4 QLC,
SSS1P71437,SSD MIC 2600 512G 2280 PCIe G4 x4 QLC,
SSS1P71431,SSD MIC 4600 1T 2280 PCIe G5P x4 OPAL,
SSS1P71432,SSD MIC 4600 2T 2280 PCIe G5P x4 OPAL,
SSS1L46604,SSD KIX BG7 256G 2280 PCIe G4V x4 OPAL,
SSS1L46606,SSD KIX BG7 1T 2280 PCIe G4V x4 OPAL,
SSS0Y86545,SSD SAM PM9C1b 512G 2242 PCIe G4V x4 OP,
SM37C26154,MEMORY MTC20F2085S1RC64BH1 32GB 2Rx8 64R,
SSS7C02861,SSD Kx KLD2DLJC15T3 E1.L M1aAVAP,
SM37C15510,MEMORY S M321R4GA3EB2-CCP 32GB 2Rx8 64R,
SM37C15506,MEMORY S M321R2GA3EB2-CCP 16GB 1Rx8 64R,
SM37B86816,MEMORY Samsung 64GB 2Rx4 56R -BC1 B&S,
SM37C26617,MEMORY M 64G 2Rx4 64R-BC1 B&S,
SM37B93346,MEMORY H HMCGY4MGBRB 48G 1Rx4 M1 AVAP,
SHD7C04557,HDD ST30000NM001K 30T SATA SED M1 AVAP,
SSS7C26421,SSD E3.s 1T 6550 30.72TB SSD,
SSA7C15589,SP AMD EPYC 4245P 6C/3.9G/65W,
SSS7C38859,SSD S MZEM961THDLF-00AMV E1.L M1 AVAP,
SSS7C33876,SSD Sd SBFPFWBVT122MD E1.L M1 AVAP,
SM37B05349,MEMORY MTA18ASF4G72PDZ-3G2F1 32GB D4-32R,
SM17B64560,"MECH_ASM Assy,Gap Pad Kit, SR675V3",
SP27B88010,"MECH_ASM Assy,Gap Pad Kit, SR675V3",
SP27B89973,"MECH_ASM Assy,Gap Pad Kit, SR675V3",
SP27B90344,"MECH_ASM Assy,Gap Pad Kit, SR675V3",
SP27B70449,"MECH_ASM Assy,Gap Pad Kit, SR675V3",
SP27B31231,"PAD TIM Pad, PE8110, Bottom",
SP27B31230,"PAD TIM Pad, PE8110, Top",
SP27B95018,"PAD TIM Pad, PM9A3 Bottom, Laird",
SP27B77016,"PAD TIM Pad, PM9A3 Top, Laird",
SP27C01683,PAD H200 NVSWITCH PTM7900 42X42X0.25,
SM17B96939,MECH_ASM Portofino Putty Pad Kit,
SP27B43051,"PAD GAP PAD, DRIVE BOTTOM",
SP27B96913,"PAD PAD, HDD CONDUCTION PLATE",
SP27B43053,"PAD GAP PAD, DRIVE HEAT PIPE",
SP27B06058,"PAD PUTTY PAD, CX6 PLATE",
SM17B69330,"MECH_ASM ASSY, M2 PUTTY PAD KIT",
SP27B06074,"PAD PUTTY PAD, CX7 INTERFACE PLATE",
SP27B71217,"PAD GAD PAD, E3.S HDD",
SM17B72063,"MECH_ASM Assy, E3S putty Pad Kit",
SP27B69210,"PAD PAD, HDD CONDUCTION PLATE",
SP27B96914,"PAD PAD,HDD CONDUCTIONPLATE_SMALL_U3 7mm",
SP27B72491,PAD Putty for Cedar heatsink,
SM17B23670,"MECH_ASM ASSY, GAP PAD KIT (SD650 V3)",
SM17B69418,"MECH_ASM ASSY, GAP PAD KIT (SD650 V3)",
SM17B69419,"MECH_ASM ASSY, GAP PAD KIT (SD 650I V3)",
SM17B76855,"MECH_ASM Assy, Gap Pad Kit",
SM17B23673,"MECH_ASM ASSY, GAP PAD KIT (SD 650I V3)",
SM17B40010,"MECH_ASM ASSY, PUTTY PAD KIT(SD 650I V3)",
SP27A47483,PAD THERMAL PAD SQUARE,
SP27A47484,PAD THERMAL PAD T SHAPE #1,
SP27B35610,"PAD PUTTY PAD, E3S CDTN PLATE FRONT",
SP27B35611,"PAD PUTTY PAD, E3S CDTN PLATE REAR",
SM27A73209,"MECHANICAL SE350 NODE BOT RUBBER PAD,GBM",
SP27A47485,PAD THERMAL PAD T SHAPE #2,
SP27B06066,"PAD PUTTY PAD, M.2 EXTENSION BOTTOM",
SP27B96911,"PAD PAD, HDD CONDUCTION PLATE",
SP27B96912,"PAD PUTTY PAD, CX6 PLATE",
SR67A56521,RUBBER SE350 NODE BOTTOM RUBBER PAD,
SP27B86371,PAD SXM5_PCM_TPCM7400,
SP27B72656,"PAD PUTTY PAD, CONDUCTION, HDD_U3 7mm",
SM17B70244,"MECH_ASM Putty Pad Kit,SD665-N V3 WL",
SP27B69780,"PAD PAD,HDD CONDUCTIONPLATE_SMALL_U3 7mm",
SP27B06062,"PAD PAD, HDD CONDUCTION PLATE",
SM17B74253,"MECH_ASM Putty Pad Kit, SD650-N V3 WL",
SP27B24421,"PAD PUTTY PAD, M.2 EXTENSION BOTTOM S",
SM17B96938,MECH_ASM Cobol Putty Pad Kit,
SP27B37995,"PAD PUTTY PAD, CX7 NDR200 LARGE",
SP27B06070,"PAD PUTTY PAD, M.2 CPU CAP",
SP27B37996,"PAD PUTTY PAD, CX7 NDR200 SMALL",
SP27B06065,"PAD PUTTY PAD, HORIZONTAL M.2",
SP27B06068,"PAD PUTTY PAD, M.2 EXTENSION TOP",
SP27B38091,"PAD PUTTY PAD, VR CENTER",
SP27B38092,"PAD PUTTY PAD, VR FRONT",
SP27B80892,"PAD PUTTY PAD, VR BOTTOM",
SP27B88247,"PAD TIM Pad, PE9010 M.2, Top",
SP27B88248,"PAD TIM Pad, PE9010 M.2, Bottom",
SP27A94179,"PAD PUTTY PAD, HORIZONTAL M.2",
SP27A94180,"PAD PUTTY PAD, HORIZONTAL M.2",
SP27A94181,"PAD PUTTY PAD, HORIZONTAL M.2",
SP27A94182,"PAD PUTTY PAD, HORIZONTAL M.2",
SP27A94186,"PAD PUTTY PAD, HORIZONTAL M.2",
SP27A94187,"PAD PUTTY PAD, HORIZONTAL M.2",
SP27B19853,"PAD PUTTY PAD, HORIZONTAL M.2",
SM17B28179,"PAD PUTTY PAD, HORIZONTAL M.2",
SM17B70243,"PAD PUTTY PAD, HORIZONTAL M.2",
SM27B29152,"PAD PUTTY PAD, HORIZONTAL M.2",
SM27B29153,"PAD PUTTY PAD, HORIZONTAL M.2",
SP27B75412,"PAD PUTTY PAD, HORIZONTAL M.2",
SM17B70130,"PAD PUTTY PAD, HORIZONTAL M.2",
SP27B96913 ,"PAD PUTTY PAD, HORIZONTAL M.2",
SM17B69335,"PAD PUTTY PAD, HORIZONTAL M.2",
SP27B42628,"PAD PUTTY PAD, HORIZONTAL M.2",
SP27B94106,"PAD PUTTY PAD, HORIZONTAL M.2",
SP27B94111,"PAD PUTTY PAD, HORIZONTAL M.2",
SP27B94112,"PAD PUTTY PAD, HORIZONTAL M.2",
SP27B94105,"PAD PUTTY PAD, HORIZONTAL M.2",
SP27B87698,"PAD PUTTY PAD, HORIZONTAL M.2",
SP27C00826,,
SP27C02333,,
SP27C02334,,
SP27C02335,,
SP27C02336,,
SP27C02337,,
SP27C02362,PAD SXM5 TPCM7000 44X31 0.4T,
SP27C05485,,
SP27C05486,,
SP27C05487,,
SP27C05488,,
SP27B96759,,
SP27B96760,,
SP27B96761,,
SP27B31228,"PAD TIM Pad, PM9A3, Top",
SP27C02363,"PAD TIM Pad, PM9A3, Top",
SP27C02364,"PAD TIM Pad, PM9A3, Top",
SP27C00821,"PAD TIM Pad, PM9A3, Top",
SP27C00827,"PAD TIM Pad, PM9A3, Top",
SP27C00828,"PAD TIM Pad, PM9A3, Top",
SP27C00831,"PAD TIM Pad, PM9A3, Top",
SP27C00832,"PAD TIM Pad, PM9A3, Top",
SP27C00823,"PAD TIM Pad, PM9A3, Top",
SP27C00824,"PAD TIM Pad, PM9A3, Top",
SP27C00825,"PAD TIM Pad, PM9A3, Top",
SP27C02365,"PAD TIM Pad, PM9A3, Top",
SP27C04263,"PAD TIM Pad, PM9A3, Top",
SP27C05300,"PAD TIM Pad, PM9A3, Top",
SP27B72899,"PAD TIM Pad, PM9A3, Top",
SP27C00821,PAD B200 SXM6 PTM7900 46X42X0.2,
SP27C05300,PAD B200 NVSWITCH PTM7900 34X27 0.2,
SP27C00828,PAD B200 NVSWITCH TGP3500PT 22X9 2.0,
SP27C00832,PAD RETIMER TGP3500PT 22X10 1.5T,
SP27C04263,PAD SXM6 TGP3500PT 39X6 1.75T,
SP27C02365,PAD SXM6 TGP3500PT 65X5 1.75T,
SP27C00831,PAD RETIMER TGP3500PT 6X6 1.5T,
SP27C02363,PAD B200 SXM6 SF10 15X6 2.0,
SP27C02364,PAD B200 SXM6 SF10 25X10 2.0,
SP27C07064,PAD Bianca thermal pad 285-0965-000*2,
SP27C07063,PAD Bianca thermal pad 285-1112-000*4,
SP27C07066,PAD Bianca thermal pad 285-1224-000*18,
SP27C07065,PAD Bianca thermal pad 285-1225-000*8,
SP27C07067,PAD Bianca thermal pad 285-1223-000*34,
SP27C07068,PAD Bianca thermal pad 285-1179-000*8,
SP27C07069,PAD Bianca thermal pad 285-1203-000*4,
SM17B99625,MECH_ASM Top Cover Thermal Gap Pad Kit,
SM17B99626,MECH_ASM Bottom CV Thermal Gap Pad Kit,
SP27B94357,"PAD GAP PAD, CONDUCTION, CPU",
SP27C00829,PAD B200 RETIMER GR-PM 22X8 1.25,
SP27C04651,,
SP27C04652,,
SM17C17691,"MECH_ASM ASSY,B200 SXM6 PTM7900",
SM17C17692,"MECH_ASM ASSY,SXM6 TGP3500PT 65X5",
SM17C17693,"MECH_ASM ASSY,SXM6 TGP3500PT 39X6",
SM17C17694,"MECH_ASM ASSY,SXM6 SF10 25X10",
SM17C17695,"MECH_ASM ASSY,SXM6 SF10 15X6",
SM17C17696,"MECH_ASM ASSY,NVSWITCH PTM7900 34X27",
SM17C17697,"MECH_ASM ASSY,B200 RETIMER GR-PM 22X8",
SM17C17698,"MECH_ASM ASSY,RETIMER TGP3500PT 6X6",
SM17C17699,"MECH_ASM ASSY,RETIMER TGP3500PT 22X10",
SM17C17700,"MECH_ASM ASSY,NVSWITCH TGP3500PT 50X8",
SM27C09330,,
SM17C22392,#N/A,
SM17C18654,MECH_ASM ASSY 285-1112-000_honeywell*4,
SM17C18655,MECH_ASM ASSY 285-0965-000_honeywell*2,
SM17C18656,MECH_ASM ASSY 285-1225-000_honeywell*8,
SM17C18657,MECH_ASM ASSY 285-1224-000_honeywell*18,
SM17C18658,MECH_ASM ASSY 285-1223-000_honeywell*34,
SM17C20798,MECH_ASM ASSY 285-1402-000_honeywell*2,
SM17C20799,MECH_ASM ASSY 285-1401-000_honeywell*2,
SM17C20800,MECH_ASM ASSY 285-1438-000_honeywell*4,
SP27B94402,"PAD TIM Pad, Micron 7450, Top, L",
SP27B94405,"PAD TIM Pad, Micron 7450, Bot, L",
SM17C30778,PTM7900 & TGP3500PT,
SP27C19929,PTM7900 & TGP3500PT,
SM17C27469,PTM7900 & TGP3500PT,
SM17C27471,PTM7900 & TGP3500PT,
SM17C27472,PTM7900 & TGP3500PT,
SM17C27473,PTM7900 & TGP3500PT,
SM17C27474,PTM7900 & TGP3500PT,
SM17C27470,PTM7900 & TGP3500PT,
