PN,DESCRIPCION,VENDOR,PIECES PER BOX,OTROS,OTROS
SSA7A75401,SP CLX 8272CL 26C/2.6G/195W/35.75M M1,3Tech Corporate Limited,,M1102906-001,
SSS7A75155,SSD HFS3T8GD0FEI-A430A 3.84T M.2 M1a,Amphenol Assembletech,,M1156144-001,
SSA7A95334,SP ICX 8370C 32C/2.8G/270W RKHC M1,Amphenol Assembletech,,M1172617-001,M1200539-001
SM37A68881,MEMORY HMA84GR7DJR4N-XN 32G M1a,Amphenol Assembletech,,M1171184-001,
SHD7A74374,HDD ST14000NM0001 14T 3.5 M1a,Amphenol Assembletech,,M1136743-001,
SM37A68704,MEMORY MTA18ASF4G72PZ-2G9E1 32G M1-A,Amphenol Assembletech,,M1149672-001,
SSA7A75402,SP CLX 8280M 28C/2.7G/205W/38.5M M1,Amphenol Assembletech,,M1121192-001,
SSS7B01847,SSD H HFS960GDE0X098N 960G M.2 M1a,Amphenol Assembletech,,M1204900-001,M1200546-001
SM37A68727,MEMORY HMABAGL7ABR4N-WM 128G M1a,Amphenol Assembletech,,M1157636-001,
SSG7A87987,SWITCH Citrix MPX-8600T Load Balancer,Amphenol Assembletech,,M1161184-001,
SM37A68729,MEMORY HMAA8GR7AJR4N-WM 64G M1a,Amphenol Assembletech,,M1137377-001,
SSA7A75399,SP SKL 8180M 28C/2.5G/205W/38.5M M1,Amphenol Assembletech,,M1093382-001,M1249786-001
SM37A21417,MEMORY S M386AAG40MMB-CVF 128G M1a,Amphenol High Speed Technology (Nan,,M1125238-001,
SM37A68879,MEMORY HMA82GR7DJR4N-XN 16G M1a,Amphenol High Speed Technology (Nan,,M1171185-001,
SSS7A75133,SSD Sam PM1735 6.4T AIC -IPDC M1-A,Amphenol High Speed Technology (Nan,,M1151723-001,
SM37A47849,MEMORY S M393AAK40B42-CWD 128G D4-26R,Amphenol High Speed Technology (Nan,,M1093390-001,M1069296-001 NDAAFF-M206
SHD7B05974,HDD ST20000NM012D 20T SAS HDD M1,Amphenol High Speed Technology (Nan,,M1208848-001,
SC57A48246,CARDPOP Longs Peak FPGA Card,Amphenol Xiamen High Speed Cable Co,,M1037380-006,
STA7A97074,ECAT_TLA Celestial FPGA Card,Amphenol Xiamen High Speed Cable Co,,M1096519-005,
SB27A95366,BDPLANAR C2080 Motherboard Asm-W,Amphenol Xiamen High Speed Cable Co,,M1119344-003,
SSA7B04506,SP Intel SPR ES2 QYG3,Amphenol Xiamen High Speed Cable Co,,M1209290-001,
SC57A68194,CARDPOP Longs Peak FPGA Card - Q,Amphenol Xiamen High Speed Cable Co,,M1037380-006,
SSS7A75097,SSD I D5-P4326 E1.L 15T SSD -M1-a,Amphenol Xiamen High Speed Cable Co,,M1092624-001,
SM37A68640,MEMORY HMAA8GL7CPR4N-WM 64G M1a,Amphenol Xiamen High Speed Cable Co,,M1103682-001,
SM37A68639,MEMORY HMAA8GL7CPR4N-WM 64G M1,Amphenol Xiamen High Speed Cable Co,,M1103682-001,
SB27B04355,BDPLANAR C2080 Motherboard Asm W-TW,Amphenol Xiamen High Speed Cable Co,,M1119344-003,M1176179-001
SSG7A48102,SWITCH DCS-7060CX 100G PSI,Amphenol Xiamen High Speed Cable Co,,M1073638-001,
SM37A68712,MEMORY MTA144ASQ16G72PSZ-2S6E1 128G M1a,Amphenol Xiamen High Speed Cable Co,,M1153671-001,
SSG7A94154,SWITCH DCS-7260CX3-64-F,Amphenol Xiamen High Speed Cable Co,,M1074751-001,
SSA7A44100,SP CLX 8280L 28C/2.7G/205W/38.5M,Amphenol Xiamen High Speed Cable Co,,M1152262-001,
SM37A68768,MEMORY MTA18ASF4G72PZ-3G2E1 32G M1a,Amphenol Xiamen High Speed Cable Co,,M1152909-001,
SB27B02824,BDPLANAR CHAS EM-L6 F2010 CERTIFIED CERB,Amphenol Xiamen High Speed Cable Co,,M1079117-004,
SM37B01858,MEMORY M MTC40F2046S1RC48BA1 64G M1a,Amphenol Xiamen High Speed Cable Co,,M1185012-001,
SM37B01856,MEMORY HMCG94MEBRA ES 64G 2RX4 M1a,Amphenol Xiamen High Speed Cable Co,,M1190042-001,
SSG7A57438,SWITCH Cisco N9K-C9232C 100G PSI,Amphenol Xiamen High Speed Cable Co,,M1053402-001,
SPU7B09085,PDU 48U Vertical PMDU w/ Mylar-I,Annapurna Labs US Inc,,M1131758-002,
SB27A90477,BDPLANAR C2030 MB Asm-I Certified,"Arista Networks, Inc.",,M1089834-002,
SM37A68621,MEMORY MTA36ASF4G72PZ-2G6J1 32G M1,Arrow Global Supply Chain Services,,M1145207-001,
SM37A68622,MEMORY MTA36ASF4G72PZ-2G6J1 32G M1a,Arrow Global Supply Chain Services,,M1145207-001,
SPU7A75772,PDU 48U Vertical PMDU v1.2,Arrow Global Supply Chain Services,,M1131758-001,
SM37A68708,MEMORY S M393A2K40DB2-CVF 16G M1-A,Arrow Global Supply Chain Services,,M1150893-001,
SSS7A75125,SSD H PE6110 960G M.2 SSD M1-A,Arrow Global Supply Chain Services,,M1143858-001,
SSS7A75124,SSD H PE6110 960G M.2 SSD M1,Arrow Global Supply Chain Services,,M1143858-001,
SM37A21421,MEMORY S M393A8G40MB2-CVF 64G M1a,Arrow Global Supply Chain Services,,M1125284-001,
SC57A90959,CARDPOP BRCM 9400-16I HBA,Arrow Global Supply Chain Services,,M1076946-001,
SN37A28462,NETWRK_CRD MCX515A-CCAT_C11 100G 1P M1,Arrow Global Supply Chain Services,,M1146245-001,
SC57A90916,CARDPOP A2030 Accelerator Card,Arrow Global Supply Chain Services,,M1103804-001,
SM37A95328,MEMORY HMCG94MEBRA ES 64G 2RX4 M1,Arrow Global Supply Chain Services,,M1190042-001,
SHD7A74418,HDD Tos MG09SCP18TA-new 18T 3.5 M1,Arrow Global Supply Chain Services,,M1183203-001,
SSA7A75398,SP SKL 8171M 26C/2.6G/205W/35.75M M1,Arrow Global Supply Chain Services,,M1076365-001,
SC57A22917,CARDPOP C2030 Motherboard w/ Mechanicals,Arrow Global Supply Chain Services,,M1089834-001,
SSS7A23250,SSD Hyx PE4010 960GB M.2 NVMe-A,Arrow Global Supply Chain Services,,M1086483-001,
SP57A62750,PWR_SUPPLY Flextronics 1020W Non-LES PSU,Arrow Global Supply Chain Services,,M1042986-002,
SSG7A41902,SWITCH Arista DCS-7060CX TOR Switch,Arrow Global Supply Chain Services,,M1073671-001,
SM37B04162,MEMORY HMAA8GR7CJR4N-XN 64G 2Rx4 M1,Arrow Global Supply Chain Services,,M1194241-001,
SC57A82149,CARDPOP AVA Card + Mech,Arrow Global Supply Chain Services,,M1065151-002,
SSA7A94357,SP ICX 8347C 36C/2.1G/210W M1,Arrow Global Supply Chain Services,,M1172968-001,
SSG7A65533,SWITCH Mellanox MSN2700 TOR PSI,Arrow Global Supply Chain Services,,M1077277-001,
SM37A68673,MEMORY HMAA4GR7AJR4N-WM 32G M1a,Arrow Global Supply Chain Services,,M1146491-001,
SP57A95371,PWR_SUPPLY Delta ATS 1800W Non-LES PSU,ASIA VITAL COMPONENTS CO LTD,,M1129820-001,
SSA7A75403,SP CLX 6252 24C/2.1G/150W/35.75M M1,ASIA VITAL COMPONENTS CO LTD,,M1121196-001,DFPK0456B2GY035
SP57A73213,PWR_SUPPLY Artesyn PL1000 1000W PSU,ASIA VITAL COMPONENTS CO LTD,,M1034962-003,
SC17A68586,CABLE Longs Peak to Occulink,ASIA VITAL COMPONENTS CO LTD,,M1069000-001,
SM17A33144,MECH_ASM E2010 48U Rack Asm,ASIA VITAL COMPONENTS CO LTD,,M1034773-002,
SF17A67100,FAN SN650C MLK 40mm 12V Fan,ASIA VITAL COMPONENTS CO LTD,,M1180334-001,
SP57A92201,PWR_SUPPLY P2012 PSU,ASIA VITAL COMPONENTS CO LTD,,M1179905-001,
SHD7A53296,HDD WD 12T 3.5 SATA HDD-IPDC-M-A,ASIA VITAL COMPONENTS CO LTD,,M1081925-001,
SC57A75092,CARDPOP Ing OCS7100 M.2 Riser Card,ASIA VITAL COMPONENTS CO LTD,,M1083467-001,
SC57A22918,CARDPOP C2030 Motherboard w/ Mechanicals,ASIA VITAL COMPONENTS CO LTD,,M1089834-001,
SM37A21408,MEMORY S M393A2K40CB2-CTD 16G M1a,ASIA VITAL COMPONENTS CO LTD,,M1073445-001,
SSG7A33154,SWITCH Foxconn Ethernet Mgmt Switch,ASIA VITAL COMPONENTS CO LTD,,M1011427-001,
SSS7A92197,SSD S MZCL21T9HCJR-00AMV 2T E1.S M1,ASIA VITAL COMPONENTS CO LTD,,M1161587-001,
SC17A90960,CABLE S2130 V2 SAS Cable Asm,ASIA VITAL COMPONENTS CO LTD,,M1122549-002,
SSG7A98337,SWITCH 1G Mgmt Switch-M1 TW,ASIA VITAL COMPONENTS CO LTD,,M1011427-001,
SSS7A43361,SSD S MZ1LB960HAJQ-00AMV M1-Kr-A,ASIA VITAL COMPONENTS CO LTD,,M1077133-002,
SSS7A43360,SSD S MZ1LB960HAJQ-00AMV M1-Kr,ASIA VITAL COMPONENTS CO LTD,,M1077133-002,
SM37A68618,MEMORY HMA84GR7DJR4N-WM 32G M1a,ASIA VITAL COMPONENTS CO LTD,,M1142879-001,
SC87A50331,CHASSIS OCS C2030 V2 Chassis Asm,ASIA VITAL COMPONENTS CO LTD,,M1122455-002,DHS-B348186-00
SM37A47294,MEMORY H HMA84GR7CJR4N-VK 32G 26R M1,ASIA VITAL COMPONENTS CO LTD,,M1086479-001,
SM17A82651,MECH_ASM SN650C MLK 3.5 V2 HDD Tray,ASIA VITAL COMPONENTS CO LTD,,M1122550-001,
SM37B06503,MEMORY S M321R8GA0BB0-CQK 64G 2Rx4 M1a,ASTEC AMERICA INC,,No MSPN,
SP57A95973,PWR_SUPPLY Artesyn P2011 1800W Non-LES,BIZLINK BVI CORP LIMITED,,M1151741-001,
SM37B04381,MEMORY H HMCG94MEBRA 64G 2RX4 M1a,BIZLINK BVI CORP LIMITED,,M1190042-001,
SC57A94398,CARDPOP C2080 1U Riser Card,Boyd Thermal Systems Hong Kong Limi,,M1126119-001,
SP57A73214,PWR_SUPPLY Artesyn PS1000 1000W PSU,CLOUD NETWORK TECHNOLOGY SINGAPORE,,M1034961-003,
SC17A42053,CABLE 1.5m 100G DAC QSFP,DataDirect Networks  Inc,,M1113202-001,
SB27A43009,BDPLANAR OCS JBOF Storage Server Asm,DataDirect Networks  Inc,,M1079117-001,
SM37A21351,MEMORY HMA82GR7CJR4N-VK 16G 2666 M1a,DataDirect Networks  Inc,,M1098844-001,
STA7A90504,ECAT_TLA C2030 V2 Non-LES L6 w/o CSR-I,DataDirect Networks  Inc,,M1122759-001,
SC57A33166,CARDPOP C2010 DV 1U L Riser Card,DataDirect Networks  Inc,,M1039573-001,
SSS7A43370,SSD H HFS1T9GD0FEH-A430A M.2 M1-a,DEI LOGISTICS USA CORP,,M1116293-001,
SH47A70469,HEATSINK M1 Gen 7.x CPU Heatsink,DEI LOGISTICS USA CORP,,M1098874-001,
SP57A48679,PWR_SUPPLY V3_2000W_MSFT_ITIC,DELTA ELECTRONICS THAILAND PUBLIC,,M1102216-001,
SM37A21430,MEMORY MTA18ASF2G72PZ-2G9E1 16G M1,DELTA ELECTRONICS THAILAND PUBLIC,,M1120781-001,
SM37A21431,MEMORY MTA18ASF2G72PZ-2G9E1 16G M1a,DELTA ELECTRONICS THAILAND PUBLIC,,M1120781-001,
SM37A21425,MEMORY HMA84GR7CJR4N-WMT 32G M1a,DELTA ELECTRONICS THAILAND PUBLIC,,M1103679-001,
SM37A68619,MEMORY MTA18ASF2G72PZ-2G6J1 16G M1,DELTA ELECTRONICS THAILAND PUBLIC,,M1145206-001,
SM37A68620,MEMORY MTA18ASF2G72PZ-2G6J1 16G M1a,DELTA ELECTRONICS THAILAND PUBLIC,,M1145206-001,
SB27A65530,BDPLANAR SN650C MLK Non-LES L6 Assembly,DELTA ELECTRONICS THAILAND PUBLIC,,M1113377-001,
SSA7A44092,SP CLX 8280M 28C/2.7G/205W/38.5M,DELTA ELECTRONICS THAILAND PUBLIC,,M1121192-001,
SM37A68616,MEMORY HMA82GR7DJR4N-WM 16G M1a,DELTA ELECTRONICS THAILAND PUBLIC,,M1142880-001,
SC17A42052,CABLE 1.0m 100G DAC QSFP,DELTA ELECTRONICS THAILAND PUBLIC,,M1113201-001,
SH47A94416,HEATSINK C2080 CPU Heatsink,DELTA ELECTRONICS THAILAND PUBLIC,,M1140201-001,
SC17A61124,CABLE 1.5m 100G DAC QSFP-M,DELTA ELECTRONICS THAILAND PUBLIC,,M1113202-001,
SH47A66068,HEATSINK SN650C MLK CPU Heatsink-CM,DELTA ELECTRONICS THAILAND PUBLIC,,M1098874-001,
SSG7A57439,SWITCH Citrix MPX 15041T Load Balancer,DELTA ELECTRONICS THAILAND PUBLIC,,M1084535-001,
SM17A43028,MECH_ASM OOB Rack Manager,FCI NanTong Ltd,,M1033509-001,
SM37A91204,MEMORY HMAA4GR7CJR4N-XN 32G 1RX4 M1a,FCI NanTong Ltd,,M1185094-001,
STA7A92563,ECAT_TLA S2130 V2 L6 Asm-W EXO,Flextronics International Europe,,M1165175-001,
SC57A94399,CARDPOP C2080 1U FPGA Riser Card,Flextronics International EuropeB V,,M1126123-001,
0000000YG851,MECHANICAL MSFT 48U Rack,INGRASYS SINGAPORE PTE LTD,,X906837-001,
STA7A43652,ECAT_TLA C2030/S2130 MB with Ass parts,INGRASYS SINGAPORE PTE LTD,,M1089834-002,
SHD7A74333,HDD WD WUH721816ALN6L6 16T 3.5 M1,INGRASYS SINGAPORE PTE LTD,,M1158600-001,
STA7A43651,ECAT_TLA C2030/S2130 MB with Ass parts,INGRASYS SINGAPORE PTE LTD,,M1089834-002,
SC17A68147,CABLE 32AWG QSFP28 Cable,INGRASYS SINGAPORE PTE LTD,,M1132732-001,
SHD7A74309,HDD MG08SCA16TA 16T 3.5 SAS M1,INGRASYS SINGAPORE PTE LTD,,M1157067-001,
SN37A92189,NETWRK_CRD MCX565A-CDAI_C11 OCP3.0 M1,INGRASYS SINGAPORE PTE LTD,,M1168449-001,
SSS7B01852,SSD S MZCL21T9HCJR-00AMV 2T E1.S M1a,INGRASYS SINGAPORE PTE LTD,,M1161587-001,
SM37B05248,MEMORY M MTC20F1045S1RC48BAT 32GB M1a,INGRASYS SINGAPORE PTE LTD,,No MSPN,
SC17A95369,CABLE 50mm MB to PSU PWR Cable,INGRASYS SINGAPORE PTE LTD,,M1173646-001,
SC17A46645,CABLE Power Relay Cable,INGRASYS SINGAPORE PTE LTD,,M1041461-001,
SSA7A75400,SP SKL 8160 24C/2.1G/150W/33M M1,INGRASYS SINGAPORE PTE LTD,,M1093384-001,
SH47A97788,HEATSINK CPU_RHS,INGRASYS SINGAPORE PTE LTD,,M1213897-001,
SB27A65529,BDPLANAR SN650C MLK LES L6 Assembly,INGRASYS SINGAPORE PTE LTD,,M1082497-001,
SM37A68706,MEMORY S M393A4K40DB2-CVF 32G M1-A,INGRASYS SINGAPORE PTE LTD,,M1150894-001,
SC17A42054,CABLE 2.0m 100G DAC QSFP,INGRASYS SINGAPORE PTE LTD,,M1069297-001,
SPU7A42048,PDU 30/32A 3U Power Splitter,INGRASYS SINGAPORE PTE LTD,,X946451-001,
SSS7B01861,SSD S MZ1L2960HCJR-00AMV 1T M.2 M1a,INGRASYS SINGAPORE PTE LTD,,M1159486-001,
SB27A67508,BDPLANAR OCS6100 Non-LES 1U L6 Asm C621,INGRASYS SINGAPORE PTE LTD,,M1112137-001,1A6205500-600
SC87A95367,CHASSIS C2080 1U Chassis Kit,INGRASYS SINGAPORE PTE LTD,,M1172998-001,
SC87B01855,CHASSIS OCS S2130 V2 Chassis Asm,INGRASYS SINGAPORE PTE LTD,,M1122489-003,
SB27A67509,BDPLANAR OCS6100 2U LES L6 Asm C621,INGRASYS SINGAPORE PTE LTD,,M1067745-002,
SSS7A75317,SSD HFS3T8GEEWX091N 3.84T E1.S M1,INGRASYS SINGAPORE PTE LTD,,M1173423-001,
SC87A50261,CHASSIS OCS C2030 Chassis Asm,INGRASYS SINGAPORE PTE LTD,,M1089824-002,
SC57A62938,CARDPOP PCIe Re-Timer Card,INGRASYS SINGAPORE PTE LTD,,M1104230-001,
SM37A91203,MEMORY HMAA4GR7CJR4N-XN 32G 1RX4 M1,INGRASYS SINGAPORE PTE LTD,,M1185094-001,
SHD7A74375,HDD ST18000NM019J 18T 3.5 M1,INGRASYS SINGAPORE PTE LTD,,M1161591-001,
SB27A74981,BDPLANAR J2010 JBOD L6 Asm,INGRASYS SINGAPORE PTE LTD,,M1074294-002,
SSS7A43101,SSD Sm PM1725B 6.4T AIC M1 A,INGRASYS SINGAPORE PTE LTD,,M1102221-001,
SB27A00838,ECAT_TLA Mg board for M1(Beast),INGRASYS SINGAPORE PTE LTD,,M1102207-001,
SM37A21412,MEMORY MTA36ASF2G72PZ-2G6F1 16G M1a,INGRASYS SINGAPORE PTE LTD,,M1107679-001,
SC87A50333,CHASSIS OCS S2130 V2 Chassis Asm,INTEL AMERICAS INC,,M1122489-002,
SM37A21409,MEMORY HMA84GR7JJR4N-VK 32G 2666 M1,King Slide Technology Co Ltd,,M1121908-001,
SM37A21410,MEMORY HMA84GR7JJR4N-VK 32G 2666 M1a,King Slide Technology Co Ltd,,M1121908-001,
SC57A57649,CARDPOP Arsenic 2x16 PCIe for M1,LC FUTURE CENTER LIMITED,,M1250826-001,
STA7B04063,ECAT_TLA C2030 V2 Non-LES L6 Asm I-TW,Lenovo Global Technology,,M1122759-001,
SSS7A75341,SSD HFS7T6GEEWX091N 7.68T E1.S M1,Lenovo Global Technology,,M1190036-001,
SC57A65532,CARDPOP SN750C G2 M.2 Riser Card,Lenovo Global Technology HK Limited,,M1083467-001,
SC87B01853,CHASSIS OCS C2030 V2 Chassis Asm,Lenovo Global Technology HK Limited,,M1122455-003,
SP57A44789,PWR_SUPPLY V3_750W_MSFT_ITIC,Lenovo Global Technology HK Limited,,M1102146-001,
SB27A84469,BDPLANAR C2010 L6 Asm w/ PCH627,LITE ON TECHNOLOGY CORPORATION,,M1157547-001,
SHD7A74272,HDD ST 3.5 7.2K SATA 16T HDD M1-A,LITE ON TECHNOLOGY CORPORATION,,M1128013-001,
SC17A48093,CABLE 165mm MB to PDB Cable,LITE ON TECHNOLOGY CORPORATION,,M1013205-001,
0000000YG833,CARDPOP MS Network Sw,LITE ON TECHNOLOGY CORPORATION,,X909530-001,
SM37A21465,MEMORY HMA82GR7JJR4N-VK 6G M1,LITE ON TECHNOLOGY CORPORATION,,M1128312-001,
SM37A21466,MEMORY HMA82GR7JJR4N-VK 16G M1a,LITE ON TECHNOLOGY CORPORATION,,M1128312-001,
SSS7A43368,SSD H HFS960GD0FEG-A430A M.2 M1-a,Maysteel Industries LLC,,M1116291-001,
SF17A97784,FAN System_4056,Mellanox Technologies Inc.,,M1202129-001,
SSA7A57356,SP Intel 8171M SKL 26C/2.6G/205W/35.75M,Mellanox Technologies Inc.,,M1076365-001,
SP27A92554,PAD TIM Pad AVA Card Top,Mellanox Technologies Inc.,,M1164187-001,
SC57A22913,CARDPOP M.2 Riser Card,MOLEX CONNECTOR CORP,,M1083467-001,
SC57A63079,CARDPOP 1U PCIe Riser GAUD,MOLEX CONNECTOR CORP,,M1039573-001,
SSS7A75339,SSD MZ1L23T8HBLA-00AMV 3.84T M1,MOLEX CONNECTOR CORP,,M1159488-001,
SM37A21375,MEMORY MTA36ASF4G72PZ-2G6E1 32G M1a,MOLEX CONNECTOR CORP,,M1093858-001,
SC17A61573,CABLE 420mm Fan Cable Assembly,Nan Juen International Co Ltd,,M1082261-001,
SC17A61081,CABLE 0.58m Mini SAS HD Cable,Nan Juen International Co Ltd,,M1103893-001,
SPU7A33128,PDU 48U Vertical PMDU,Nan Juen International Co Ltd,,M1033505-001,
SC17A73246,CABLE 1.5m 100G QSFP28 Breakout Cable,Nan Juen International Co Ltd,,M1069290-001,
SP27A92555,PAD TIM Pad AVA Card Bottom,Nan Juen International Co Ltd,,M1164188-001,
SC17A92560,CABLE 95mm WCS Data Cable,NIDEC AMERICA CORPORATION,,M1155028-001,
SSS7A92196,SSD S MZCL23T8HCLS-00AMV 4T E1.S M1,NVIDIA CORP,,M1161592-001,
SHD7B05976,HDD ST20000NM011D 20T SATA HDD M1,Power Systems Technologies Limited,,M1208850-001,
SSS7A75176,SSD S MZ1LB960HBJR-00AMV M.2 M1a,QUANTA COMPUTER INCORPORATED,,M1157644-001,
SC17A57451,CABLE 2m 100G QSFP28 Breakout Cable,QUANTA COMPUTER INCORPORATED,,M1069301-001,
SSA7A25870,SP SKL 8180M 28C/2.5G/205W/38.5M,QUANTA COMPUTER INCORPORATED,,M1093382-001,
SB27A33161,BDPLANAR MSFT Gen 6.1 L6 Assembly,QUANTA COMPUTER INCORPORATED,,M1067746-002,
SC87B01565,CHASSIS C2184-CHASSIS-NCT2,QUANTA COMPUTER INCORPORATED,,No MSPN,
SSS7A75294,SSD S MZ1LB3T8HALA-00AMV 3.84T M1a,QUANTA COMPUTER INCORPORATED,,M1157642-001,
SM27A33150,MECHANICAL 1U Airflow Blocker,QUANTA COMPUTER INCORPORATED,,M1010532-001,
SC17A61078,CABLE 0.39m Mini SAS HD Cable,QUANTA COMPUTER INCORPORATED,,M1089602-001,
SC17A48094,CABLE 100mm Power Cable-A,QUANTA COMPUTER INCORPORATED,,M1039691-001,
SC57A22914,CARDPOP 1U PCIe Riser,QUANTA COMPUTER INCORPORATED,,M1039573-001,RWHHW-H216 / DD0JBWHP413
SC57A68896,CARDPOP SN650C G2 C621 MB,QUANTA COMPUTER INCORPORATED,,M1126962-002,
SC57A94156,CARDPOP A2030 WCS LOW PROFILE,QUANTA COMPUTER INCORPORATED,,M1129703-001,
SF17A97782,FAN System_4056,QUANTA COMPUTER INCORPORATED,,M1186416-002,
SC87A94157,CHASSIS CHAS EM-L6 WCS S2180S,QUANTA COMPUTER INCORPORATED,,M1131270-003,
SM37A21328,MEMORY S M393AAK40B42-CWD 128G M1,QUANTA COMPUTER INCORPORATED,,M1093390-001,
SSS7A92193,SSD S MZ1L2960HCJR-00AMV 1T M.2 M1,QUANTA COMPUTER INCORPORATED,,M1159486-001,
SL27A16987,LATCH Ruler Drive Latch,QUANTA COMPUTER INCORPORATED,,M1086238-002,
SB27A67507,BDPLANAR OCS6100 LES 1U L6 Asm C621,QUANTA COMPUTER INCORPORATED,,M1067746-002,
SSA7A83734,SP CLX 8249C 26C/2.10G/150W/35.75M M1,QUANTA COMPUTER INCORPORATED,,M1116393-001,
SP57A90408,PWR_SUPPLY P2011 PSU-EVT,QUANTA COMPUTER INCORPORATED,,No MSPN,
SH47A82151,HEATSINK HTSINK AVA CARD M.2 135X22X6MM,QUANTA COMPUTER INCORPORATED,,M1091965-001,
SH47A33157,HEATSINK C2010 Heatsink,QUANTA COMPUTER INCORPORATED,,M1021855-001,
SC57A68193,CARDPOP Nicholas Peak FPGA Card,QUANTA COMPUTER INCORPORATED,,M1040125-003,
SC17A69588,CABLE MB Power and Signal Cable,QUANTA COMPUTER INCORPORATED,,M1200987-001,
0000001KM759,PWR_SUPPLY MSFT Universal PDU,QUANTA COMPUTER INCORPORATED,,M1033538-001,
SC57A63078,CARDPOP M.2 Riser Card,QUANTA COMPUTER INCORPORATED,,M1083467-001,
SC87A94166,CHASSIS CHAS EM-L6 WDS S2180E,QUANTA COMPUTER INCORPORATED,,M1154882-002,
SC17A57877,CABLE 1.5m Power Relay Cable,QUANTA COMPUTER INCORPORATED,,M1082092-001,
SC17A92553,CABLE Celestial Peak USB Cable,QUANTA COMPUTER INCORPORATED,,M1159553-001,
SSA7A25363,SP SKL 8160 24C/2.1G/150W/33M,QUANTA COMPUTER INCORPORATED,,M1093384-001,RWHHW-H218
SM37B00847,MEMORY M MTC40F2046S1RC48BAT 64G CSP,QUANTA COMPUTER INCORPORATED,,No MSPN,RWHHW-H217
SM37B07074,MEMORY S M321R4GA0BB0-CQK 32G 1RX4 M1a,QUANTA COMPUTER INCORPORATED,,M1215509-001,
SP57A33158,PWR_SUPPLY Flextronics 1020W PSU,QUANTA COMPUTER INCORPORATED,,M1042985-002,
SH47A97790,HEATSINK CPU_RHS,QUANTA COMPUTER INCORPORATED,,No MSPN,
STA7A86517,ECAT_TLA C2030 V2-I LES L6 w/ Cerebrus,RITTAL CORPORATION ,,M1149933-002,
SM27A33149,MECHANICAL OCS Server Track,RITTAL CORPORATION ,,M1039232-001,
SM37A21416,MEMORY S M386AAG40MMB-CVF 128G M1,RITTAL CORPORATION ,,M1125238-001,
0000001DE121,TRANSCVR 40GbE to 10GbE,SEAGATE TECHNOLOGY LLC,,X909526-001,
SC17A97104,CABLE 100mm Power Cable-M,SEAGATE TECHNOLOGY LLC,,M1039691-001,
SC57A75090,CARDPOP Ing OCS7100 L6 MB,SEAGATE TECHNOLOGY LLC,,M1089834-001,
SC17A61591,CABLE 495mm S2130 Power Cable,SIT Funding Corp,,M1082269-001,
SC57A82148,CARDPOP AVA Card + Mech,SIT Funding Corp.,,M1065151-001,
SHD7A74406,HDD Tos MG09ACP18TA 18T 3.5 M1,SIT Funding Corp.,,M1187148-001,
SC57A41598,CARDPOP Oculink Riser,TOSHIBA AMERICA INFORMATION SYSTEMS,,No MSPN,
SM37A47292,MEMORY S M393A4K40CB2-CTD 32G 26R M1,TYCO ELECTRONICS CORP,,M1068434-001,
SC17A61587,CABLE 260mm Power/Signal Cable,TYCO ELECTRONICS CORP,,M1082266-001,
SC57A42062,CARDPOP AVA Card w/ Heatsink,TYCO ELECTRONICS CORP,,M1102261-001,
SC57A33165,CARDPOP C2010 M.2 Riser Card Assembly,USI GUAD,,M1039575-001,
SH47A94158,HEATSINK HTSINK MASSY REMOTE SNGL SCKT,USI GUAD,,M1131274-001,
SM37A21424,MEMORY HMA84GR7CJR4N-WMT 32G M1,USI GUAD,,M1103679-001,
SF17A95368,FAN C2080 40x56 12V Fan Asm,USI GUAD,,M1174441-003,
SM27A48091,MECHANICAL 0.66 in Nylon Standoff,VERITIV CORPORATION,,M1030301-001,
SP27A44306,PAD PM983 Top Thermal Pad,VERITIV CORPORATION,,M1091970-001,
SSS7A75319,SSD WUS4AB0A1D9ELE7 15.36T E1.L M1,VERITIV CORPORATION,,M1173426-001,
SC17A57448,CABLE 2m 1x100G to 2x50G DAC,VERITIV CORPORATION,,M1069203-001,
SHD7A74315,HDD WUH721414ALN600 14T IPDC M1a,VERITIV CORPORATION,,M1123459-001,
SC87A50366,CHASSIS C2184-CHASSIS,VERITIV CORPORATION,,M1183146-002,CSN-S02A8-03000-6PS15B-S
SHD7A74420,HDD ST18000NM018J 18T 3.5 SED M1,VERITIV CORPORATION,,M1161590-001,
SM27A93018,MECHANICAL C2184_E1S_Latch_Ingrasys,WESTERN DIGITAL TECHNOLOGIES INC,,M1152277-003,
SC17A57449,CABLE 1m 100G QSFP28 Breakout Cable-M,WESTERN DIGITAL TECHNOLOGIES INC,,M1113205-001,
SB27A75094,BDPLANAR Ing OCS7100 1U Non-LES L6 Asm,WESTERN DIGITAL TECHNOLOGIES INC,,M1113377-001,
SL17A04117,LABEL Asset label for HS,WESTERN DIGITAL TECHNOLOGIES INC,,M1125585-001,
SC17A57447,CABLE 1m 1x100G to 2x50G DAC,WESTERN DIGITAL TECHNOLOGIES INC,,M1074255-001,
SP27A44307,PAD PM983 Bottom Thermal Pad,WESTERN DIGITAL TECHNOLOGIES INC,,M1091972-001,
SC57B04453,CARDPOP C2080 1U FPGA Riser Card W-TW,WESTERN DIGITAL TECHNOLOGIES INC,,M1126123-001,
SSA7A82139,SP CLX 8280L 28C/2.7G/205W/38.5M M1,WESTERN DIGITAL TECHNOLOGIES INC,,M1152262-001,
SM37A91210,MEMORY HMAA8GR7AJR4N-WM 64G M1aHM,WESTERN DIGITAL TECHNOLOGIES INC,,M1137377-001,
SM37A68884,MEMORY MTA36ASF8G72PZ-3G2B2 64G M1,Wiwynn International Corporation,,M1143861-001,
SC57A33162,CARDPOP MSFT Gen 6.0 L6 Motherboard,Wiwynn International Corporation,,M1066327-002,
SM37A21345,MEMORY HMA82GR7AFR4N-VK 16G M1a,Wiwynn International Corporation,,M1090780-001,
SSA7A75396,SP E5-2673V4 20C/2.3G/135W/50M M1,Wiwynn International Corporation,,X947990-001,
SC17A61586,CABLE 140mm S2130 Fan Cable,Wiwynn International Corporation,,M1082268-001,
SSS7A75242,SSD S MZ1LB1T9HBLS-00AMV 1.92T M1a,Wiwynn International Corporation,,M1157641-001,
0000001DE000,MECHANICAL Rack Blanking,Wiwynn International Corporation,,X904009-001,
SM17A57435,MECH_ASM 3.5 SATA HDD Tray,Wiwynn International Corporation,,M1073659-001,
SC57B04451,CARDPOP C2080 1U Riser Card W-TW,Wiwynn International Corporation,,M1126119-001,
STA7A87936,ECAT_TLA S2130 V2 Non-LES L6 Asm - I,Wiwynn International Corporation,,M1122488-001,
SM37A21474,MEMORY HMA84GR7CJR4N-XN 32G M1a,Wiwynn International Corporation,,M1112141-001,
SC57A22919,CARDPOP 2U Thermal board,Wiwynn International Corporation,,M1039583-001,
SB47A54953,BRACKET OCS Toolless HDD Bracket-I,Wiwynn International Corporation,,M1100345-001,
SCB7A48101,COVER PCIe Slot Insulator,Wiwynn International Corporation,,M1066711-001,
SC17A67101,CABLE 485mm Fan Cable,Wiwynn International Corporation,,M1099754-001,
0000000D1819,LABEL Power P2P Lbl,Wiwynn International Corporation,,No MSPN,
SM27A95484,MECHANICAL Half-Wide PCIe Card Clip,World Wide TechnologyInc,,M1113237-001,
SC17A33138,CABLE 48.25in RJ45 Management Cable,World Wide TechnologyInc,,M1019946-004,
SC17A33140,CABLE 36.25in RJ45 Management Cable,World Wide TechnologyInc,,M1019946-006,
SB27A62751,BDPLANAR SN650C Non-LES 1U L6 Assembly,World Wide TechnologyInc,,M1112137-001,
0000012J5289,SCREW M6 HEX HEAD,World Wide TechnologyInc,,No MSPN,
SM27A33426,MECHANICAL CAT6 Snap-In Coupler,World Wide TechnologyInc,,M1032032-001,
SM37A21406,MEMORY HMA84GR7AFR4N-VK 32G M1a,World Wide TechnologyInc,,M1039031-001,
SC57A65531,CARDPOP OCS C2030 MB w/ Mech,World Wide TechnologyInc,,M1089834-001,
SM37A91270,MEMORY HMABAGL7ABR4N-WM 128G M1aHM,World Wide TechnologyInc,,M1157636-001,
SC57A64828,CARDPOP 1U Riser Card,World Wide TechnologyInc,,M1039573-001,
SC17A33133,CABLE 12ft Management Cable,World Wide TechnologyInc,,M1019946-011,
SSA7A75397,SP Skylake 8168 24C/2.7G/205W/33M,World Wide TechnologyInc,,M1077503-001,
SC17A61590,CABLE 600mm S2130 HDD 8-11 Cable,World Wide TechnologyInc,,M1082272-001,
SC17A33141,CABLE 24.75in RJ45 Management Cable,World Wide TechnologyInc,,M1019946-007,
SHD7A53299,HDD ST12000NM0538 SATA 12T-M1-a,World Wide TechnologyInc,,M1099776-001,
SC17A61589,CABLE 560mm S2130 4-7 HDD Cable,World Wide TechnologyInc,,M1082271-001,
SSA7B00938,SP AMD MILAN 7643 48C/225W/2.3G/256M M1,World Wide TechnologyInc,,M1193185-001,
STA7A86516,ECAT_TLA C2030 V2-W LES L6 w/ Cerebrus,World Wide TechnologyInc,,M1149933-002,
SC57A22915,CARDPOP 2U Thermal board,World Wide TechnologyInc,,M1039583-001,
SN37A28504,NETWRK_CRD BRCM HBA for xStore,World Wide TechnologyInc,,M1042307-001,
SC17A61588,CABLE 530mm S2130 0-3 HDD Cable,World Wide TechnologyInc,,M1117899-001,
SM27A90267,MECHANICAL E1S_DUMMY_BADY_CP01,World Wide TechnologyInc,,M1186417-001,
SC17A61585,CABLE 150mm Temp Sensor Cable,World Wide TechnologyInc,,M1082273-001,
SSA7A25365,SP SKL 8168 24C/2.7G/205W/33M,World Wide TechnologyInc,,M1077503-001,
SC17A61822,CABLE Fan cable for daul rotator,World Wide TechnologyInc,,No MSPN,
STA7A90425,ECAT_TLA Celestial FPGA Card-EVT,ZhongYeDa Beijing Intelligent,,M1096519-001,
SC17A33139,CABLE 36.75in RJ45 Management Cable,ZhongYeDa Beijing Intelligent,,M1019946-005,
SM37A91215,MEMORY MTA36ASF4G72PZ-3G2J3 32G M1a,ZhongYeDa Beijing Intelligent,,M1176882-001,
SM27A78133,MECHANICAL TE 1-2351052-5,ZhongYeDa Beijing Intelligent,,M1179576-001,
SC17A57450,CABLE 1.5m 100G QSFP28 Breakout Cable,ZT GROUP INTL INC,,M1069290-001,
SSS7A43279,SSD M 2.5 SATA 960G SSD -IPDC-M-A,ZT GROUP INTL INC,,M1093151-001,
0000001KT993,SWITCH Arista 7260Q TOR Switch,ZT GROUP INTL INC,,M1074752-001,
SM17A55955,MECH_ASM OCS6100 42U HBI Rack Asm,ZT GROUP INTL INC,,M1034650-002,
SM37A91209,MEMORY HMA82GR7CJR4N-VK 16G M1aHM,ZT GROUP INTL INC,,M1098844-001,
SSS7A43249,SSD PM983 1.92T N-M.2 SSD-IPDC-M-A,ZT GROUP INTL INC,,M1077134-001,
SC17A33137,CABLE 48.75in RJ45 Management Cable,ZT GROUP INTL INC,,M1019946-003,
SSG7A41686,SWITCH Citrix MPX 8600 Load Balancer,ZT GROUP INTL INC,,X910471-001,
SSS7A36882,SSD Sam PM983 960G M.2 NVMe SSD,,,M1077133-001,
SM37A91266,MEMORY S M393A8G40MB2-CVF 64G M1aHM,,,M1125284-001,
0000001DE141,MECHANICAL Standoff FPGA Mezz Card,,,X901499-001,
SC17A48095,CABLE 500mm SATA Y Cable,,,M1067458-001,
0000001DE132,SCREW Screw M.2 SSD Mounting,World Wide TechnologyInc,,X907911-001,
SB27A64823,BDPLANAR OCS6100 1U LES L6 Asm C627W,VERITIV CORPORATION,,M1067746-002,
SC57A41949,CARDPOP Longs Peak FPGA,QUANTA COMPUTER INCORPORATED,,M1037380-006,
SM37A21343,MEMORY HMAA8GL7AMR4N-VK 64G M1a,ASIA VITAL COMPONENTS CO LTD,,M1090269-001,
0000001KM810,LATCH Mini-PDU Strain Relief,SIT Funding Corp,,M1107282-001,
SB47A48096,BRACKET 1U HDD Wall Bracket,Moderntech computer andPeripheral L,,M1013153-001,WMPFSE
SSS7A37064,SSD Hynix SE3010 960GB 2.5 SSD,Celestica LLC,,M1035865-001,
0000001KT997,LATCH C14 Retention Sleeve,Celestica LLC,,M1107283-001,
SSS7A39338,SSD S PM1725B 6.4T NVMe AIC -IPDC,Amphenol Assembletech,,M1102221-001,
SSS7A36883,SSD Sam PM883 960G 2.5 SATA6G SSD,Wiwynn International Corporation,,M1093853-001,
SSS7A96616,SSD H HFS960GDE0X098N 960G M.2 M1,WESTERN DIGITAL TECHNOLOGIES INC,,M1204900-001,
SB27A57452,BDPLANAR MSFT Gen 6.x 2U Planar,TE Connectivity HK Limitid,,M1067745-002,
SS17A48098,SCREW M3 x 4mm Flat Torx,Kingston Technology Co. Inc.,,M1068469-001,
SSS7A75177,SSD HFS15T3DGLX070N E1.L 15.36T M1,INTEL AMERICAS INC,,M1165654-001,
SC17A33136,CABLE 200mm RJ45 Splitter Cable,INTEL AMERICAS INC,,M1015345-001,
SC17A92549,CABLE 160mm Power CPU to Riser-A,"COOLER MASTER CO., LTD.",,M1140330-001,PC-06690-06-GP2
0000001GV359,LABEL MSFT Asset Tag Label,World Wide TechnologyInc,,No MSPN,
SS17A48099,SCREW M3 x 5mm Pan Torx,ASIA VITAL COMPONENTS CO LTD,,M1068471-001,
SB27A56870,ECAT_TLA Mg board for M1 w insulator,ASIA VITAL COMPONENTS CO LTD,,M1102207-001,
0000001KM811,LINECORD UPDU Whip 15ft IEC60309,King Slide Technology Co Ltd,,M1036623-001,
SSS7A75153,SSD HFS1T9GD0FEI-A430A 1.92T M.2 M1a,King Slide Technology Co Ltd,,M1143857-001,
SSS7A75152,SSD HFS1T9GD0FEI-A430A 1.92T M.2 M1,DET Logistics USA Corporation,,M1143857-001,
SSS7A43363,SSD S MZ1LB1T9HALS-00AMV M1-Kr-A,DELTA ELECTRONICS THAILAND PUBLIC,,M1077134-002,
SSS7A92194,SSD S MZ1L21T9HCLS-00AMV 2T M.2 M1,SEAGATE TECHNOLOGY LLC,,M1159487-001,
SS17A67102,SCREW M3.5 Flat Torx T10 5mm,SEAGATE TECHNOLOGY LLC,,M1091391-001,
SM27A57436,MECHANICAL HDD Rubber Damper,ASIA VITAL COMPONENTS CO LTD,,M1073661-001,
0000001PG366,LINECORD 1.0M 10A C13-C14 Line Cord,DELTA ELECTRONICS THAILAND PUBLIC,,No MSPN,
0000001PG368,LINECORD 1.7M 10A C13-C14 Line Cord,DET Logistics USA Corporation,,M1270211-001,
SM37A21420,MEMORY S M393A8G40MB2-CVF 64G M1,King Slide Technology Co Ltd,,M1125284-001,
SC57B02153,CARDPOP PCBA+MECH OCP MEZZ PCIE,WESTERN DIGITAL TECHNOLOGIES INC,,M1131310-002,
SC17A61581,CABLE C2030 700mm HDD Cable-A,ASIA VITAL COMPONENTS CO LTD,,M1117898-001,
0000039M5374,LINECORD Cord - 1M,Lenovo Tecnologia (Brasil) Ltda,,No MSPN,
SM27A94219,MECHANICAL C2184_E1S_Latch_ST,VERTIV CORPORATION,,M1152277-003,CSN-S02A8-03000-3TL6A-S
SSS7A96617,SSD H HFS1T9GDE0X098N 1.92T M.2 M1,VERTIV CORPORATION,,M1204901-001,
SB47A48097,BRACKET 2.5 SATA HDD Bracket,Lenovo Tecnologia (Brasil) Ltda,,M1032431-001,
0000001PG367,LINECORD 1.3M 10A C13-C14 Line Cord,Lenovo Tecnologia (Brasil) Ltda,,M1270025-001,
SC57A96524,CARDPOP PCBA+MECH RISER CARD WITH CAGE ,Lenovo Tecnologia (Brasil) Ltda,,M1131312-002,
SL17A37933,LABEL ASSET TAG Ribbon,SEAGATE TECHNOLOGY LLC,,No MSPN,
0000001PG369,LINECORD 2.0M 10A C13-C14 Line Cord,INGRASYS SINGAPORE PTE LTD,,M1270024-001,
SHD7A74401,HDD WUH721818ALN6L6 18T 3.5 M1,"Arista Networks, Inc.",,M1156354-001,
SM17A33146,MECH_ASM PMDU Gen 6 V2 Rack Manager,ASIA VITAL COMPONENTS CO LTD,,M1041319-001,231-009128-01B
0000001GV365,LABEL BOM Tag Label,QUANTA COMPUTER INCORPORATED,,No MSPN,
SL17A87937,LABEL C2030/S2130 V2 Agency Label,ASIA VITAL COMPONENTS CO LTD,,M1118013-002,
0000001PG371,LINECORD 2.5M 10A C13-C14 Line Cord,ASIA VITAL COMPONENTS CO LTD,,No MSPN,
SM27A33148,MECHANICAL Washer M3 5x9,QUANTA COMPUTER INCORPORATED,,M1013202-001,
0000001DE012,MECHANICAL Rack Brush Pnl,Amphenol Assembletech,,X900403-001,
SC17A53371,CABLE 1524mm RJ45 Management Cable,ASIA VITAL COMPONENTS CO LTD,,M1019946-002,
SHD7A53295,HDD WD 12T 3.5 SATA HDD-IPDC-M,ASIA VITAL COMPONENTS CO LTD,,M1081925-001,
SC17A94162,CABLE CBL EMASSY MINI SAS,,,M1131307-001,
SHD7A53298,HDD ST12000NM0538 SATA 12T-M1,,,M1099776-001,
SC17A67971,CABLE CP UART&USB Cable,,,M1183376-001,
SC17A42064,CABLE FPGA USB Cable,,,M1157699-001,
SC17A58333,CABLE 1.5m Power Relay Cable (India),,,M1075499-001,
SC17A98754,CABLE Fornt E1.S Intrusion Switch Cable,,,M1210173-001,
0000001DE001,MECHANICAL Rack Panel,,,X925144-001,
SC17A67970,CABLE CP Power Cable,,,M1183375-001,
SL17A97214,LABEL C2030 V2 Agency Label - HGY,,,No MSPN,
SS17A65613,SCREW #6-32 x 10mm Flat Torx T10,,,M1091401-001,
SCA7A48100,CONNECTOR SAS Bracket,,,M1013177-001,
STC7A41685,TRANSCVR 10GbE SFP Module-AOI,,,M1014502-001,
SL17B02999,LABEL C2080 Agency Label - Ullo,,,No MSPN,
SS17A57612,SCREW Chassis Active Tray,,,No MSPN,
SC17A48092,CABLE 580mm Fan Cable,,,M1039692-001,
SHD7A74415,HDD ST6000NM037A 6T 3.5 HDD M1,,,M1128319-001,
SB27A88024,BDPLANAR MR630X V3 EVT MB,,,No MSPN,
SC57A85102,CARDPOP J2010 JBOD HDD Board,,,M1023839-002,
SM17A33145,MECH_ASM PMDU AC-DC Module,,,M1033508-001,
SL17A48969,LABEL SN650C Blank MSPN/SN Label,,,M1030898-001,
SM37A21350,MEMORY HMA82GR7CJR4N-VK 16G M1,,,M1098844-001,
SM37A68767,MEMORY MTA18ASF4G72PZ-3G2E1 32G M1,,,M1152909-001,
0000001DE138,SCREW Screw M5 x 4.3mm Philips,,,No MSPN,
SC17A62739,CABLE Longs Peak Internal USB Cable,,,M1006743-001,
SC17A57638,CABLE 2.25ft RJ45 Management Cable,,,M1019946-008,
SC17A95370,CABLE 390mm MB to Fan Cable-A,,,M1144937-001,
SM37A91264,MEMORY HMAA8GL7CPR4N-WM 64G M1aHM,,,M1103682-001,
SC17A61821,CABLE Fan cable for single rotator,,,No MSPN,
SM37A91262,MEMORY HMAA4GR7AJR4N-WM 32G M1aHM,,,M1146491-001,
SC17A41951,CABLE Longs Peak to Occulink,,,M1069000-001,
0000001DE150,LABEL Label Server 1650 Rack 415V,,,X905221-001,
SM37A91208,MEMORY HMA82GR7JJR4N-VK 16G M1aHM,,,M1128312-001,
0000000YG810,PWR_SUPPLY 1600W PS1600H,,,X900301-001,
SF17A33160,FAN 200mm PS4028BX Fan,,,M1042159-001,
SB47A54944,BRACKET OCS Toolless HDD Bracket,,,M1100345-001,
SM37A92191,MEMORY M MTC40F2046S1RC48BAX 64G M1,,,No MSPN,
SSS7A23259,SSD Lon EPX-KW960 960GB M.2 M1-A,,,M1081006-001,
SF17A97783,FAN System_4028,,,M1186415-002,
0000001PG420,CARDPOP L6 Asm C1040Q Compute Blade,,,No MSPN,
SL17A48971,LABEL OCS6100 Rack Blank MSPN/SN Label,,,No MSPN,
SL27A94159,LATCH MASSY LATCH EDSFF 9.5 MM,,,M1131287-003,
SL17A87439,LABEL C2030 V2 Agency Label - Flex,,,No MSPN,
SM37A91206,MEMORY MTA18ASF2G72PZ-2G9E1 16G M1aHM,,,M1120781-001,
SB27B04245,BDPLANAR C2030/S2130 MB w/ CSR W-TW,,,M1089834-002,
0000000YG786,CARDPOP MX CX3 1PT 40G,,,No MSPN,
0000001KM921,MECH_ASM Geist Switch Air SA1-02003L,,,No MSPN,
SHD7A74282,HDD T 12T 3.5 SATA HDD M1-A,,,M1111151-001,
SM27A73663,MECHANICAL Mylar Fan Cable Shield,,,M1125434-001,
SC17A57443,CABLE 390mm HDD 0/1 SATA Cable,,,M1041953-001,
SSD7A20722,SSD_ASM Samsung PM963,,,M1016777-001,
0000001DE008,CARDPOP FPGA Mezz,,,No MSPN,
0000001KT783,CARDPOP Chassis Tray Midplane w/ Fuse,,,No MSPN,
0000001PG200,MEMORY 2Rx4 32GB 8Gbit 2400MHz RDiMM,,,M1073450-001,
SC17A98753,CABLE Fan cable for single rotator,,,M1213925-001,
SM37A91207,MEMORY HMA82GR7DJR4N-WM 16G M1aHM,,,M1142880-001,
0000001DE025,PWR_SUPPLY MS 30A 230V,,,No MSPN,
0000001KM929,CABLE 2.0m 40GbE 30AWG QSFP+,,,No MSPN,
SC57A85616,CARDPOP C2184 EVT2 A3 SCM,,,No MSPN,
SA27A44903,AIRDUCT PSU Baffle,,,M1072682-001,
SC17A67969,CABLE Fornt E1.S Intrusion Switch Cable,,,No MSPN,
0000001DE135,SCREW SCREW PHILIPS 6-32 0.5 IN,,,X882371-001,
SL17A87868,LABEL S2130 V2 Agency Label - Flex,,,No MSPN,
SC17A57444,CABLE 445mm HDD 2/3 SATA Cable,,,M1041954-001,
0000001PG374,CARDPOP M.2 Riser Card Asm,,,No MSPN,
0000001DE039,CARDPOP Power Distr,,,No MSPN,
SM37A47293,MEMORY H 2Rx4 32GB 2400MHz RDIMM,,,M1015146-001,
0000001DE154,MECHANICAL Nut Mini-PDU Mounting,,,X882374-001,
SCB7A94165,COVER BLOCK FILLER EDSFF 15 MM S2180E,,,M1152283-002,
0000001KM927,CABLE 0.75m 40GbE 30AWG QSFP+,,,No MSPN,
0000000YG808,MECHANICAL E1020 12U Fan,,,No MSPN,
SC17A57440,CABLE 560mm Fan Cable,,,M1041955-001,
0000001KM928,CABLE 1.0m 40GbE 30AWG QSFP+,,,No MSPN,
0000001DE158,ELEC_COMP Insulator Top Cover,,,No MSPN,
SS17A94160,SCREW SCREW MACH BUTTON TORX M2.5x4mm,,,M1131291-001,
0000001DE157,ELEC_COMP Insulator Air Shield,,,No MSPN,
SM37A68615,MEMORY HMA82GR7DJR4N-WM 16G M1,,,M1142880-001,
0000001DE133,SCREW Screw PDB Mounting,,,No MSPN,
SS17A65596,SCREW Screw M2.5 x 4.0mm Flat Torx,,,M1086251-001,
0000001DE129,SCREW Screw SSD Mounting,,,X948432-001,
SCB7A94161,COVER FILLER IO BLANK PCIE,,,M1143551-001,
0000001DE038,BRACKET T6M SSD Bracket 3-Layer,,,No MSPN,
0000001DE151,LABEL Label Earth Ground Warning,,,X889586-004,
SC17A33134,CABLE 16ft Management Cable,,,M1019946-012,
0000000YG826,PWR_SUPPLY Mini PDU,,,No MSPN,
SC17A57446,CABLE 95mm 4-Pin TSB Cable,,,M1018759-001,
0000000YG783,HEATSINK C1030Q CPU 0,,,No MSPN,
SC57A57453,CARDPOP 2U Thermal Sensor Board,,,M1039583-001,
SC17A57445,CABLE 710mm 4-Pin TSB Cable,,,M1018758-001,
0000001DE153,SCREW Screw Mini-PDU Mounting,,,No MSPN,
0000001DE134,SCREW Screw Air Duct Bracket Mtg,,,No MSPN,
0000001DE044,MECHANICAL Side Beam,,,No MSPN,
SM37A92190,MEMORY M MTC20F1045S1RC48BAX 32G M1,,,No MSPN,
SM37A68707,MEMORY S M393A2K40DB2-CVF 16G M1,,,M1150893-001,
SSS7A43358,SSD PM963 960G M.2 NVMe SSD M1,,,M1110501-001,
SM37A91281,MEMORY MTA36ASF4G72PZ-3G2R1 32G M1,,,M1194278-001,
SM37B06002,MEMORY Sam M393A4K40EB3-CWE 32G M1,,,M1193831-001,
SM37B06564,MEMORY MTA36ASF8G72PZ-3G2E1 64G M1,,,M1158491-001,
SSS7B10595,SSD S MZELB15THMLA-000MV 15T E1.L M1,,,M1145311-001,
SM37A68878,MEMORY HMA82GR7DJR4N-XN 16G M1,,,M1171185-001,
SM37A68703,MEMORY MTA18ASF4G72PZ-2G9E1 32G M1,,,M1149672-001,
SM37A68880,MEMORY HMA84GR7DJR4N-XN 32G M1,,,M1171184-001,
SHD7B05992,HDD WUH722020AL4207 20T SAS HDD M1,,,M1218161-001,
SHD7B05994,HDD WUH722020ALN607 20T SATA HDD M1,,,M1218160-001,
SM37A91260,MEMORY MTA18ASF4G72PZ-3G2E1 32G M1aHM,,,M1152909-001,
SM37B07917,MEMORY S M393A2K40EB3-CWE 16G 1RX4 M1,,,M1193832-001,
SM37B04163,MEMORY HMAA8GR7CJR4N-XN 64G 2Rx4 M1a,,,M1194241-001,
STA7A43966,ECAT_TLA C2184 DVT SCM assembly,,,No MSPN,
STA7A43995,ECAT_TLA C2184 DVT3 SCM,,,M1180245-905,
SC57A94474,CARDPOP C2184 EVT GP Riser,,,No MSPN,
SB27A88163,BDPLANAR C2184 DVT2 MB BOM A,,,No MSPN,
SB27A88203,BDPLANAR C2184 DVT MB BOM B,,,No MSPN,
SB27A42914,BDPLANAR SR650 MLK MB for MSFT,,,M1128114-001,
STA7B03381,ECAT_TLA C2010 1U LES L6 Asm I-A,,,M1067746-002,
SB27B05999,BDPLANAR MSFT SR650 MLK MB FOR M1 20D,,,M1128114-001,
SB27A88204,BDPLANAR C2184 DVT MB BOM C,,,No MSPN,
SB27A88205,BDPLANAR C2184 DVT MB BOM D,,,No MSPN,
SC57A85628,CARDPOP C2184 DVT Riser1 BOM B,,,No MSPN,
SC57A85629,CARDPOP C2184 DVT Riser2 BOM B,,,No MSPN,
SC57A91422,CARDPOP MR630X V3 DVT Riser1,,,M1182878-902,
SC57A91423,CARDPOP MR630X V3 DVT Riser2,,,M1182880-904,
STA7A43990,ECAT_TLA C2184 DVT SCM BOM B assembly,,,No MSPN,
SF17A97818,FAN C2080 40x56 12V Fan Asm-AVC,,,M1174441-003,
SM17A65424,MECH_ASM 1067mm Slide Kit,,,M1139136-001,
SPU7A41903,PDU APC AP8981 16A Vertical,,,X939956-001,
SC87B04224,CHASSIS C2030 V2 Chassis Asm I-MX,,,M1122455-003,
SP57B02161,PWR_SUPPLY Ingrasys PTB Board,,,No MSPN,
SB27A42844,BDPLANAR SR650 Planar w/ MSFT beast 6.0,,,M1102202-001,
SB27B05998,BDPLANAR MSFT SR650 MB for M1 20D,,,M1102202-001,
01KM847,CARDPOP MSFT Gen 6.0 L6 Motherboard,,,No MSPN,
SM17A64700,MECH_ASM MSFT 48U Rear Door Kit,,,X902021-001,
SHD7B03474,HDD WUH721818AL4206 18T SED HDD M1a,,,M1143307-001,
SM37B23579,MEMORY S M321R8GA0BB0-CQK 64G 2Rx4 M1a,,,M1205936-001,
SSS7B21367,SSD WUS4AB0A1DAELE7 15.36T E1.L M1a,,,M1154387-001,
SSS7B23722,SSD HFS960GDC0X139N 960G M.2 SSD M1a,,,M1143858-002,
SSS7A75241,SSD S MZ1LB1T9HBLS-00AMV 1.92T M1,,,M1157641-001,
SHD7A74310,HDD MG08SCA16TA 16T 3.5 SAS M1a,,,M1157067-001,
SSS7A75178,SSD HFS15T3DGLX070N E1.L 15.36 M1a,,,M1165654-001,
SHD7A74376,HDD ST18000NM019J 18T 3.5 M1a,,,M1161591-001,
SHD7A74402,HDD WUH721818ALN6L6 18T 3.5 M1a,,,M1156354-001,
SSS7A75320,SSD WUS4AB0A1D9ELE8 15.36 E1.L M1a,,,M1173426-001,
SHD7A74419,HDD To MG09SCP18TA-new 18T 3.5 M1a,,,M1183203-001,
SSS7A75340,SSD MZ1L23T8HBLA-00AMV 3.84T M1a,,,M1159488-001,
SSS7B01848,SSD H HFS1T9GDE0X098N 1.92T M.2 M1a,,,M1204901-001,
SM37B06565,MEMORY MTA36ASF8G72PZ-3G2E1 64G M1a,,,M1158491-001,
SN37B21083,NETWRK_CRD MCX515A-CCAT_C11 100G 1P M1a,,,M1146245-001,
SM37B00793,MEMORY S M321RAGA0B20-CWK 128 4Rx4 M1,,,No MSPN,
SHD7B10434,HDD ST18000NM0292 18T 3.5 HDD M1,,,M1242702-001,
SA27A42047,AIRDUCT Geist SA1-01002XL 1U Switch Air,,,M1093445-001,
SA77A00005,"ASM Assm, Chassis TLA W/O 25K FAN",,,M1102562-002,
SB47A76905,"BRACKET PMDU Alignment, Slide",,,M1126954-001,
SC17A61584,CABLE 1380mm Temp Sensor Cable,,,M1082274-001,
SC17B01172,CABLE FPGA USB Cable,,,M1236972-001,
SC17A61123,CABLE 1.0m 100G DAC QSFP-M,,,M1113201-001,
SC17B06963,CABLE 50mm MB to PSU PWR Cable-T,,,M1173646-001,
SC17B07491,CABLE 420mm Fan Cable Assembly-ICT,,,M1082261-001,
SC17B07492,CABLE 260mm Power/Signal Cable-ICT,,,M1082266-001,
SC17B07493,CABLE 140mm S2130 Fan Cable-ICT,,,M1082268-001,
SC17B07495,CABLE 495mm S2130 Power Cable-ICT,,,M1082269-001,
SC17B07496,CABLE 530mm S2130 0-3 HDD Cable-ICT,,,M1117899-001,
SC57A62810,CARDPOP Oculink Riser,,,M1094223-001,
SC57B04452,CARDPOP C2080 1U Riser Card I-MX,,,M1126119-001,
SC57B04454,CARDPOP C2080 1U FPGA Riser Card I-MX,,,M1126123-001,
SC87A94168,CHASSIS CHAS EM-L6 WDS S2180E W BKPLANE,,,M1163413-002,
SH47B04359,HEATSINK C2080 CPU Heatsink-D,,,M1140201-001,
SH47B07280,"HEATSINK HTSINK MASSY,REMOTE,SNGL SCKT",,,M1131274-001,
SHD7A74334,HDD WD WUH721816ALN6L6 16T 3.5 M1a,,,M1158600-001,
SHD7A74407,HDD Tos MG09ACP18TA 18T 3.5 M1a,,,M1187148-001,
SHD7A74416,HDD ST6000NM037A 6T 3.5 HDD M1a,,,M1128319-001,
SHD7A74421,HDD ST18000NM018J 18T 3.5 SED M1a,,,M1161590-001,
SM17A65407,MECH_ASM OCS Server Track,,,M1115751-001,
SM17A87432,MECH_ASM 750mm SGC400 Slide Kit Asm,,,M1144484-001,
SM27A87431,MECHANICAL EIA Blocker Insert-AVC,,,M1128367-001,
SM27A94167,MECHANICAL RAIL SLIDE 1U FRICTION FULL,,,M1158480-001,
SM37A21477,MEMORY HMAA8GR7AJR4N-XN 64G M1,,,M1143925-001,
SM37A21478,MEMORY HMAA8GR7AJR4N-XN 64G M1a,,,M1143925-001,
SM37A68790,MEMORY MTA72ASS8G72LZ-2G9J2 64G M1a,,,M1157639-001,
SM37A91214,MEMORY MTA36ASF4G72PZ-3G2J3 32G M1,,,M1176882-001,
SM37B01857,MEMORY HMCG84MEBRA 32G 1RX4 M1a,,,M1191323-001,
SPU7B09623,PDU Geist PDU 50A Vertical DUS3EGW1,,,M1149930-001,
SPU7A75605,PDU Geist PDU 50A Vertical DUS3EGW1,,,M1149930-001,
SSS7B08089,SSD WUS4AB0A1DAELE7 15.36T E1.L M1,,,M1154387-001,
SSS7B10596,SSD S MZELB15THMLA-000MV 15T E1.L M1a,,,M1145311-001,
STA7B05880,ECAT_TLA STRCNTRL 9500-16E,,,M1248375-001,
SC17B00837,CABLE CBL DAC 1.5m 100G QSFP28 Y CABLE,,,M1188155-001,
STA7A43650,ECAT_TLA C2030/S2130 MB with Ass parts,,,M1089834-002,
SC17B00836,CABLE CBL DAC 1.0m 100G QSFP28 Y CABLE,,,M1188154-001,
SC17B00838,CABLE CBL DAC 2.0m 100G QSFP28 Y CABLE,,,M1188156-001,
STA7A43649,ECAT_TLA C2030/S2130 MB Assembly PCA,,,M1089834-002,
SSG7A97218,SWITCH Arista 7050CX3 TOR Switch,,,M1171500-001,
SC57B04330,CARDPOP FPGA Card Gemini Peak,,,M1175046-001,
SN37B05973,NETWRK_CRD MCX565A-CDAI_C11 OCP3.0 M1a,,,M1168449-001,
SN37B01621,NETWRK_CRD Mel MCX75310AAS-NEAT 1P M1,,,M1216900-001,
SB27A57654,ECAT_TLA Mg MB for M1 7.0,,,M1126919-001,
SM27A73738,MECHANICAL J2010 3.5 HDD Tray,,,M1027014-001,
SB27B25828,BDPLANAR C2288 DVT MB with QSFP PCH,,,M1206878-904,
SC87B04225,CHASSIS C2030 V2 Chassis Asm I-CH,,,M1122455-003,
SH47B20794,HEATSINK CPU_RHS,,,M1242439-001,
SC17A92552,CABLE 2x8 Sliver to PCB Cable,,,M1145959-002,
SC17A97107,CABLE 390mm MB to Fan Cable-L,,,M1144937-001,
SC57B23646,CARDPOP C2080 1U Riser Card I-TW,,,M1126119-001,
SB47A41869,BRACKET INTERPOSER TAILSTOCK,,,No MSPN,
SM37B06501,MEMORY H HMCT04MEERA 128GB 4Rx4 M1,,,M1236707-001,
SSS7B27312,SSD HFS3T8GDC0X139N PE6110 3.84T M.2 M1a,,,M1156144-002,
SSS7B08540,SSD H HFS3T8GDE0X098N 3.84T M.2 M1a,,,M1204902-001,
SM37B06584,MEMORY MTC20F1045S1RC48BA2 32G W/CE M1a,,,M1191322-001,
SSS7B07230,SSD S MZ1L21T9HCLS-00AMV 2T M.2 M1a,,,M1159487-001,
SSS7B07231,SSD S MZCL23T8HCLS-00AMV 4T E1.S M1a,,,M1161592-001,
SR17B08393,RAID_CARD Brd 9500-16i HBA -CSP M1a,,,M1193522-002,
SSS7A75316,SSD HFS1T9GEEWX091N 1.92T E1.S M1,,,M1187346-001,
SM37A68876,MEMORY Sam M393A8G40BB4-CWE 64G M1a,,,M1194271-001,
SB27B02166,BDPLANAR PCBA+MECH MAIN BOARD F2010 ,,,M1125478-002,
SM17B05805,MECH_ASM 1047mm Slide Rail Extension-I,,,M1173314-001,
SC57B23645,CARDPOP C2080 1U FPGA Riser Card I-TW,,,M1126123-001,
SC17A98077,CABLE 1.5m Relay Cable,,,M1168811-001,
SSS7A75368,SSD H HFS1T9GEEWX132N 2T E1.S M1,,,M1205999-001,
SC57A45477,CARDPOP Sulfur Cardpop for AVA support,,,M1250825-001,
SSS7B08539,SSD H HFS3T8GDE0X098N 3.84T M.2 M1,,,M1204902-001,
SB47A39962,BRACKET PCI-e FH Dummy Bracket,,,No MSPN,
SB27B04312,BDPLANAR C2080 Motherboard Asm I-MX,,,M1119344-001,
SSA7B25826,SP Intel SPR 52C 350W Q172 M1,,,M1237249-001,
STC7A97749,TRANSCVR 10GbE SFP Miodule-F,,,M1014502-001,
SC87A50365,CHASSIS C2184-CHASSIS,,,No MSPN,
SC17A38011,CABLE NVME Cable,,,M1162835-001,
SC17A97750,CABLE 1.5m Relay Cable RoW-H,,,M1150995-001,
SB27A57651,ECAT_TLA Mg MB for M1 CascadeLake,,,M1126919-001,
SSA7B25825,SP Intel SPR 52C 350W Q17R M1,,,M1248921-001,
SB27B08287,BDPLANAR C2184 PVT MB,,,M1176261-001,
SB27B06498,BDPLANAR J2010 JBOD L6 Asm,,,M1074294-002,
SP57B23674,PWR_SUPPLY Lite On P2010 Power Supply,,,M1238046-001,
SB27B06497,BDPLANAR J2010 JBOD L6 Asm,,,M1074294-002,
SH47B20793,HEATSINK CPU_RHS,,,M1242424-001,
SC57A96518,CARDPOP PCBA+MECH MOTHERBOARD S2180,,,M1130000-002,
STA7B27547,ECAT_TLA Glacier Peak-DVT1_M1197260-922,,,M1197260-922,
STA7B27548,ECAT_TLA Glacier Peak-DVT1_M1197260-923,,,M1197260-923,
SC87B25035,CHASSIS C2288-2U-L3-ASSY_DVT-NCT2,,,M1210986-901,
SB27A88262,BDPLANAR C2288 DVT MB BOM A,,,M1206878-903,
STA7B08587,ECAT_TLA STRCNTRL 9500-8E,,,M1218316-001,
SF17B20789,FAN System_4056,,,M1202129-002,
STA7B05804,ECAT_TLA Celestial Peak FPGA Card I-TW,,,M1096519-005,
SC57B02154,CARDPOP PCIe Re-Timer Card,,,M1104230-002,
SC87A50367,CHASSIS C2184-CHASSIS,,,M1241694-001,
SB27A88255,BDPLANAR C2184 DVT3 MB,,,M1176260-908,
STA7B26671,ECAT_TLA C2184 PVT SCM assembly BOM D,,,M1180245-001,
STA7B01450,ECAT_TLA PCBA+MECH BACKPLANE E1.S,,,M1152284-002,
02YE628,MEMORY H 64G 4Rx4 2933 C-Die M1,,,M1103682-001,
SC87B04092,CHASSIS C2288_2U_CHASSIS_assy,,,M1210986-901,
SH47B04231,HEATSINK CPU HS,,,M1239946-001,
SF17B21454,FAN SN650C MLK 40mm 12V Fan-N,,,M1084359-001,
SM17B26002,MECH_ASM C2184_SLIDE_ RAIL,,,M1183378-001,
SN37A82261,NETWRK_CRD MCX653105A-HDAT 1x200G M1,,,M1101353-001,
SC17B22925,CABLE DR FAN Cable,,,M1243955-001,
SH47B03517,HEATSINK CPU HS,,,No MSPN,
03GX743,MEMORY HMAA8GR7CJR4N-XN 64G 2Rx4 M1,,,M1194241-001,
SF17A96531,FAN FAN 12VDC ASSY FAN DUAL ROTOR 40X56,,,M1174441-001,
SB27B26156,BDPLANAR S2180 MB MVT,,,M1130000-002,
SM17A83126,MECH_ASM C2184_SLIDE RAIL,,,M1183378-904,
SB27B26640,BDPLANAR C2184 PVT MB BOM B,,,M1176261-002,
SF17B20790,FAN System_4028,,,M1202127-002,
02JG632,MEMORY M 32G 2RX4 2666 Z11B M1,,,M1093858-001,
SC87B07488,CHASSIS CHAS MECH-L3 WCS S2180 E,,,M1153797-002,
SL17A78783,LABEL Shock Watch Label,,,No MSPN,
STA7B08291,ECAT_TLA C2184 PVT SCM assembly,,,M1180245-908,
STA7B26151,ECAT_TLA S2180 E1.L BP MVT,,,M1131308-002,
SC57A96526,CARDPOP PCBA+MECH RISER CARD W/CAGE X16,,,M1131315-002,
02YH296,MEMORY M 32G 1RX4 3200 Z32D M1,,,M1152909-001,
SM27A90289,MECHANICAL C2184_E1S_Latch_Ingrasys,,,M1152277-003,
SC17A95198,CABLE Fan Cable For Single Rotator,,,M1213925-001,
02YH833,SSD S MZ1LB960HBJR-00AMV M.2 M1,,,M1157644-001,
SM27A90255,MECHANICAL C2184-PCIE-LP-DUMMY,,,M1183377-001,
SS17A57437,SCREW #632 x 10mm Flat Philips,,,M1073662-001,
SM37B00223,MEMORY MTC40F2046S1RC48BA1 64G W/CE M1,,,No MSPN,
SM37A91259,MEMORY S M393A2K40DB2-CVF 16G M1aHM,,,M1150893-001,
SC17A61093,CABLE 2.0m 100G QSFP28 Cable,,,M1069303-001,
SSS7A75345,SSD MZCL27T6HBLA-00AMV E1.S M1,,,M1208847-001,
SM37A68885,MEMORY MTA36ASF8G72PZ-3G2B2 64G M1a,,,M1143861-001,
SSS7A75214,SSD Sam MZ1LB3T8HMLA-000MV M.2 M1a,,,M1089600-001,
SM37A91282,MEMORY MTA36ASF4G72PZ-3G2R1 32G M1a,,,M1194278-001,
SSS7A75211,SSD Kio KXD5DLN13T84 3.84T M.2 M1,,,M1157627-001,
SSS7A75212,SSD Kio KXD5DLN13T84 3.84T M.2 M1a,,,M1157627-001,
SM37A91261,MEMORY HMA84GR7CJR4N-WMT 32G M1aHM,,,M1103679-001,
SM37B06500,MEMORY MTA18ASF2G72PZ-3G2R1 16G M1a,,,M1194277-001,
SC57A94513,CARDPOP C2288 DVT Riser2,,,M1193254-902,
SC57A94516,CARDPOP C2288 DVT Riser1,,,M1196371-902,
SC57B08290,CARDPOP C2184 PVT GP Riser,,,M1207354-901,
SL27A17004,LATCH C2184_E1S_Latch,,,M1152277-003,
SC17A98634,CABLE 1.5m Relay Cable IN-F,,,M1168810-001,
SC17B06475,CABLE Fan Cable For Dual Rotator,,,M1200985-001,
SC57B08289,CARDPOP C2184 PVT Riser2,,,M1182880-001,
SM27A46788,"MECHANICAL Cable Tie, Rel. Latch, 15"" L",,,No MSPN,
SB47A92551,BRACKET Toolless PCIe Bracket,,,M1129049-002,
SC17B05695,CABLE CBL PCB012700160-1 FANS 0-2,,,M1157196-001,
02YH360,SSD_ASM HFS3T8GD0FEI-A430A 3.84 M.2 M1,,,M1156144-001,
03GY719,MEMORY HMA82GR7DJR4N-XN 16G M1,,,M1171185-001,
SA27B07279,AIRDUCT PSU Baffle,,,M1072682-001,
SM27B07278,MECHANICAL Mylar Fan Cable Shield,,,M1125434-001,
SHD7A74426,HDD ST16000NM007G 16T 3.5 HDD M1a,,,M1128012-001,
SM37A91231,MEMORY HMAA4GR7AJR4N-XN 32G 1RX4 M1,,,M1177401-001,
SM37A91232,MEMORY HMAA4GR7AJR4N-XN 32G 1RX4 M1a,,,M1177401-001,
SM37B06003,MEMORY Sam M393A4K40EB3-CWE 32G M1a,,,M1193831-001,
SC17B00240,CABLE 2.0m 100G QSFP28 Cable,,,M1038991-001,
SC17B00239,CABLE CBL INT 450MM C2190 OCULINK FPGA,,,M1161756-002,
SC87B01854,CHASSIS CHAS EM-L6 C2190 MB WITH 1G DRAM,,,No MSPN,
SM37B31921,MEMORY S M321RAGA0B20-CWK 128 4Rx4 M1a,,,M1216324-001,
SSA7B32767,SP Intel SPR 8487C EVS-ES2 Q183 M1,,,M1267252-001,
SC17A64696,CABLE 2m Fiber Cable,,,X948403-001,
SM17A48745,MECH_ASM OCS6100 48U HBI Rack Asm,,,M1034774-002,
SM17B04065,MECH_ASM C2080 PCIe SSD Tray Bracket Asm,,,M1140225-001,
SM37B07918,MEMORY S M393A2K40EB3-CWE 16G 1RX4 M1a,,,M1193832-001,
SSS7A75390,SSD H HFS1T9GEEWX132N 2T E1.S M1a,,,M1205999-001,
SC17B07497,CABLE 485mm Fan Cable-JPC,,,M1099754-001,
SC87B34274,CHASSIS OCS S2130 V2 Chassis Asm,,,M1122489-004,
SF17A97092,FAN FAN 12VDC 40MM DELTA CN,,,M1180334-001,
SSS7A43357,SSD H HFS960GD0FEG-A430A M.2 -M1,,,M1116291-001,
SSS7A75293,SSD S MZ1LB3T8HALA-00AMV 3.84T M1,,,M1157642-001,
SL17A97217,LABEL S2130 V2 Agency Label - HGY,,,No MSPN,
SL17B09403,LABEL S2130 V2 Agency Label - Ullo,,,No MSPN,
03GX118,CABLE 140mm S2130 Fan Cable,,,M1082268-001,
03GX123,CABLE 495mm S2130 Power Cable,,,M1082269-001,
03GX187,CABLE S2130 V2 SAS Cable Asm,,,M1122549-002,
4TA7A79714,PCBA+MECH MOTHERBOARD S2180,,,M1130000-002,
4TA7A81293,Backplane S2180 E1.S,,,M1152284-002,
4X97A72690,140mm S2130 Fan Cable,,,No MSPN,
4X97A72694,600mm S2130 HDD 8-11 Cable,,,No MSPN,
4X97A72695,495mm S2130 Power Cable,,,No MSPN,
4X97A76315,S2130 V2 SAS Cable Asm,,,No MSPN,
SC87B23184,CHASSIS CHAS MECH-L3 WDS S2180 S,,,M1131272-002,
SL17B08615,LABEL S2180E Agency Label Kit - MTY,,,M1157023-004,
SL17B09507,LABEL S2180S Agency Label Kit - MTY,,,M1126553-004,
STA7B03383,ECAT_TLA S2110 2U LES Comp Node I-A,,,M1067745-002,
STA7B26150,ECAT_TLA S2180 E1.S BP MVT,,,M1152284-002,
STA7B26152,ECAT_TLA S2180 Riser butterfly MVT,,,M1131315-002,
STA7B26153,ECAT_TLA S2180 X16 Riser MVT,,,M1131314-002,
STA7B26154,ECAT_TLA S2180 X24 Riser MVT,,,M1131312-002,
STA7B26155,ECAT_TLA S2180 OCP Mezz MVT,,,M1131310-002,
SC17B06474,CABLE Fan Cable with Intrusion Switch,,,M1200986-001,
SL27A17003,LATCH C2184_M1152277-900,,,M1152277-900,
SSS7A75367,SSD MZCLO1T9HCJR-00AMZ 2T E1.S M1,,,M1206003-001,
SM37B23578,MEMORY S M321R8GA0BB0-CQK 64G 2Rx4 M1,,,M1205936-001,
SF17A98336,FAN SN650C MLK 40mm 12V Fan-TH,,,M1180334-001,
SSS7B27313,SSD WUS5BB1A1E9ELE8 15.36T E1.L M1,,,M1244733-001,
SSS7B27393,SSD MZEL215THBLA-00AMV 15.36T E1.L M1,,,M1183099-001,
SPU7B00203,PDU PDU D2034 STANDARD VERTICAL 48U,,,M1155224-001,
SM17A92559,MECH_ASM 1047mm Slide Rail Extension,,,M1173314-001,
SM17A65427,MECH_ASM J2010 JBOD Rail Kit,,,M1027007-001,
SC17B05696,CABLE CBL PCB012700159-1 FANS,,,M1157195-001,
02JK180,HDD T 12T 3.5 SATA HDD M1,,,No MSPN,
SHD7A53300,HDD T MG07ACA12TA SATA 12T-M1,,,M1111151-001,
SHD7A53301,HDD T MG07ACA12TA SATA 12T-M1,,,M1111151-001,
SM27B05157,MECHANICAL OCP_3_Slot_Filler,,,M1249503-001,
STA7B26669,ECAT_TLA C2184 PVT SCM assembly BOM B,,,M1180245-909,
SC17B05697,CABLE CBL PCB012700162-1 PWR SNGL SKT,,,M1131303-001,
SC17B07281,CABLE CBL EMASSY POWER SNGL SCKT NON-RLR,,,M1131304-001,
SC17A97103,CABLE 160mm Power CPU to Riser-F,,,M1140330-001,
SF17A97785,FAN System_4028,,,M1202127-001,
SS17A35303,"SCREW Screw 8-32, 5/16"" L, Pan Head",,,No MSPN,
SC87B04091,CHASSIS C2288_2U_CHASSIS_assy,,,No MSPN,
SM27A46786,"MECHANICAL Washer,  1"" OD, 0.188"" ID",,,No MSPN,
SC17B05694,CABLE CBL PCB012700164-1 PMBUS SNGL SKT,,,M1131302-001,
SM17A82995,MECH_ASM C2184-PSU-DUCT-ASM,,,M1183193-002,
0000002JJ953,LINECORD PDU Jumper,,,M1162158-003,
02YG188,MEMORY S 32G 2RX4 2933 D-Die M1,,,M1150894-001,
SC57B08288,CARDPOP C2184 PVT Riser1,,,M1182878-001,
SM27B21754,MECHANICAL C2288_Riser2_Filler,,,M1239943-001,
SH47B20795,HEATSINK CPU_RHS,,,M1242442-001,
02YE614,MEMORY M 32G 2Rx4 2666 Z21C M1,,,M1145207-001,
SC17B07494,CABLE 1380mm Temp Sensor Cable-ICT,,,M1082274-001,
SH47B10642,HEATSINK HTSINK MASSY REMOTE SNGL SCKT,,,M1131274-001,
SC57A97211,CARDPOP PCBA RISER CARD PCIE X16 AMD,,,M1102559-001,
SL17A48180,LABEL Rack Door Notice,,,No MSPN,
SB47B07166,BRACKET AVA Card Air Blocker-AVC,,,M1175267-001,
SC17A61241,CABLE QSFP28 Cable,,,M1132732-001,
SB27A88121,BDPLANAR C2288 EVT2 MB,,,No MSPN,
0000002JJ952,LINECORD PDU Jumper,,,M1162158-002,
SM27A81214,MECHANICAL Fan Cable Clip,,,M1013167-001,
03GY740,HDD Tos MG09ACP18TA 18T 3.5/o M1,,,M1187148-001,
SM27A46792,MECHANICAL Washer  1 OD 0.219 ID,,,No MSPN,
SM27B23626,MECHANICAL C2288_DIMM_FOAM,,,M1243959-001,
4XB7A83032,WUH721818AL4206 18T SED HDD M1,,,M1143307-001,
02YG186,NETWRK_CRD MCX515A-CCAT_C11 100G 1P M1,,,M1146245-001,
SC17A75610,CABLE 1ft CAT5E RJ12 to RJ45,,,M1140527-001,
03GY303,HDD ST14000NM0001 14T 3.5 w/o M1,,,M1136743-001,
SM27A90268,MECHANICAL E1S_DUMMY,,,M1186417-002,
SM27A46789,"MECHANICAL Cable Tie, 6"" Long, Nature",,,No MSPN,
SC17A57442,CABLE 450mm 12 HDD S/P Cable,,,M1041952-001,
SC17B22926,CABLE DR FAN Cable,,,M1243955-001,
SC57B26643,CARDPOP C2184 PVT Riser1 BOM B,,,M1182878-002,
SC57B26665,CARDPOP C2184 PVT Riser2 BOM B,,,M1182880-002,
SH47B03518,HEATSINK CPU HS,,,No MSPN,
SL17B21702,LABEL C2030 V2 Agency Label - Ullo,,,M1123771-008,
SM37B28938,MEMORY HMABAGL7CBR4N-XN 128G 4RX4 M1a,,,M1243032-001,
SHD7B32531,HDD ST20000NM016D 20T 3.5 SATA HDD M1,,,M1259404-001,
SHD7B30887,HDD ST18000NM0182 18T SAS SED HDD M1,,,M1254195-001,
SSS7A75323,SSD HFS960GDE0X089N 960G M.2 M1,,,M1178242-001,
SC57A85603,CARDPOP C2988 EVT Riser1,,,No MSPN,
SC57A85606,CARDPOP C2988 EVT Riser2,,,No MSPN,
SS17A35304,SCREW Screw 10-32 5/16 L Pan Head,,,No MSPN,
SC57A85617,CARDPOP C2184 EVT2 Riser2,,,No MSPN,
SM27B05156,MECHANICAL OCP_3_Slot_Filler,,,No MSPN,
4X77A81881,Sam M393A4K40EB3-CWE 32G M1,,,M1193831-001,
SL17A97093,LABEL LABEL REGULATORY SAFETY C-2030,,,M1076215-004,
SC17A57441,CABLE 410mm 12 HDD S/P Cable,,,M1041951-001,
SL17B02954,LABEL Re-Timer Storage Controller Label,,,No MSPN,
SC17A95200,CABLE Front Intrusion Switch Cable,,,M1210173-001,
SC17A98793,CABLE Fan cable for single rotator,,,No MSPN,
SC87B28814,CHASSIS C9887_CHASSIS_M1,,,No MSPN,
SSS7B29916,SSD Int SSDPFWKX153T1D 15.36T E1.L M1,,,M1251816-001,
SH47A97748,HEATSINK C2030 CPU Heatsink D-TH,,,M1098874-001,
SSA7A67156,SP CLX 8272CL 26C/2.6G/195W/35.75M,,,M1102906-001,
SSS7B25688,SSD S MZ7L3960HCJR-00AMV 960G M1,,,M1192107-001,
SSS7B29132,SSD MZCLO7T6HBLA-00AMZ 7.68T E1.S M1a,,,M1206007-001,
SM37B31919,MEMORY H HMCT04MEERA 128GB 4Rx4 M1a,,,M1236707-001,
SSS7B29130,SSD HFS7T6GEEWX132N 7.68T E1.S M1a,,,M1206001-001,
SP57A53408,PWR_SUPPLY Artesyn PS1600H 1600W w BIS,,,X900301-001,
0000001DE023,PWR_SUPPLY 1600W PL1600H,,,X900304-001,
SB27A85097,BDPLANAR J2010 JBOD Main Board,,,M1086966-001,
SC17A85104,CABLE J2010 JBOD Mini-SAS Chain Cable,,,M1027871-001,
SHD7A74348,HDD ST ST12000NM007G 12T 3.5 M1,,,M1158245-001,
SC57A85098,CARDPOP J2010 JBOD DC PDB,,,M1023580-002,
SC57A85096,CARDPOP J2010 JBOD Midplane,,,M1086965-001,
SC17B07490,CABLE 165mm MB to PDB Cable-JPC,,,M1013205-001,
SC57A85101,CARDPOP J2010 JBOD IO Board,,,M1023585-001,
SSS7A06750,SSD Sam PM883 960G 2.5 SATA6G SSD,,,M1093853-001,
SC57A33163,CARDPOP TPM 2.0 Card SV5270G3,,,M1039577-001,
SF17A85113,FAN J2010 JBOD Fan Module,,,M1082048-001,
SM27A90202,MECHANICAL C2184-DDR5-Memory-Dummy,,,No MSPN,
SSS7A43209,SSD Hy SE4011 960G 2.5 SATA M1-A,,,M1084402-001,
SM27A61866,MECHANICAL MAGNESIUM INNER PERF BLOCKING,,,No MSPN,
SC17A67113,CABLE QSFP Breakout cable 3M,,,M1113209-001,
SM37A91268,MEMORY S M386AAG40MMB-CVF 128G M1aHM,,,M1125238-001,
SC57A85099,CARDPOP J2010 JBOD AC PDB,,,M1023578-001,
SL17A91027,LABEL M1 Li-Ion UN3481 Label,,,No MSPN,
SC57A85100,CARDPOP J2010 JBOD Fan Board,,,M1023603-001,
SM27A49502,MECHANICAL Rear wall mylar L,,,No MSPN,
SM27A49504,MECHANICAL PCIE bracket mylar,,,No MSPN,
SM27A90254,MECHANICAL C2184-PCIE-LP-DUMMY,,,No MSPN,
SL17B21699,LABEL C2030 V1 Agency Label - Ullo,,,M1076215-009,
SC17A64838,CABLE FCI - 10110818-2010LF - 10GE-DAC,,,No MSPN,
SL17B04061,LABEL C2030 V2 Agency Label - Ullo,,,No MSPN,
SC17A85111,CABLE J2010 JBOD 300mm 12V Cable,,,M1027847-001,
SL17B23649,LABEL C2080 Agency Label - Ullo,,,M1148134-005,
SL17B32826,LABEL C2080 Agency Label - Ullo,,,M1148134-007,
SC57A96523,CARDPOP PCBA+MECH BACKPLANE SNGL SCKT RL,,,M1131308-002,
SC57A96525,CARDPOP PCBA+MECH RISER CARD WITH CAGE,,,M1131314-002,
SHD7B34882,HDD WUD722020AL4D07 Athens-D 20T HDD M1,,,M1263495-001,
SC17A95201,CABLE CP Power Cable,,,M1183375-001,
SC17A98794,CABLE Fan cable for daul rotator,,,No MSPN,
SC17A95202,CABLE CP Uart&Usb Cable,,,M1183376-001,
SSA7B21711,SP Intel SPR ES0 Q0KL,,,M1218476-001,
SS17A92550,SCREW M3 x 4mm Torx T10 Screw,,,M1129046-001,
SS17A92556,SCREW M3.5 x 5mm Pan Torx T8,,,M1171396-001,
STA7B25765,ECAT_TLA Glacier Peak Card-M1197260-911,,,M1197260-911,
SM37B33474,MEMORY HMCGY4MEBRB 48G 1RX4 4800 M1,,,M1255001-001,
SM17B19846,MECH_ASM 1047mm Slide Rail Ext I-MX,,,M1173314-001,
SB27A00778,BDPLANAR Helium_4S TLA,,,No MSPN,
SF17A38760,"FAN Fan Assembly, Proton, Delta",,,M1150382-001,
SM17A24401,"MECH_ASM Assm, Upper Shuttle Filler",,,No MSPN,
SP27B31230,PAD TIM Pad PE8110 Top,,,M1246626-001,
SP27B31231,PAD TIM Pad PE8110 Bottom,,,M1246627-001,
SSS7A43362,SSD S MZ1LB1T9HALS-00AMV M1-Kr,,,M1077134-002,
SSS7B26058,SSD HFS1T9GDC0X139N 1.92T M.2 SSD M1a,,,M1143857-002,
SB27B26642,BDPLANAR C2184 PVT MB BOM D,,,M1176261-004,
SB27B28802,BDPLANAR C9887 MB-DV A(GCE-CN+R+1st),,,M1263156-001,
SB27B28803,BDPLANAR C9887 MB-DV B(GCE-TW+R+2nd),,,M1263544-001,
SF17B09936,FAN C9887-B_FAN_MODULE,,,No MSPN,
SSA7B37738,SP SPR 8473C E5 Q23G paid sample,,,M1268450-001,
SSA7B35535,SP SPR 8455CL E4 Q20G paid sample,,,M1262019-001,
SM37A21374,MEMORY MTA36ASF4G72PZ-2G6E1 32G M1 AVAP,,,M1093858-001,
SHD7B05975,HDD ST20000NM012D 20T SAS HDD M1a AVAP,,,M1208848-001,
SHD7B05977,HDD ST20000NM011D 20T SATA HDD M1a AVAP,,,M1208850-001,
SSS7B25687,SSD S MZELB15THMLA-00AMV E1.L M1a AVAP,,,M1175960-001,
SSS7B25689,SSD S MZ7L3960HCJR-00AMV 960G M1a AVAP,,,M1192107-001,
SSS7B27314,SSD WUS5BB1A1E9ELE8 15.36T E1.L M1a AVAP,,,M1244733-001,
SSS7B27394,SSD MZEL215THBLA-00AMV E1.L M1a AVAP,,,M1183099-001,
SSS7B29917,SSD I SSDPFWKX153T1D 15.36 E1.L M1a AVAP,,,M1251816-001,
SM37A91228,MEMORY MTA18ASF2G72PZ-3G2J3 16G M1a AVAP,,,M1171181-001,
SHD7B37835,HDD ST16000NM021J 3.5 SATA HDD M1a AVAP,,,M1235118-001,
SM37A91197,MEMORY S M386AAG40BM3-CWE 128G M1a AVAP,,,M1193090-001,
SM37A91269,MEMORY S M386AAG40BM3-CWE M1aHM AVAP,,,M1193090-001,
SM37A91267,MEMORY S M393A8G40BB4-CWE 64G M1aHM AVAP,,,M1194271-001,
SSS7A75310,SSD Int M1098924-001 M.2 960G M1a AVAP,,,M1098924-001,
SSS7B25686,SSD S MZELB15THMLA-00AMV E1.L M1 AVAP,,,M1175960-001,
SSS7B29131,SSD Sam MZCLO7T6HBLA-00AMZ E1.S M1 AVAP,,,M1206007-001,
SM37A68818,MEMORY S M393A2K40CB2-CVF 16G M1 AVAP,,,M1168175-001,
SM37A91227,MEMORY MTA18ASF2G72PZ-3G2J3 16G M1 AVAP,,,M1171181-001,
SHD7B37833,HDD ST16000NM021J 3.5 SATA HDD M1 AVAP,,,M1235118-001,
SSS7B23721,SSD HFS960GDC0X139N 960G M.2 SSD M1 AVAP,,,M1143858-002,
SSS7B27311,SSD HFS3T8GDC0X139N PE6110 M.2 M1 AVAP,,,M1156144-002,
SSS7B26057,SSD HFS1T9GDC0X139N 1.92T M.2 M1 AVAP,,,M1143857-002,
SSA7B10105,SP Intel SPR QS 56C 350W Q0ML M1,,,No MSPN,
01PG999,CARDPOP Arsenic 2x16 PCIe for M1,,,No MSPN,
02JJ941,SP CLX 8280L 28C/2.7G/205W/38.5M M1,,,No MSPN,
02JJ943,HEATSINK Heatsink AVA Card M.2 M1,,,M1091965-001,
02YF103,SP SP SKL PT 8160 24C 2.1G 150W M1,,,No MSPN,
02YH517,SP CLX 8249C 26C/2.10G/150W/35.75M M1,,,M1116393-001,
4X77A08628,M 16G 1RX4 PC4-2933 1.2V M1,,,M1120781-001,
4X77A64923,M 64G 4RX4 2933 Z21C M1,,,No MSPN,
4X77A65033,MTA36ASF4G72PZ-3G2R1 32G M1,,,M1194278-001,
4X77A81938,MTA18ASF2G72PZ-3G2R1 16G M1,,,M1194277-001,
4X77A81950,MTA36ASF8G72PZ-3G2E1 64G M1,,,M1158491-001,
4X77A82305,S M393A2K40EB3-CWE 16G 1RX4 M1,,,M1193832-001,
4XB7A64347,ST18000NM019J 18TB 3.5 w/o M1,,,M1161591-001,
4XB7A69812,HFS3T8GEEWX091N 3.84T E1.S M1,,,M1173423-001,
4XB7A69919,ST16000NM007G 16T 3.5 HDD M1,,,No MSPN,
4XB7A81852,ST20000NM012D 20T SAS HDD M1,,,M1208848-001,
4XB7A81853,ST20000NM011D 20T SATA HDD M1,,,M1208850-001,
4XB7A81854,HFS7T6GEEWX091N 7.68T E1.S M1,,,M1190036-001,
4XB7A81858,H HFS960GDE0X098N 960G M.2 M1,,,M1204900-001,
4XB7A83031,WUS4AB0A1DAELE7 15.36T E1.L M1,,,M1154387-001,
4XB7A83637,HFS960GDC0X139N 960G M.2 SSD M1,,,No MSPN,
4XB7A83677,S MZ7L3960HCJR-00AMV 960G M1,,,No MSPN,
SSS7A75318,SSD HFS3T8GEEWX091N 3.84T E1.S M1a AVAP,,,M1173423-001,
SSD7B26470,SSD_ASM HFS7T6GEEWX091N 7.68T E1.S M1,,,No MSPN,
SM27A98395,MECHANICAL CLIP SUPPORT PCIE,,,M1082504-001,
SM27A15338,MECHANICAL CPU HS clip,,,M1013188-001,
SSS7A75392,SSD H HFS3T8GEEWX132N 4T E1.S M1a AVAP,,,M1206000-001,
SM37B39625,MEMORY HMAG74EXNRA 16G 1RX4 M1aAVAP,,,M1249634-001,
SSS7B00300,SSD MZCLO1T9HCJR-00AMZ 2T E1.S M1a AVAP,,,M1206003-001,
SC87B04356,CHASSIS C2080 1U Chassis Kit I-MX,,,M1172998-001,
SP27B31228,PAD TIM Pad PM9A3 Top,,,M1177174-001,
SP27B31229,PAD TIM Pad PM9A3 Bottom,,,M1177173-001,
SSG7B28177,SWITCH 1G Mgmt Switch-M1 MX,,,M1011427-001,
SSS7A75342,SSD HFS7T6GEEWX091N 7.68T E1.S M1a,,,M1190036-001,
SHD7A74425,HDD ST16000NM007G 16T 3.5 HDD M1,,,M1128012-001,
SH47B34161,HEATSINK C2080 CPU Heatsink D-CH,,,M1140201-001,
SL27B34524,LATCH C2184_E1S_Latch-SIT (trimming),,,M1152277-003,
SM27A94220,MECHANICAL C2184_E1S_Latch_ST,,,M1152277-900,
SL17B29114,LABEL C2080 Agency Label - Ullo,,,M1148134-006,
SC87B08588,CHASSIS C2184-CHASSIS-TTM,,,No MSPN,
SL17B31047,LABEL C2184.12 Agency-LSTC M1241098-002,,,M1241098-002,
SM17A82993,MECH_ASM C2184-PSU-DUCT-ASM,,,M1183193-002,
SM27A90251,MECHANICAL C2184-PCIE-FH-DUMMY,,,No MSPN,
SS17A93085,SCREW C2184_SCREW_OBS_M1131291-001,,,M1131291-001,
STA7B33629,ECAT_TLA Glacier Peak-DVT2_M1256790-900,,,M1256790-900,
SM37B28936,MEMORY MTA36ASF8G72LZ-3G2F1 64G M1a AVAP,,,M1249816-001,
SC17A89804,CABLE 1m QSFP28 100G DAC Y Cable-A,,,M1113205-001,
SM37B28654,MEMORY S M321R6GA0BB0-CQKZH 48G M1 AVAP,,,M1250643-001,
SP57A85115,PWR_SUPPLY Artesyn PS1650 1650W PSU,,,M1067330-001,
4XG7A85386,Platinum 8280L 28C 205W 2.7GHz,,,No MSPN,
SC17A96521,"CABLE CBL EMASSY,POWER,SNGL SCKT",,,M1131303-001,
SC17A96522,"CABLE CBL EMASSY,POWER,SNGL SCKT,NON-RLR",,,M1131304-001,
SC17A96529,"CABLE CBL EMASSY,CABLE,FAN,FANS",,,M1157195-001,
SC57B37750,CARDPOP PCIe Re-Timer Card,,,M1104230-002,
SF17B20787,FAN System_4056,,,M1186416-003,
STA7B35589,ECAT_TLA Celestial Peak FPGA Card,,,M1096519-006,
4C57A82230,C2184_DC-SCM A3-PV,,,M1180245-908,
4B27A84997,C2184 Motherboard BOM A PVT Option,,,M1176261-001,
SL17B26608,LABEL Agency label - LSTC M1241030-001,,,M1241030-001,
SPU7B21878,PDU D2034 48U 34kW Vertical PMDU-D,,,M1155224-001,
SH47A97210,HEATSINK HTSINK MASSY BAFFLE REMOTE AMD,,,M1161755-001,
SSG7B38218,SWITCH 1G Mgmt Switch-M1 APAC Hub,,,M1011427-001,
SSA7B40920,Intel SPR 8455CL 48C/2.0G/325W M1,,,M1269944-001,
SSA7B40437,Intel SPR 8473C 52C/2.1G/350W M1,,,M1269943-001,
SSA7B40070,SP Intel SPR 8487C 56C/1.9G/350W M1,,,M1269948-001,
SHD7A74403,HDD ST14000NM000G 14T 3.5 HDD M1 AVAP,,,M1123454-001,
SHD7A74404,HDD ST14000NM000G 14T 3.5 SATA M1a AVAP,,,M1123454-001,
SSS7A75346,SSD MZCL27T6HBLA-00AMV E1.S M1a AVAP,,,M1208847-001,
SC87B04357,CHASSIS C2080 1U Chassis Kit WT,,,M1172998-001,
SHD7B05993,HDD WUH722020BL4207 SAS HDD M1a AVAP,,,M1218161-001,
SHD7B05995,HDD WUH722020BLN607 SATA HDD M1a AVAP,,,M1218160-001,
SSS7B01860,SSD HFS1T9GEEWX091N 1.92T E1.S M1a AVAP,,,M1187346-001,
SM37B28655,MEMORY S M321R6GA0BB0-CQKZH 48G M1a AVAP,,,M1250643-001,
SHD7B30888,HDD ST18000NM0182 18T SAS SED M1a AVAP,,,M1254195-001,
SHD7B32532,HDD ST20000NM016D 20T 3.5 SATA M1a AVAP,,,M1259404-001,
SM37A21422,MEMORY Sam M393A4K40CB2-CVF 32G M1 AVAP,,,M1174018-001,
SM37A21423,MEMORY Sam M393A4K40CB2-CVF 32G M1a AVAP,,,M1174018-001,
SM37A68863,MEMORY S M393A4G40AB3-CWE 32G M1a AVAP,,,M1176514-001,
SM37B09672,MEMORY HMA84GR7DJR4N-VK 32G 26R M1 AVAP,,,M1176675-001,
SM37B30949,MEMORY NT32GA72D4NFX3K-JR 32G M1 AVAP,,,M1242704-001,
SM37B30950,MEMORY NT32GA72D4NFX3K-JR 32G M1a AVAP,,,M1242704-001,
SM37B39627,MEMORY HMAG84EXNRA 32G 2RX4 M1aAVAP,,,M1249633-001,
SM37B38154,MEMORY MTA36ASF8G72PZ-3G2F1 64G M1 AVAP,,,M1200277-001,
SM37B38155,MEMORY MTA36ASF8G72PZ-3G2F1 64G M1a AVAP,,,M1200277-001,
SM37B23577,MEMORY S M321R4GA0BB0-CQK 32G M1a AVAP,,,M1215509-001,
SL17A78749,LABEL C2030 Agency Label - LSTC,,,No MSPN,
SL17A87438,LABEL C2030 V2 Agency Label - LSTC,,,No MSPN,
SL17B02998,LABEL C2080 Agency Label - LSTC,,,No MSPN,
SL17B04060,LABEL C2030 V2 Agency Label - LSTC,,,No MSPN,
SL17B09087,LABEL C2080 Agency Label - LSTC,,,No MSPN,
SL17B09399,LABEL C2030 V2 Agency Label - LSTC,,,No MSPN,
SL17B09512,LABEL C2030 V1 Agency Label - LSTC,,,M1076215-008,
SL17B21698,LABEL C2030 V1 Agency Label - LSTC,,,M1076215-009,
SL17B21701,LABEL C2030 V2 Agency Label - LSTC,,,M1123771-008,
SL17B23648,LABEL C2080 Agency Label - LSTC,,,M1148134-005,
SL17B29113,LABEL C2080 Agency Label - LSTC,,,M1148134-006,
4C57A80609,C2080 Motherboard Asm I-MX,,,No MSPN,
4F17A80590,C2080 40x56 12V Fan Asm-AVC,,,M1174441-003,
4XB7A81860,WUH722020ALN607 20T SATA HDD M1,,,M1218160-001,
4XB7A82304,H HFS1T9GDE0X098N 1.92T M.2 M1,,,M1204901-001,
4XB7A82377,H HFS3T8GDE0X098N 3.84T M.2 M1,,,M1204902-001,
SF17B04250,FAN C2080 40x56 12V Fan Asm-AVC,,,M1174441-003,
02JG373,MEMORY HMA82GR7AFR4N-VK 16G 26R M1 AVAP,,,M1090780-001,
02JG843,MEMORY HMA84GR7AFR4N-VK 32G 26R M1 AVAP,,,M1039031-001,
02JG844,MEMORY S M393A2K40CB2-CTD 16G M1 AVAP,,,M1073445-001,
02YE611,MEMORY HMA82GR7DJR4N-WM 16G 29R M1 AVAP,,,M1142880-001,
02YE612,MEMORY HMA84GR7DJR4N-WM 32G 29R M1 AVAP,,,M1142879-001,
02YG187,MEMORY MTA18ASF4G72PZ-2G9E1 32G M1 AVAP,,,M1149672-001,
02YH049,MEMORY HMABAGL7ABR4N-WM 128G M1 AVAP,,,M1157636-001,
03GX424,SP ICX XXXX 32C/2.8G/270W RKHC-M1,,,M1172617-001,
03GX928,NETWRK_CRD MCX565A-CDAI_C11 OCP3.0 M1,,,M1168449-001,
03GX933,SSD H HFS960GDE0X098N 960G M.2 M1 AVAP,,,M1204900-001,
03GX936,MEMORY Sam M393A4K40EB3-CWE 32G M1 AVAP,,,M1193831-001,
03GY308,SSD S MZ1LB3T8HALA-00AMV 3.84/o M1 AVAP,,,M1157642-001,
03HA223,MEMORY HMAA4GR7CJR4N-XN 32G 1RX4 M1 AVAP,,,M1185094-001,
03HA864,MEMORY MTA36ASF4G72PZ-3G2R1 32G M1 AVAP,,,M1194278-001,
03KH359,SSD S MZELB15THMLA-000MV E1.L M1 AVAP,,,M1145311-001,
03KH456,SSD WUS4AB0A1DAELE7 15.36T E1.L M1 AVAP,,,M1154387-001,
03KH852,SSD S MZ7L3960HCJR-00AMV 960G M1 AVAP,,,M1192107-001,
SM37A21344,MEMORY HMA82GR7AFR4N-VK 16G M1 AVAP,,,M1090780-001,
SM37A21405,MEMORY HMA84GR7AFR4N-VK 32G 26R M1 AVAP,,,M1039031-001,
SM37A21407,MEMORY S M393A2K40CB2-CTD 16G M1 AVAP,,,M1073445-001,
SM37A68726,MEMORY HMABAGL7ABR4N-WM 128G 29R M1 AVAP,,,M1157636-001,
03KH149,SSD_ASM S MZCL21T9HCJR-00AMV M1 AVAP,,,M1161587-001,
SS17B02224,SCREW M1091391-001,,,M1205727-001,
SM27B02230,MECHANICAL WT-8_X2190,,,M1205729-001,
SM27B02227,MECHANICAL M1159498-002_CORSICA_AIR-DUCT,,,M1205728-001,
SM17B02218,MECH_ASM 01_RISER_SUPPORT_BASE_ASSY,,,M1205720-001,
SC17A98731,CABLE Slot 5 Riser Cable,,,M1205718-001,
SC17B03217,"CABLE Cable EMASSY, SATA Power",,,M1173310-001,
SM17B02215,MECH_ASM 01_CABLE-RISER_SUP_BKT_ASSY,,,M1205719-001,
0000001DC364,MECH_ASM Chassis Active Tray w/ Fuse,,,X887745-002,
0000001DE020,HEATSINK C1030Q CPU 1,,,X898577-001,
0000001DE045,BRACKET Side Wall Post,,,X879150-001,
0000001KM926,CABLE 0.5m 40GbE 30AWG QSFP+,,,X906982-001,
SH47A96575,HEATSINK Radiator,,,No MSPN,
SM37A68617,MEMORY HMA84GR7DJR4N-WM 32G 29R M1 AVAP,,,M1142879-001,
SA17B26162,AC_ADAPTER D2110 Power Adapter Module,,,M1142683-002,
SC57B38214,CARDPOP AVA Card + Mech APAC Hub,,,M1065151-002,
SC17A75607,CABLE 1.0m  DAC 50G Dual TOR Y Cable,,,M1188149-001,
SC17A75608,CABLE 1.5m  DAC 50G Dual TOR Y Cable,,,M1188151-001,
SC17A75609,CABLE 2.0m  DAC 50G Dual TOR Y Cable,,,M1188152-001,
SF17B05059,FAN FAN 12VDC 40MM DELTA TH,,,M1180334-001,
SSG7A75558,SWITCH Arista TOR Switch DCS-7050CX3,,,M1171479-001,
SC17B35660,CABLE 1.5m 100G DAC QSFP-A,,,M1069296-001,
SPU7B34878,PDU Geist PDU 22000W 3U,,,M1186651-001,
4TA7A79818,MAIN BOARD F2010 WCS CERT CERBR,,,M1125478-002,
SC57A87505,CARDPOP Cerebrus Security Card-W,,,M1165085-001,
SC57B02284,"CARDPOP PCBA,MOTHERBOARD,MAIN BOARD",,,M1078323-001,
0000000NV344,LOGIC_IC xCPBDWE52673V4,,,X947990-001,
SC57A75458,"CARDPOP Cerebrus Security Card, W",,,M1081188-001,
SC17A95197,CABLE MB Power and Signal Cable,,,M1200987-001,
SC87A96519,"CHASSIS CHAS,MECH-L3,WDS,S2180S,1U,SNGL",,,M1131272-002,
STA7B30020,ECAT_TLA M.2 BACKPLANE BOARD,,,M1131309-002,
SSD7B35710,SSD_ASM H HFS1T9GEEWX132N 2T E1.S M1,,,M1241667-001,
SSD7B35704,SSD_ASM S MZCL21T9HCJR-00AMV 2T E1.S M1,,,M1189678-001,
SPU7A75771,PDU 42U Vertical PMDU v1.2,,,M1115934-001,
SM27A78110,MECHANICAL Foxconn WNMBC00-2NNK0-EH,,,M1124087-001,
SC57A94479,CARDPOP C2184 MB DVT L3,,,No MSPN,
4C57A80445,C2184 V3 DVT MB,,,No MSPN,
4C57A82232,C2184_Riser 2 (CP FPGA)-PV,,,M1182880-001,
SM17B34605,MECH_ASM MSFT 42U Rack,,,X906838-002,
SC87B26811,"CHASSIS C2080 1U Chassis Asm, AVC",,,M1172998-002,
SL17B32825,LABEL C2080 Agency Label - LSTC,,,M1148134-007,
SL17A92184,LABEL MS regulatory label C2184-China,,,No MSPN,
SL17A97213,LABEL C2030 V2 Agency Label - LSTC,,,No MSPN,
SL17A98579,LABEL MS regulatory label C2288-EVT2,,,No MSPN,
SL17B06795,LABEL MS regulatory label LSTC C2184.12,,,M1203425-001,
SL17B31063,LABEL C2288 Agency-LSTC M1241030-002,,,No MSPN,
SB47B26018,BRACKET C2184_PMDU_ALIGNMENT_BRACKET,,,M1191205-001,
4C57A82318,C2184_GP Option_PV,,,M1207354-901,
SM17B34627,MECH_ASM C2184_CHASSIS_PVT,,,M1241694-002,
02YH994,BDPLANAR ThinkSystem C2030/S2130 MB,,,M1089834-002,
SM37A91196,MEMORY Sam M386AAG40BM3-CWE 128G M1 AVAP,,,M1193090-001,
SM37A21411,MEMORY MTA36ASF2G72PZ-2G6F1 16G M1,,,M1107679-001,
02JG935,MEMORY MTA36ASF2G72PZ-2G6F1 16G M1 AVAP,,,M1107679-001,
SSS7B25865,SSD WUS4BB038D4MBE7 3.84T M.2 M1a,,,M1182190-001,
02JK061,MEMORY S M393A8G40MB2-CVF 64G M1 AVAP,,,M1125284-001,
02YE613,MEMORY MTA18ASF2G72PZ-2G6J1 16G M1 AVAP,,,M1145206-001,
02YH434,HDD WUH721414ALN600 14T 4k IPDC M1 AVAP,,,M1123459-001,
03GY720,MEMORY HMA84GR7DJR4N-XN 32G M1 AVAP,,,M1171184-001,
03HA162,HDD ST18000NM018J 18T 3.5 SED M1 AVAP,,,M1161590-001,
03HA589,HDD ST16000NM007G 16T 3.5 HDD M1 AVAP,,,M1128012-001,
03KH167,SSD H HFS3T8GDE0X098N 3.84T M.2 M1 AVAP,,,M1204902-001,
03KH457,HDD WUH721818AL4206 18T SED HDD M1 AVAP,,,M1143307-001,
03KH711,MEMORY Sam M393A8G40BB4-CWE 64G M1 AVAP,,,M1194271-001,
4C57A85000,CP Riser BOM A PVT Option,,,M1180245-001,
4C57A86144,DCSCM w/o MiniDP/USB BOM D PVT PC OPT,,,M1180245-001,
4F17A85015,elta 4056 Fan Module PVT Option,,,M1186416-003,
4F17A85018,AVC 4028 Fan Module PVT Option,,,M1202127-002,
4P57A84998,PSU P2012 Flex PVT Option,,,M1179905-001,
4X97A84996,MB Power & Signal cable-PVT Option,,,M1243955-001,
STA7B38283,ECAT_TLA Glacier Peak-PVT_M1262026-001,,,M1262026-001,
SM17A71684,MECH_ASM ASM 25K FAN UPPER MODULE,,,No MSPN,
SM27A65549,MECHANICAL TE 2-2330552-2,,,M1124087-001,
SC87B35467,CHASSIS OCS J2010 JBOD L6 Asm w/efuse,,,M1260223-001,
SC57B28828,CARDPOP C9887 CPU BD-DV A(GCE-CN+R+1st),,,M1263169-001,
SB27B28804,BDPLANAR C9887 MB-DV C(WUS+R+1st),,,M1263165-001,
SC57B28830,CARDPOP C9887 CPU BD-DV C(WUS+R+1st),,,M1263174-001,
SM17B10746,MECH_ASM C9887-B_E1S_TRAY_Southco,,,No MSPN,
SC87B09601,CHASSIS S2284-CHASSIS,,,M1250960-001,
SC57B28831,CARDPOP C9887 PDB  DVT BOM A,,,M1263177-001,
SC57B28829,CARDPOP C9887 CPU BD-DV B(GCE-TW),,,M1236763-001,
SC57B36647,CARDPOP S2284 DVT PDB A,,,M1264280-901,
SM17B29977,MECH_ASM C9887-B_rail,,,M1245250-001,
SM17B23288,MECH_ASM S2284_SLIDE_RAIL,,,M1245634-001,
SC57B28833,CARDPOP C9887 PIB DVT BOM A,,,M1263547-001,
SF17B29042,FAN C9887-B_FAN_MODULE_DELTA,,,No MSPN,
SM17B32698,MECH_ASM C9887-B_E1S_PANEL_MODULE_R_TE,,,No MSPN,
SM17B32696,MECH_ASM C9887-B_E1S_PANEL_MODULE_L_TE,,,No MSPN,
SC57B28832,CARDPOP C9887 PDB  DVT BOM B,,,M1263546-001,
4C57A72417,J2010 JBOD HDD Board,,,M1023839-002,
SC57B27663,CARDPOP C9887 CPU Board EVT2 SCC,,,No MSPN,
4B27A09318,J2010 JBOD Main MB,,,M1086966-001,
SB27B27495,BDPLANAR C9887 Main Board EVT2 GCE,,,No MSPN,
SC17B06533,CABLE J2010 JBOD 300mm 12V Cable,,,M1027847-002,
SM17B28818,MECH_ASM C9887-B_E1S_PANEL_MODULE_L,,,No MSPN,
SM17B28820,MECH_ASM C9887-B_E1S_PANEL_MODULE_R,,,No MSPN,
SC57B28834,CARDPOP C9887 PIB DVT BOM B,,,M1263183-001,
4XF7A72433,J2010 JBOD Power CMA,,,M1027868-001,
SM17B21353,MECH_ASM C9887-B_rail,,,No MSPN,
SC17B06535,CABLE J2010 JBOD 300mm 12V Cable  5,,,M1075415-002,
SA27B10744,AIRDUCT C9887-B_MAIN_AIRDUCT,,,No MSPN,
SC57B28835,CARDPOP C9887 SIDEBAND CARD DVT BOM A,,,M1263548-001,
4X97A72422,J2010 400mm Fan Power Cable,,,No MSPN,
4X97A79650,"1.5m Relay Cable, RoW-H",,,M1150995-001,
SC17A53372,CABLE 1828mm RJ45 Management Cable,,,M1019946-001,
SC17B26159,CABLE 4268mm RJ45 Mgmt Cable,,,M1019946-009,
SC17B38677,"CABLE CBL, DAC, 1.5M AMP 100G 30A",,,M1176179-001,
SC17B38678,"CABLE CBL, DAC, 1.0M AMP 100G 30A",,,M1176180-001,
SC17B38679,"CABLE CBL,CSTM,204mm,S2185",,,M1189572-001,
SC17B38680,"CABLE CBL,CSTM,370mm",,,M1200539-001,
SC17B38682,"CABLE CBL,CSTM,740mm",,,M1200546-001,
SC17B38684,"CABLE CBL,CSTM,248mm",,,M1200551-001,
SC17B38685,"CABLE CBL,CSTM,160mm",,,M1200552-001,
SC17B38686,"CABLE CBL, DAC, 2.0M AMP 100G 30A",,,M1203748-001,
SC17B38687,"CABLE CBL,CONN,MCIO X8- PCIE 98P",,,M1249786-001,
SC17B38688,"CABLE CBL EMASSY,FAN,SNGL SCKT,FANS 3-5",,,M1211764-001,
SCB7B34554,"COVER FILLER,IO BLANK,PCIE",,,M1143551-001,
SL27A94164,"LATCH MASSY,LATCH,EDSFF,15 MM - E1.S",,,M1152277-003,
SM17B26161,"MECH_ASM REAR CABLE TRAY, G6 42U",,,M1083523-001,
SPU7B26163,"PDU PDU, 22000W, 3U",,,M1206025-001,
4C57A15089,J2010 JBOD Midplane,,,M1086965-001,
SC17A85109,CABLE J2010 JBOD 170mm Cable,,,M1027852-001,
SC17B06538,CABLE J2010 JBOD 300mm 12V Cable  6,,,M1075416-002,
4C57A15092,J2010 JBOD Fan Board,,,M1023603-001,
SC17A85108,CABLE J2010 JBOD 450mm Fan Cable,,,M1027851-001,
SM17A85112,MECH_ASM J2010 JBOD Power CMA,,,M1027868-001,
4X97A72419,J2010 JBOD Mini-SAS Chain Cable,,,M1027871-001,
SC57B35143,CARDPOP C9887 PDB DVT2 BOM A,,,M1266503-001,
SC57B22700,CARDPOP S2284 EVT PDB,,,M1242984-900,
SA27B10743,AIRDUCT C9887-B_MAIN_AIRDUCT,,,No MSPN,
SC87B22769,CHASSIS C9887-B_CHASSIS,,,No MSPN,
SC57B28836,CARDPOP C9887 SIDEBAND CARD DVT BOM B,,,M1263186-001,
SM27B10762,MECHANICAL C9887-B_E1S_FILLER,,,No MSPN,
4X97A72426,J2010 JBOD 170mm Cable,,,M1027852-001,
4F17A72434,J2010 JBOD Fan Module,,,M1082048-001,
SM17B28816,MECH_ASM C9887-B_CPU_BD_SUPPORT,,,No MSPN,
4X97A72421,J2010 JBOD 300mm 12V Cable 6,,,M1075416-001,
4X97A72432,J2010 JBOD 300mm 12V Cable,,,M1027847-001,
SC17A85106,CABLE J2010 JBOD 300mm 12V Cable 6,,,M1075416-001,
4C57A15090,J2010 JBOD DC PDB,,,M1023580-002,
SM17B29978,MECH_ASM C9887-B_rail,,,M1276282-001,
SP17B26499,PACKAGING Bottom Cushion_S2284,,,No MSPN,
SM17B21354,MECH_ASM C9887-B_CMA,,,M1245251-001,
4X97A72420,J2010 JBOD 300mm 12V Cable 5,,,M1075415-001,
4X97A72423,J2010 JBOD 450mm Fan Cable,,,M1027851-001,
4XF7A72436,J2010 JBOD HDD Carrier,,,M1027014-001,
SC57B36657,CARDPOP S2284 DVT PDB B,,,M1264280-902,
SP17B26500,PACKAGING Top Cushion_S2284,,,No MSPN,
4C57A15091,J2010 JBOD AC PDB,,,M1023578-001,
SC17A85105,CABLE J2010 JBOD 300mm 12V Cable  5,,,M1075415-001,
4XF7A72456,OCS J2010 Slide Rail Bracket,,,M1027007-001,
SC17A85110,CABLE J2010 JBOD 210mm DC PDB Cable,,,M1027848-001,
4C57A15093,J2010 JBOD IO Board,,,M1023585-001,
SC17A85103,CABLE J2010 JBOD Terminal Cable,,,M1031304-001,
SC87B09599,CHASSIS S2284-CHASSIS,,,M1250960-900,
SM17B08623,MECH_ASM C9887-B_CPU-BOARD-TRAY,,,No MSPN,
SC57B35144,CARDPOP C9887 PDB DVT2 BOM B,,,M1266505-001,
4X97A72418,J2010 JBOD Terminal Cable,,,M1031304-001,
SM17B08620,MECH_ASM C9887-B_MB_TRAY,,,No MSPN,
SM27B10761,MECHANICAL C9887-B_E1S_FILLER,,,No MSPN,
SM17B09062,MECH_ASM C9887-B_MB_HANDLE,,,No MSPN,
SM17B23545,MECH_ASM C9887-B_E1S_PANEL_MODULE,,,No MSPN,
03GX071,CABLE J2010 JBOD 300mm 12V Cable,,,M1027847-001,
SS17B10768,SCREW C9887-B-M3_L8_upi_SCREW,,,M1275017-001,
SL17B20749,LABEL C9887 UPI Mapping label 1st,,,M1267241-001,
4X97A72692,530mm S2130 0-3 HDD Cable,,,M1117899-001,
SM17B08629,MECH_ASM C9887-B_PIB_MODULE_L,,,No MSPN,
SM17B08626,MECH_ASM C9887_B_PDB_TRAY-BKT-ASSY,,,No MSPN,
SL17B20750,LABEL C9887 UPI Mapping label 2nd,,,M1267244-001,
SCB7B27389,COVER S2284-E1S-Ejector-Cap,,,M1252940-900,
SH47B39010,HEATSINK CPU_RHS,,,M1242439-002,
SSG7B35237,SWITCH Citrix MPX-16201T Load Balancer,,,M1247347-001,
SH47B39009,HEATSINK CPU_RHS,,,M1242424-002,
SHD7B38725,HDD Tos MG10ACP20TA 3.5 20T SED M1 AVAP,,,M1242982-001,
SL17B32331,LABEL C9887 Left Ear label 1st,,,M1267245-001,
SL17B32332,LABEL C9887 Left Ear label 2nd,,,M1267246-001,
SL17B32333,LABEL C9887 Right Ear label w/ Lenovo,,,M1267247-001,
SL17B09402,LABEL S2130 V2 Agency Label - LSTC,,,No MSPN,
SL17B20748,LABEL C9887 Right Ear Lenovo logo label,,,No MSPN,
SL17B20751,LABEL C9887 Airduct Sys Mapping label1,,,No MSPN,
SL17B20752,LABEL C9887 Airduct Sys Mapping label2,,,No MSPN,
SL17B20747,LABEL C9887 Left Ear label 2nd,,,No MSPN,
SL17B20746,LABEL C9887 Left Ear label 1st,,,No MSPN,
SL17A97216,LABEL S2130 V2 Agency Label - LSTC,,,No MSPN,
SL17A87866,LABEL S2130 V2 Agency Label - LSTC,,,No MSPN,
SL17B39888,LABEL S2284 Agency-China M1267486-001,,,M1267486-001,
SCB7B27390,COVER S2284-E1S-Ejector-Cap,,,M1252940-001,
SM27B08632,MECHANICAL C9887-B_SIDEBAND_CARD_BRKT,,,No MSPN,
SP17B30757,PACKAGING HSC outer carton_C9887,,,No MSPN,
SP17B26301,PACKAGING C2184 Rail PKG Suit,,,No MSPN,
SP17A85768,PACKAGING S2130 Top Foam Cushion,,,No MSPN,
SP17A85769,PACKAGING S2130 Bottom Foam Cushion,,,No MSPN,
4B27A82233,C2184 MB-PV,,,M1176261-001,
4B27A82320,C2184 PV MB BOM-A PC OPT-Guad,,,No MSPN,
4B27A09306,SR650 MLK MB FOR M1,,,M1128114-001,
4B27A09302,SR650 MB for M1,,,M1102202-001,
4TA7A68438,Mg MB for M1 7.0,,,M1126919-001,
STA7A48744,ECAT_TLA M1030 Chassis Manager V2,,,No MSPN,
SL17B37719,LABEL C2184.12 Agency-MTY M1241098-003,,,M1241098-003,
SM17A96008,MECH_ASM J2010 JBOD Rail Kit (OPT/FRU),,,M1027007-001,
4X97A79739,CBL EMASSY CABLE FAN FANS 3-5 S2180,,,M1157195-001,
4X97A79740,CBL EMASSY CABLE FAN FANS 0-2 S2180,,,M1157196-001,
SL17B33799,LABEL S2180E Agency Label Kit - LSTC,,,M1157023-005,
SL17B33801,LABEL S2180E Agency Label Kit - Ullo,,,M1157023-005,
SL17B33803,LABEL S2180S Agency Label Kit - Ullo,,,M1126553-005,
SL17B33804,LABEL S2180S Agency Label Kit - LSTC,,,M1126553-005,
4XF7A84138,Rail Kit for C9887,,,M1276282-001,
SC17A96530,"CABLE CBL EMASSY,CABLE,FAN,FANS 0-2",,,M1157196-001,
SB27B04226,"BDPLANAR C2030/S2130 MB w/ Byp, W-TW",,,M1089834-001,
SB27B04246,"BDPLANAR C2030/S2130 MB w/ CSR, I-MX",,,M1089834-002,
STA7A43661,ECAT_TLA C2030/S2130 MB Assembly,,,M1089834-001,
STA7A43662,ECAT_TLA C2030/S2130 MB Assembly,,,M1089834-001,
SC57B38216,"CARDPOP C2080 1U Riser Card, APAC Hub",,,M1126119-001,
SC57B38217,"CARDPOP C2080 FPGA Riser Card, APAC Hub",,,M1126119-001,
SC87B29201,"CHASSIS C2080 1U Chassis Asm, WT",,,M1126123-001,
SC87B33387,"CHASSIS C2080 1U Chassis Asm, ING",,,M1172998-002,
SB27B23594,"BDPLANAR C2080 Motherboard Asm, I-TW",,,M1119344-001,
0000039M5540,LINECORD Fig. 56 - 1.5M,,,M1270603-001,
SC17B38681,CABLE CBL CSTM 441.3mm,,,M1200545-001,
SC17B38683,CABLE CBL  AMP P2010,,,M1200550-001,
SM27A78111,MECHANICAL Lotes AZIF0193-P001C11,,,M1165650-001,
SC87B35839,CHASSIS C9887_CHASSIS_M1,,,M1275018-001,
SHD7B44971,HDD ST20000NM017D 20T 3.5 SAS M1 AVAP,,,M1259410-001,
01KM761,MSFT Universal PDU,,,M1033538-001,
01DC392,DCG Server Option,,,M1077133-001,
4XB7A15910,Sam PM1725B 6.4T 2.5 SSD,,,M1102221-001,
SSS7A23247,SSD Sam PM983 960G M.2 NVMe SSD,,,M1077133-001,
SSG7B32082,SWITCH 1G Mgmt. Switch PSI NTAG,,,M1135700-001,
SSG7B34876,SWITCH Arista DCS-7060CX-32S NTAG,,,M1135697-001,
SHD7B44973,HDD ST20000NM017D 20T 3.5 SAS M1aAVAP,,,M1259410-001,
SM37B38629,MEMORY HMCGM4MEBRB CS 96G 48R M1aAVAP,,,M1255000-001,
SG27B45428,GPU Generic L40 48G PCIe Gen4 Pas,,,M1279520-001,
SB27B38704,BDPLANAR PCBA,,,M1205304-003,
SB47B38699,BRACKET M Assembly,,,M1215571-002,
SC17B38689,CABLE CBL EMASSY FAN SNGL SCKT FANS 0-2,,,M1211765-001,
SF17B38691,FAN FAN,,,M1205954-001,
SH47B38692,HEATSINK HEAT SINK,,,M1204096-001,
SM17B38701,MECH_ASM Dummy Ruler,,,M1211758-002,
SM17B38703,MECH_ASM PCBA,,,M1200247-002,
SM27B38695,MECHANICAL Clip,,,M1205306-001,
SM27B38700,"MECHANICAL Screw, M3x4MM, T10, Pan Wash",,,M1204112-001,
SSS7B45071,SSD KLD2DLJC30T7 30.7T E1.L SSD M1 AVAP,,,M1274386-001,
SM37B31923,MEMORY MTC40F2046S1RC48BA1 64G M1a AVAP,,,M1201250-001,
SM37B33475,MEMORY HMCGY4MEBRB 48G 48R M1a AVAP,,,M1255001-001,
SM37B38630,MEMORY HMCGM4MGBRB CS 96G 56R M1 AVAP,,,M1242810-001,
SC17B06476,CABLE Fan Cable with Intrusion Switch,,,M1200986-001,
SC17B06477,CABLE Fan Cable For Dual Rotator,,,M1200985-001,
SSA7B69359,SP Intel SPR 8487C PRQ Free sample M1,,,M1267252-001,
SSA7B67819,SP Intel EMR ES2 Q2SE,,,M1277714-001,
SSA7B67817,SP Intel EMR ES0 Q2M1,,,No MSPN,
SG17A25078,GBM Crate BOM,,,No MSPN,
SG17A25079,GBM Crate BOM,,,No MSPN,
SG17A25080,GBM Crate BOM,,,No MSPN,
SP57B38693,PWR_SUPPLY PSU,,,M1205309-001,
SB47B38696,BRACKET BRACKET,,,M1218207-002,
4C57A87816,SCM PC OPT-New GB no Mini-DP/USB-LCFC,,,M1180245-002,
SM27B10763,MECHANICAL C9887-B_E1S_FILLER,,,M1275006-001,
SSS7B41112,SSD I SSDPEWNV153T8D 9.5mm 15T M1aAVAP,,,M1267397-001,
0000001KM917,CARDPOP C1040 Compute Node Motherboard,,,X947414-001,
4B27A90077,BDPLANAR C2184 MB_MP LCFC_rework opt,,,M1176261-006,
SM37B09671,MEMORY HMA84GR7DJR4N-VK 32G 26R M1a AVAP,,,M1176675-001,
SM37B42247,MEMORY MTA18ASF4G72PZ-3G2F1 32G M1aAVAP,,,M1211908-001,
SSS7B69274,SSD I SSDPEWNV153T8D 9.5mm 15T M1aAVAP,,,M1162670-001,
SSS7B10708,SSD WUS4BB096D4MBE6 960G M.2 M1a AVAP,,,M1180325-001,
SSS7B64320,SSD HFS960GDJ0X132N 960G M.2 M1aAVAP,,,M1252799-001,
02JK845,ECAT_TLA Mg MB for M1 7.0,,,M1126919-001,
02JK846,ECAT_TLA Mg board for M1 6.1,,,M1102207-001,
STA7B46023,ECAT_TLA Glacier Peak Card_M1256793-900,,,M1256793-900,
4XB7A69720,ST6000NM037A 6T 3.5/o HDD M1,,,M1128319-001,
SL17B06303,LABEL MSPN:M1253250-001 Rev G,,,M1253250-001,
SL17B10804,LABEL MSPN:M1238028-001 Rev K,,,M1238028-001,
SL17B45995,LABEL C2184 Agency - MTY M1241098-004,,,M1241098-004,
SL17B67709,LABEL C21A0 Agency - MTY M1251741-001,,,M1251741-001,
SM37B31920,MEMORY S M321RAGA0B20-CWK 128 M1 AVAP,,,M1216324-001,
SM37B06499,MEMORY MTA18ASF2G72PZ-3G2R1 16G M1,,,M1194277-001,
SM37B39624,MEMORY HMAG74EXNRA 16G 1RX4 M1 AVAP,,,M1249634-001,
03KH775,MEMORY MTA72ASS8G72LZ-2G9J2 64G M1 AVAP,,,M1157639-001,
4X77A08613,M 16G 2Rx4 PC4-2666 1.2V M1,,,M1107679-001,
02JK314,SSD H HFS960GD0FEG-A430A M.2 -M1 AVAP,,,M1116291-001,
02YH474,CARDPOP J2010 JBOD Fan Board,,,M1023603-001,
02YH993,BDPLANAR ThinkSystem C2030/S2130 MB,,,M1089834-002,
03GX796,SSD S MZ1L2960HCJR-00AMV 1T M.2 M1 AVAP,,,M1159486-001,
03GY306,SSD S MZ1LB1T9HBLS-00AMV 1.92/o M1 AVAP,,,M1157641-001,
03KM138,MECH_ASM C2184 SLIDE RAIL FRU,,,M1183378-001,
03KM190,CHASSIS C2184 L3 Chassis FRU,,,M1241694-001,
4C57A82231,C2184_Riser 1 (HHHL PCIe)-PV,,,M1182878-001,
4C57A82322,C2184 PV CP Riser2 BOM-A PC OPT-Guad,,,No MSPN,
4C57A86201,C2184 RISER1 BOM A PVT OPTION,,,M1182878-001,
4X77A12196,M1 S 32GB 2Rx4 2933MHz D-Die,,,M1150894-001,
4XC7A39494,M1 SR950 (2) x16 PCIe Riser,,,M1250826-001,
4XF7A85033,C2184 CHAS PVT Option,,,M1241694-001,
4XF7A87839,C2184 E1S Latch-SIT (trimming),,,M1152277-003,
4ZC7A15145,H 32G 2Rx4 PC4-2666 1.2V M1,,,M1039031-001,
SB27B46802,BDPLANAR J2010 JBOD L6 Asm,,,M1074294-002,
SB27B46804,BDPLANAR J2010 JBOD L6 Asm,,,M1074294-002,
SC17A98396,"CABLE CBL,INT,450MM,C2190,OCULINK,FPGA",,,M1161756-002,
SC17B35005,CABLE J2010 JBOD 400mm Fan Power Cable,,,M1027850-002,
SG17B26469,GBM C2184 Slide Rail Kit Package,,,No MSPN,
SL17B68860,LABEL C2080 Agency Label - MTY,,,M1148134-008,
SL17B68861,LABEL C2080 Agency Label - LSSC,,,M1148134-008,
SM27B36315,MECHANICAL C2184_E1.S_DUMMY_TEXTURE,,,No MSPN,
SP17A66451,PACKAGING M1_Gen8_MB_Carton,,,No MSPN,
SP17B30011,PACKAGING J2010 Rail Kit PKG Suit,,,No MSPN,
SSD7B32329,SSD_ASM HFS7T6GEEWX132N E1.S M1-9887,,,M1206001-001,
SSS7B69273,SSD I SSDPEWNV153T8D 9.5mm 15T M1 AVAP,,,M1162670-001,
STA7B47074,ECAT_TLA C2184 reworked MP SCM assembly,,,M1180245-001,
SPU7B31227,PDU 48U 17.2kW NTAG PMDU w/ Mylar,,,M1236418-001,
SC17B35738,CABLE 2U FAN/PDB/Intrusion Cable,,,M1241884-001,
SC17B35739,CABLE SAS/SATA Simple Swap Cable,,,M1241830-001,
SC17B35741,CABLE 2U PDB Power Cable,,,M1241883-001,
SC17B35743,CABLE Thermal Sensor Cable,,,M1241885-001,
4TA7A72708,C2030 Motherboard Assembly Cert Wiwynn,,,M1089834-002,
4XB7A64392,H HFS960GD0FEI-A430A M.2 M1-HM,,,M1143858-001,
SM37A68711,MEMORY MTA144ASQ16G72PSZ-2S6E1 M1 AVAP,,,M1153671-001,
SC87B38698,CHASSIS EM Assembly,,,M1203995-001,
SC87B38690,CHASSIS Chassis,,,M1245279-001,
SF17B09938,FAN C9887-B_FAN_MODULE,,,M1238072-001,
SH47B31065,HEATSINK CPU HS,,,No MSPN,
SF17B55807,"FAN FAN,13.2VDC,L80MM 40X56 FAN, AVC",,,M1248369-001,
SM17B38705,MECH_ASM PCBA,,,M1247300-002,
SM27B42140,"MECHANICAL DUCT,ASSY,AIRDUCT,FILLER,PSU",,,M1244725-001,
SB47B38697,BRACKET BRACKET,,,M1245305-001,
4C57A90156,MP CP Riser2(BOM A) rework PC OPT-LCFC,,,M1182880-003,
SSS7B64510,SSD KXDZFRJ91T12 XD7P E1.S 1.92T M1 AVAP,,,M1253608-001,
SM37B06583,MEMORY MTC20F1045S1RC48BA2 W/CE M1 AVAP,,,M1191322-001,
SSS7B00301,SSD MZCLO3T8HBLT-00AMZ 4T E1.S M1,,,M1260953-001,
SSS7B00302,SSD MZCLO3T8HBLT-00AMZ 4T E1.S M1a,,,M1260953-001,
SC17A62021,CABLE 10ft Management Cable,,,M1019946-010,
SB47A39963,BRACKET PCI-e HH Dummy Bracket,,,No MSPN,
SB47A61865,BRACKET PHY NON-PERFORATED FILLER,,,No MSPN,
SM17B74302,MECH_ASM M1 48U High Power Rack,,,M1164820-001,
SC17B39975,CABLE External UPI Cable,,,M1274873-001,
SC17B39973,CABLE Internal UPI3 Cable,,,M1274861-001,
SC57B39591,CARDPOP C9887 PVT PIB BOM A(AMP),,,M1236766-001,
SA27B10745,AIRDUCT C9887-B_MAIN_AIRDUCT,,,M1275009-001,
SC17B39987,CABLE E1.S Intrusion Switch Cable,,,M1274945-001,
SC17B39986,CABLE Front Intrusion Switch Cable,,,M1274944-001,
SC17B39985,CABLE TOP Cover Intrusion Switch Cable,,,M1274942-001,
SC17B39974,CABLE Internal UPI0/1 Cable Kit,,,M1274871-001,
SC17B39971,CABLE CPU Board Power Cable 1,,,M1274865-001,
SC17B39972,CABLE CPU Board Power Cable 2,,,M1274867-001,
SM17B35844,MECH_ASM C9887-B_E1S_PANEL_MODULE_R,,,M1275013-001,
SM17B35842,MECH_ASM C9887-B_E1S_PANEL_MODULE_L,,,M1275010-001,
SC57B39593,CARDPOP C9887 PVT SIDEBAND CARD BOMA(TE),,,M1274855-001,
SC17B39976,CABLE External Sideband Cable,,,M1274875-001,
SC17B39970,CABLE Internal Sideband Cable,,,M1274862-001,
SM17B35841,MECH_ASM C9887-B_CPU_BD_SUPPORT,,,M1275007-001,
SC17B39990,CABLE 30AWG QSFP28 Cable-500mm,,,M1275430-001,
SC17B39989,CABLE CP Uart&Usb Cable,,,M1275429-001,
SC17B39988,CABLE CP Power Cable,,,M1275428-001,
SSG7B28175,SWITCH Arista DCS-7260CX3 Sonic TOR  PSI,,,M1187274-001,
SB47B46098,BRACKET Cable Manager Bracket,,,M1150204-001,
SL17B67710,LABEL C21A0 Agency - LSSC M1251741-001,,,M1251741-001,
SC17B29848,CABLE UPI Cable Kit,,,M1236701-001,
SP57A89400,PWR_SUPPLY Acbel CFFV4 1100W ITIC TT,,,M1204099-002,
SC57B45994,CARDPOP S2284 PVT PDB,,,No MSPN,
SH47B06322,HEATSINK CPU HS,,,M1257868-001,
SC17B06406,CABLE UPI Cable,,,No MSPN,
SC17B06405,CABLE UPI Cable,,,No MSPN,
SC17B06447,CABLE UPI Cable,,,M1236703-001,
SC57A94495,CARDPOP PDB,,,No MSPN,
0000011R5026,PACKAGING 5*50*50*1200mm-90EdgePrct,,,No MSPN,
SC57A94491,CARDPOP PIB,,,No MSPN,
SC17B07757,CABLE 30AWG QSFP28 Cable-500mm,,,M1247364-001,
SC17B06451,CABLE CP Uart&Usb Cable,,,M1236696-001,
SC17B06450,CABLE CP Power Cable,,,M1236695-001,
SC17B22270,CABLE Internal Sideband Cable,,,M1236698-001,
SC87B09603,CHASSIS S2284-CHASSIS,,,No MSPN,
SC57A94499,CARDPOP SideBand Card,,,No MSPN,
SC17B22271,CABLE Power Cable,,,No MSPN,
SH47B06321,HEATSINK CPU HS,,,No MSPN,
SC17B06479,CABLE SAS/SATA Simple Swap Cable,,,M1241830-001,
SC17A95203,CABLE Internal UPI Cable,,,M1236700-001,
SC17A95218,CABLE CPU Board Power Cable,,,M1236699-001,
SL17B27748,LABEL Agency label for LSTC M1235554-001,,,No MSPN,
SF17B20791,FAN System_4056,,,M1213924-001,
SC17B22272,CABLE Power Cable,,,No MSPN,
SC17B29717,CABLE External Sideband Cable,,,M1236704-001,
SC17A95217,CABLE Internal Sideband Cables,,,M1236698-001,
SF17B20792,FAN System_4028,,,M1213923-001,
SC17B06407,CABLE External Sideband Cable,,,No MSPN,
SC17B06489,CABLE External Sideband Cable 2,,,No MSPN,
SC17B28362,CABLE 2U FAN/PDB/Intrusion Cable,,,M1251373-001,
SC17B22282,CABLE Intrusion Switch Cable,,,M1236683-001,
SC17B07758,CABLE CPU Board Power Cable,,,M1248379-001,
SC17B06480,CABLE 2U PDB Power Cable,,,M1241883-001,
SC17B22280,CABLE Intrusion Switch Cable,,,M1236685-001,
SC17B22281,CABLE Intrusion Switch Cable,,,M1236692-001,
SC17B06449,CABLE E1.S Intrusion Switch Cable,,,M1236683-001,
SC17B07756,CABLE E1.S Cable,,,No MSPN,
SC17B06444,CABLE TOP Cover Intrusion Switch Cable,,,M1236685-001,
SC17B06448,CABLE E1.S Cable,,,No MSPN,
SC17B06492,CABLE E1.S Cable,,,No MSPN,
SC17A95204,CABLE E1.S Cable,,,No MSPN,
SC17B06490,CABLE E1.S Cable,,,No MSPN,
SC17B06466,CABLE Front Intrusion Switch Cable,,,M1236692-001,
SC17B06491,CABLE E1.S Cable,,,No MSPN,
SC17B06481,CABLE Thermal Sensor Cable,,,M1241885-001,
SSA7B37856,SP SPR 8455CL E4 Q20G free sample,,,M1262019-001,
SC17A96520,CABLE CBL EMASSY PMBUS SNGL SCKT,,,M1131302-001,
STA7B02286,ECAT_TLA PCBA DAUGHTERBOARD IOM BOARD,,,M1078325-001,
SC17B02287,CABLE CBL RJ45 160mm IO/MB,,,M1081093-001,
SP57B30885,PWR_SUPPLY FSF061-EL1G 750W TT ITIC PSU,,,M1269613-001,
SM17A24432,"MECH_ASM Assm, 2 slot Riser module, SVT",,,No MSPN,
SB47A92557,BRACKET AVA Card Air Blocker,,,M1177666-001,
SPU7B31225,PDU 48U 17.2kW NTAG PMDU,,,M1236416-001,
0000003LF358,LINECORD 3.4M  10A C13-C14  Line Cord,,,M1270021-001,
SPU7B21764,PDU 4U  22.0kW PDU,,,M1187483-001,
SM17B36810,MECH_ASM Rear Cable Tray Kit  48U,,,M1083525-001,
SC57A22912,CARDPOP TPM 2.0 module,,,M1039577-001,
SPU7B27091,PDU 42U Vertical PMDU  v1.2,,,M1131759-002,
SPU7B22699,PDU 42U Vertical PMDU v1.2,,,M1131759-002,
SP27A83192,PAD Hynix PE6110  Top Thermal Pad,,,M1182252-001,
SP27A83193,PAD Hynix PE6110  Bottom Thermal Pad,,,M1182256-001,
4C57A90185,PV GP riser(BOM A) rework PC OPT-LCFC,,,M1207354-903,
SP57A89399,PWR_SUPPLY Acbel CFFV4 1100W ITIC TT,,,M1204099-003,
SF17B20788,FAN System_4028,,,M1186415-003,
SM27B41345,MECHANICAL 1U Airflow Blocker,,,M1235047-001,
4C57A87817,SCM PC OPT-New GB no Mini-DP/USB-GUAD,,,M1180245-002,
SA17B41854,AC_ADAPTER D2111 Power Adapter Module,,,M1242802-001,
SC17A92051,CABLE Ground Cable--500mm,,,M1276107-001,
4C57A87827,Eng SCM PC OPT-New GB+Mini-DP/USB-LCFC,,,M1265677-902,
SM37B38631,MEMORY HMCGM4MGBRB 96G 56R M1,,,M1242810-001,
SSS7B45073,SSD KLD2DLJC30T7 30.7T E1.L SSD M1aAVAP,,,M1274386-001,
SSG7B32560,SWITCH Citrix MPX-9131TE Load Balancer,,,M1247329-001,
SB27B39595,BDPLANAR C9887 PVT MB BOM A(GCE-CN),,,M1274930-001,
SC57B39586,CARDPOP C9887 PVT CPU Board BOM A(GCE),,,M1274848-001,
SC57B37749,"CARDPOP ,A2030,WCS,LOW PROFILE",,,M1129703-001,
SC57B39589,CARDPOP C9887 PVT PDB BOM A(AMP),,,M1236767-001,
SC17B06478,CABLE 2U FAN/PDB/Intrusion Cable,,,M1241884-001,
SA17B28757,AC_ADAPTER D2111 Power Adapter Module,,,M1242802-900,
SSG7B28176,SWITCH Nokia 7215 Switch  PSI,,,M1206215-001,
0000039M5373,LINECORD Cord - 600mm,,,No MSPN,
4TA7A85080,GP FPGA DV1 Option,,,M1197260-922,
SB27B75942,BDPLANAR S2180 Motherboard,,,M1130000-002,
SSG7B42720,SWITCH Arista DCS-7260CX3-64-F SW NTAG,,,M1138219-001,
SSG7B74320,SWITCH Mellanox MSN2700 Switch NTAG,,,M1138218-001,
SM27A00680,"MECHANICAL CPU CLIP, NARROW",,,M1013188-001,
SM37B75603,MEMORY HMCG94AGBRA 64G 2RX4 5600 M1aAVAP,,,M1217722-001,
SC17B72129,CABLE 1.0m 100G DAC QSFP-A,,,M1069295-001,
SC17B75436,CABLE Cable Data SBD MB-PSU 3.3V 180,,,M1159710-001,
SC17B77678,CABLE X2190 180mm Power Cable,,,M1159709-001,
SB47B45989,BRACKET Bracket  HBA Module,,,M1245302-001,
SC17B77679,CABLE C2190 USB Cable AMP,,,M1159705-002,
SA27B67878,AIRDUCT C2190 Air Duct Asm,,,M1159498-002,
SB47B67877,BRACKET C2190 IO Board Bracket,,,M1159501-001,
STA7B41246,ECAT_TLA HBA MODULE RM19A09-V2,,,M1245302-001,
SM27B67876,MECHANICAL C2190 1U Fan Clip,,,M1159499-001,
SM27B67879,MECHANICAL C2190 Wire Clip,,,M1159500-001,
SH47B39011,HEATSINK CPU_RHS,,,M1242442-002,
SC57B37751,CARDPOP Longs Peak FPGA Card,,,M1037380-006,
SP57B46922,PWR_SUPPLY Flex P2011 1800W Non-LES PSU,,,M1205515-002,
4C57A80278,C2080 1U FPGA Riser Card-M1,,,M1126123-001,
4F17A80274,C2080 40x56 12V Fan Asm,,,M1174441-003,
4X77A08681,H 64G 4Rx4 PC4-2933 1.2V M1,,,M1103682-001,
4XB7A64152,M1 H PE6110 960GB M.2 SSD,,,M1143858-001,
4XB7A64415,S MZ1LB960HBJR-00AMV M.2 M1,,,M1157644-001,
4Z57A39627,200mm FPGA USB Cable,,,M1006743-001,
4XB7A64398,M1 HFS3T8GD0FEI-A430A 3.84TB M.2,,,M1156144-001,
4Z57A60502,SR950 OEM Front Cables,,,No MSPN,
4X77A64989,HMAA4GR7CJR4N-XN 32G 1RX4 M1,,,M1185094-001,
4XB7A82850,WUS4AB0A1DAELE7 15.36T E1.L M1,,,M1145311-001,
4TA7A68440,Mg Board for M1 6.1,,,M1102207-001,
SSG7A68585,SWITCH Cisco Nexus 9348 Switch TA SXM,,,No MSPN,
SSS7B69374,SSD Sd SBFPFWBV153TMD E1.L 9.5mm M1 AVAP,,,M1280519-001,
SHD7B76135,HDD Tos MG10SCP20TA 20T SAS HDD M1aAVAP,,,M1242981-001,
SSS7B75765,SSD HFS1T9GEJWX132N 1.92T E1.S M1 AVAP,,,M1291031-001,
SSA7B78892,Intel EMR 8555C 52C/2.1G/350W M1,,,M1297350-001,
SSA7B74239,SP Intel EMR 8573B 52C/2.3G/385W QS,,,M1289849-001,
SSA7B76591,SP Intel SPR 8455C 48C/2.0G/325W M1 AR,,,M1269944-001,
4B27A90816,MP Motherboard BOM C for GUAD PC OPT,,,M1176261-008,
4C57A90157,MP CP Riser2(BOM A) rework PC OPT-GUAD,,,M1182880-003,
4B27A90817,MP Motherboard BOM B for LCFC PC OPT,,,M1176261-007,
4C57A89388,PV GP riser(BOM A) New Buld PC OPT-LCFC,,,M1207354-001,
SSS7B75773,SSD HFS7T6GEJWX132N 7.68T E1.S M1 AVAP,,,M1291036-001,
SL17B34305,LABEL M1 Product Regulatory Label,,,M1118013-002,
SM37A21473,MEMORY HMA84GR7CJR4N-XN 32G 32R M1 AVAP,,,M1112141-001,
SM37B39626,MEMORY HMAG84EXNRA 32G 2RX4 M1 AVAP,,,M1249633-001,
SM37B42246,MEMORY MTA18ASF4G72PZ-3G2F1 32G M1 AVAP,,,M1211908-001,
SSS7B76022,SSD Sd SBFPFWBV307TMD E1.L M1 AVAP,,,M1280523-001,
SSS7B76024,SSD Sd SBFPFWBV307TMD E1.L M1aAVAP,,,M1280523-001,
SM37B31168,MEMORY M MTC20F1045S1RC48BA2 32G M1 AVAP,,,M1191322-001,
SM37B31169,MEMORY MTC20F1045S1RC48BA2 32G M1a AVAP,,,M1191322-001,
SM37B28657,MEMORY S M321RYGA0BB0-CQK 96G M1a AVAP,,,M1250646-001,
SSS7B75769,SSD HFS3T8GEJWX132N 3.84T E1.S M1 AVAP,,,M1291035-001,
03HA157,HDD Tos MG09SCP18TA-new 18T 3.5 M1 AVAP,,,M1183203-001,
4X77A84550,MTA36ASF8G72LZ-3G2F1 64G M1,,,M1249816-001,
4XB7A81859,WUH722020BL4207 20T SAS HDD M1,,,M1218161-001,
4XB7A85308,ST20000NM016D 20T 3.5 SATA HDD M1,,,M1259404-001,
4XB7A86566,MZCL23T8HCLS-00AMV M1-S2284 AVAP,,,M1161592-001,
4XB7A87736,I SSDPEWNV153T8D 15T E1.L M1 AVAP,,,M1162670-001,
4XB7A87779,ST20000NM017D 20T 3.5 SAS M1 AVAP,,,M1259410-001,
4XG7A89297,Intel SPR 8487C 56C/1.9G/350W M1,,,M1269948-001,
SL17B26839,LABEL Agency label - LSTC M1241098-001,,,M1241098-001,
SL17B45996,LABEL C2184 Agency - LSSC M1241098-004,,,M1241098-004,
SP17B73782,PACKAGING M1 Gen8 HS PKG w/ grease cover,,,No MSPN,
SSA7B73316,SP AMD MILAN 7763 64C/280W/2.45G M1,,,M1171419-001,
SSG7B75589,SWITCH MSPN: M1291086-001,,,M1291086-001,
SHD7B38727,HDD Tos MG10ACP20TA 3.5 20T SED M1aAVAP,,,M1242982-001,
SM37B28656,MEMORY S M321RYGA0BB0-CQK 96G M1 AVAP,,,M1250646-001,
SSA7B79787,SP Intel EMR 8573C 52C/2.3G/385W M1,,,M1296452-001,
SHD7B71108,HDD ST24000NM010H 24T 3.5 M1 AVAP,,,M1283382-001,
SC57B79250,"CARDPOP AVA Card + Mech, HS Code",,,M1065151-002,
SHD7B44972,HDD ST20000NM017D 20T 3.5 SAS M1 AVAP,,,M1259410-001,
SSS7B68122,SSD KXDZFRJ93T84 3.84T E1.S M1aAVAP,,,M1253613-001,
SM17B68212,MECH_ASM C2184-L3-CHASSIS-NEW-PBL,,,M1241694-003,
SB27B71237,BDPLANAR C9887 PVT2 MB BOM A(GCE-CN) (MATERIAL ESD,,,M1274930-002,
SB27B72076,BDPLANAR C9887 PVT3 MB BOM A(GCE-CN) (MATERIAL ESD,,,M1274930-003,
SB27B72078,BDPLANAR C9887 PVT3 MB BOM C(WUS),,,M1274934-003,
SC57B71241,CARDPOP C9887 PVT2 CPU Board BOM A(GCE),,,M1274848-002,
SC87B73666,"CHASSIS CHAS,MECH-L3,WCS,S2180 E",,,M1153797-003,
SC87B73667,"CHASSIS CHAS,MECH-L3,WDS,S2180 S",,,M1131272-003,
SSS7B76127,SSD I SSDPFWNV153TZM2 15.36T E1.L M1,,,M1206353-001,
SSS7B76129,SSD I SSDPFWNV153TZM2 15.36T E1.L M1a,,,M1206353-001,
02JG934,MEMORY HMA84GR7JJR4N-VK 32G 26R M1 AVAP,,,M1121908-001,
02YG093,SSD_ASM S MZPLJ6T4HALA-00AMV AIC M1 AVAP,,,M1151723-001,
02YH380,HDD MG08SCA16TA 16T 3.5/o SAS M1 AVAP,,,M1157067-001,
03GX518,MEMORY S M321RAGA0B20-CWK 128 M1 AVAP,,,M1216324-001,
03GX934,HDD WUH722020BL4207 20T SAS HDD M1 AVAP,,,M1218161-001,
03GX935,HDD WUH722020BLN607 20T SATA HDD M1 AVAP,,,M1218160-001,
03KH021,MEMORY S M321R4GA0BB0-CQK 32G M1 AVAP,,,M1215509-001,
03KL095,SSD MZEL215THBLA-00AMV E1.L M1 AVAP,,,M1183099-001,
03KL715,MEMORY HMABAGL7CBR4N-XN 128G 32R M1 AVAP,,,M1243032-001,
03KL877,SSD_ASM HFS7T6GEEWX132N E1.S M1 AVAP,,,M1206001-001,
03LF375,SSD_ASM HFS3T8GEEWX132N E1.S M1 AVAP,,,M1206000-001,
03LF391,HDD_ASM ST16000NM021J 3.5/o SATA M1 AVAP,,,M1235118-001,
4B27A88814,C9887 PVT MB BOM A,,,M1274930-003,
4B27A90078,C2184 MP MB (rework) PC OPT-GUAD,,,M1176261-006,
4B27A90089,C2184 MP MB (rework) KIT OPT-GUAD,,,M1176261-006,
4C57A88817,C9887 PVT CPU Board BOM A,,,M1274848-002,
4C57A88820,C9887 PVT PDB BOM A,,,M1236767-001,
4C57A88822,C9887 PVT PIB BOM A,,,M1236766-001,
4C57A88824,C9887 PVT SIDEBAND CARD BOM A,,,M1274855-001,
4F17A89299,C9887 PVT Fan module(AVC),,,M1238072-001,
4X77A84552,S MZ1L21T9HCLS-00AMV 2T M.2 M1,,,M1159487-001,
4XF7A80313,1047mm Slide Rail Extension-M1,,,M1173314-001,
SM37B76132,MEMORY S M393A8G40CB4-CWE 64G M1 AVAP,,,M1262261-001,
SC57B71244,CARDPOP C9887 PVT2 PDB BOM A(AMP),,,M1236767-002,
SC57B71756,CARDPOP C9887 PVT3 PDB BOM A(AMP),,,M1236767-003,
STA7B82292,ECAT_TLA S2180 M.2 BP,,,M1131309-002,
SM37B79226,MEMORY S M393A4G40BB3-CWE 32G M1aAVAP,,,M1215519-001,
SC57A85258,C2030 H44ZD CARD_P 6C23S2 CERB MP,,,M1165085-001,
SC57B39592,CARDPOP C9887 PVT PIB BOM B(FXN),,,M1274853-001,
SC57B39594,CARDPOP C9887 PVT SIDEBANDCARD BOMB(MLX),,,M1274856-001,
SF17B29043,FAN C9887-B_FAN_MODULE_DELTA,,,M1274878-001,
SH47B41234,HEATSINK C9887_CPU_2U EVAC HS_AVC_BLR,,,No MSPN,
SL17B68862,LABEL C2080 Agency Label - Ullo,,,M1148134-008,
SL17B81467,LABEL C2030 V2 Agency Label - Budapest,,,M1123771-010,
SM17B69622,MECH_ASM C9887 L11 SHIPPING BRACKET,,,No MSPN,
SM17B76571,MECH_ASM C2184-L3-004-PCR-CHASSIS-AVC,,,M1241694-004,
SP17B37615,PACKAGING C9887 PDU_Top EPE,,,No MSPN,
SP17B37616,PACKAGING C9887 PDU_Bot_EPE,,,No MSPN,
SP17B37617,PACKAGING C9887 PDU_Carton,,,No MSPN,
SP17B42891,PACKAGING PKG SET-C9887 air_duct,,,No MSPN,
SP17B42892,PACKAGING PKG SET-C9887 rail_kit,,,No MSPN,
SP17B42894,PACKAGING PKG SET-C9887 cables,,,No MSPN,
SP17B42895,PACKAGING PKG SET-C9887 Fan6056,,,No MSPN,
SP17B42898,PACKAGING PKG SET-C9887 EVAC_HS,,,No MSPN,
STA7B37443,ECAT_TLA S2180 M.2 BP,,,M1131309-500,
SSG7A92200,SWITCH Mlnx SN3700 200Gb Mgd CMLS oPSE,,,M1280803-001,
SSG7B06526,SWITCH NV QM9700 NDR IB Mgd oPSE,,,M1280703-001,
SSG7B27990,SWITCH NV SN4600 200Gb Mgd CMLS oPSE,,,M1280643-001,
SC17B67885,CABLE C2190 180mm Power Cable,,,M1203595-001,
SC57B67883,CARDPOP C2190 M.2 Riser Card,,,M1116362-001,
STA7B08079,ECAT_TLA MOTHERBOARD,,,M1154122-002,
STA7B67874,ECAT_TLA C2190 IO Board Asm,,,M1159708-001,
SF17B78742,"FAN FAN,12VDC,40MM,DELTA TH",,,M1180334-001,
STC7B05673,TRANSCVR NDRx2 OSFP800 IB Twin TRNSCV,,,M1280780-001,
4X77A90985,HMCG94AGBRA 64G 2RX4 M1AVAP,,,M1217722-001,
03GY730,HDD WUH721818ALN6L6 18T 3.5 M1 AVAP,,,M1156354-001,
4X77A84551,HMABAGL7CBR4N-XN 128G 4RX4 M1,,,M1243032-001,
4XB7A84578,MZCLO7T6HBLA-00AMZ 7.68T E1.S M1,,,M1206007-001,
4XB7A86565,HFS3T8GEEWX132N M1-S2284 AVAP,,,M1206000-001,
03KM925,HEATSINK C9887_CPU_2U EVAC HS_AVC_DV,,,No MSPN,
SHD7B71110,HDD ST24000NM010H 24T 3.5 M1aAVAP,,,M1283382-001,
SM37B41118,MEMORY MTA72ASS8G72LZ-3G2R2 64G M1aAVAP,,,M1249971-001,
SSS7B82468,SSD Sd SSDPFWNV153TZD 15.36T E1.L M1a,,,M1206353-001,
SM37B41117,MEMORY MTA72ASS8G72LZ-3G2R2 64G M1 AVAP,,,M1249971-001,
SL17B79795,LABEL M1 Product Regulatory Label,,,M1118013-003,
SL17B84794,LABEL C2184.12 Agency M1241098-005 MX,,,M1241098-005,
STA7B67791,ECAT_TLA Celestial Peak FPGA Card,,,M1096519-005,
SPU7B79251,PDU 48U Vertical PMDU w/ Mylar-I,,,M1131758-002,
4C57A88411,PV En SCM PC OPT+GF Fix+Mini-DP/USB-LCFC,,,M1180245-908,
4C57A88412,MP SCM PC OPT+GF Fix+No Mini-DP/USB-LCFC,,,M1180245-001,
SN37B77646,Mellanox CX7 NIC 3.0; CX7134DAS-VEAI_C11,,,M1296705-001,
SSS7B29129,SSD HFS7T6GEEWX132N 7.68T E1.S M1 AVAP,,,M1206001-001,
SB27B77017,"BDPLANAR C2080 MB, M1119344-004, WI",,,M1119344-001,
SB27B77018,"BDPLANAR C2080 MB, M1119344-004, ING",,,M1119344-004,
SM37A68875,MEMORY Sam M393A8G40BB4-CWE 64G M1 AVAP,,,M1194271-001,
SM37B87451,MEMORY Sam M393A4G40CB3-CWE 32R 32G M1,,,M1272230-001,
SM37B87452,MEMORY Sam M393A4G40CB3-CWE 32R 32G M1a,,,M1272230-001,
03GY728,SSD WUS4AB0A1D9ELE8 15.36T E1.L M1 AVAP,,,M1173431-001,
03KM186,PWR_SUPPLY Flex P2012 M1179905-001 2100W,,,M1179905-001,
SC17A61250,CABLE 3m Pas 200G QSFP56 DAC cable,,,M1280042-001,
SL67B25802,LINECORD 1.5m C13-C14 Power Cable - ROW,,,M1188146-001,
SC17A85107,CABLE J2010 JBOD 400mm Fan Power Cable,,,M1027850-001,
SC87B43869,"CHASSIS OCS J2011 JBOD L6 Asm,TI BP",,,M1255264-001,
STA7B69903,ECAT_TLA Glacier Peak-PVT_M1262026-002,,,M1262026-002,
SSG7B08728,NVIDIA SN2201 1GbE Managed Switch with C,,,M1280778-001,
SSG7B85886,Spectrum based 100GbE 1U Open Ethernet S,,,M1077277-001,
STC7B05898,ThinkSystem NDR400 QSFP112 IB Multi Mode,,,M1280362-001,
0000015F8409,BATTERY 3.OV LITHUM,,,X912515-001,
SB27B74836,BDPLANAR S2185 Motherboard,,,M1205304-500,
SP57B19931,PWR_SUPPLY GW 1300W CFF v4 TT AC PSU,,,No MSPN,
SP57B70133,PWR_SUPPLY GW 2.6kW CFF V4 1.8k ITIC PS,,,M1314916-001,
4TA7A87898,Glacier Peak Card-PVT,,,M1262026-001,
SC17B77549,CABLE CBL EMASSY MINI SAS,,,M1131307-001,
0000051H9502,ACCKIT BLACK - 14 IN,,,No MSPN,
0000012J5288,MECHANICAL M6 CAGED NUTS,,,No MSPN,
SM17A02062,MECH_ASM 1U/2U ThinkSystem plate,,,No MSPN,
SC17B00907,CABLE 1.5m Relay Cable IN-H,,,M1174670-001,
SC87B72075,CHASSIS OCS J2011 JBOD L6 Asm TOS BP,,,M1255264-001,
SF17B78741,FAN FAN 12VDC 40MM DELTA CN,,,M1180334-001,
SF17B78967,FAN FAN 12VDC 40MM DELTA CN,,,M1084359-001,
4XB7A69724,ST18000NM018J 18T 3.5 SED M1,,,M1161590-001,
4P57A60791,"48U PMDU, DSKU MSF-058467",,,M1131758-001,
4X77A12197,S 16G 1RX4 2933 D-Die M1,,,M1150893-001,
4X77A12204,H 64G 2RX4 2933 Alius M1,,,M1137377-001,
4XB7A38267,I D5-P4326 E1.L 15T SSD -M1,,,M1092624-001,
4XC7A80271,MCX515A-CCAT_C11 100G 1P-M1,,,M1146245-001,
4XC7A81851,MCX565A-CDAI_C11 OCP3.0 M1,,,M1168449-001,
4X77A64972,Sam M393A8G40BB4-CWE 64G M1,,,M1194271-001,
4XB7A90113,I SSDPEWNV153T8D 9.5mm M1 AVAP,,,M1268685-001,
4XC7A87899,Nvidia BlueField-2 P-Series,,,M1277125-001,
4B27A93755,"Len PC MOTHERBD,S21A1",,,M1293112-001,
4B27A93754,"Len PC MOTHERBD,S2185",,,M1205304-003,
4TA7A87897,C2184 Glacier Peak Card OPT,,,M1256790-900,
4XF7A85362,NVIDIA SN2201 Rack Mount Kit,,,M1280777-001,
4TA7A93752,Len PC E1.S Backplane,,,M1200247-002,
4TA7A93753,Len PC MCIO INTERP,,,M1247300-002,
4XB7A87686,HFS7T6GEEWX132N E1.S M1-9887,,,No MSPN,
4XG7A79751,"PROCSR,CPU,8347C,XEON PLATINUM,",,,M1165650-001,
4C57A87829,C2184 DC-SCM BOM D_Guad,,,M1180245-002,
4XG7A80270,ICX 8370C 32C/2.8G/270W RKHC M1,,,M1172617-001,
03LC725,Tos MG10SCP20TA SAS HDD M1 AVAP,,,M1242981-001,
03LF509,T MG10ACP20TA 3.5/o SED M1 AVAP,,,M1242982-001,
4X77A87688,S M321RAGA0B20-CWK 128 M1 AVAP,,,M1216324-001,
4XG7A63518,CLX 8249C 26C/2.1G/150W/35.75M,,,M1116393-001,
4X77A86734,HMCGM4MEBRB 96G 48R M1 AVAP,,,M1255000-001,
4X77A08619,H 16G 1RX4 2666 Alius M1,,,M1128312-001,
4ZC7A15135,H 16G 1RX4 2666 Alius M1,,,M1098844-001,
4XB7A38187,S MZ1LB960HAJQ-00AMV M1-Kr,,,M1077133-002,
SSA7A95332,SP ICX 8362 32C/2.8G/265W,,,M1277117-001,
SM27A24502,"MECHANICAL BAFFLE, THERMAL DIMM",,,No MSPN,
0000039M5375,LINECORD Cord - 1.5M,,,No MSPN,
0000039M5377,LINECORD Cord - 2.8M,,,No MSPN,
0000039M5392,LINECORD PDU Jumper,,,M1162158-004,
0000039M5509,LINECORD JCord - 2.8M,,,No MSPN,
0000081Y6653,MECHANICAL PSU FILLER,,,No MSPN,
0000088Y6763,MECHANICAL Rack Kit Flex,,,No MSPN,
SC87B83177,CHASSIS Chassis,,,M1203995-002,
SF17B78968,"FAN FAN,12VDC,40MM,DELTA TH",,,M1084359-001,
SC17A83236,CABLE A 1295mm RJ45 Mgmt Cable,,,M1019946-004,
SC17A83237,CABLE A 1143mm RJ45 Mgmt Cable,,,M1019946-005,
SC17A83239,CABLE A 838mm RJ45 Mgmt Cable,,,M1019946-007,
SC17A83242,CABLE A 3660mm RJ45 Mgmt Cable,,,M1019946-011,
SSA7B77681,AMD GENOA 9V84 96C/400W/2.4G M1 AR,,,M1249556-001,
03KM310,HFS7T6GEEWX132N M1 AVAP-9887,,,M1206001-001,
4XB7A91114,I SSDPFWNV153TZD 15.36T E1.L M1,,,M1211775-001,
03HA886,HFS1T9GEEWX132N E1.S M1AVAP,,,M1241667-001,
4XB7A87797,KLD2DLJC30T7 30.7T E1.L M1 AVAP,,,M1274724-001,
4XB7A88897,Sd SBFPFWBV153TMD E1.L M1 AVAP,,,M1131287-001,
4XB7A88513,HFS960GDJ0X132N 960G M.2 M1AVAP,,,M1252799-001,
4XB7A81292,S MZ1L2960HCJR-00AMV 1T M.2 M1,,,M1159486-001,
4C57A80273,C2080 Motherboard Asm-W,,,M1119344-001,
4P57A67025,M1 Geist PDU D0201,,,M1149930-001,
4X77A65002,MTA36ASF4G72PZ-3G2J3 32G M1,,,M1176882-001,
4X77A08614,M1 128GB TruDDR4 2933 MHz LRDIMM,,,M1125238-001,
4C57A80272,Celestial Peak FPGA M1096519-005,,,M1096519-005,
SM37B77736,MEMORY HMCG94AEBRA 64G 2RX4 48R M1aAVAP,,,M1253319-001,
SM27B24842,MECHANICAL LGA4677 Carrier,,,M1179576-001,
SM27B24839,MECHANICAL LGA4677 Carrier,,,M1179576-001,
SSG7B84096,SWITCH Arista CCS-720DT Sonic Mgmt SW-M1,,,M1289478-001,
STA7B87948,ECAT_TLA Celestial Peak FPGA Card I-MX,,,M1096519-005,
SM27B81463,MECHANICAL RAIL SLIDE 1U FRICTION FULL,,,M1297060-001,
SC17A83235,CABLE A 1448mm RJ45 Mgmt Cable,,,M1019946-003,
SB27A00811,ECAT_TLA Cl/F Pwr Intrp/Bkpln (SVT),,,No MSPN,
SB27A00812,BDPLANAR Lithium SVT TLA,,,No MSPN,
SB27A00813,BDPLANAR Sodium SVT TLA,,,No MSPN,
SB27A00814,BDPLANAR Ra RAID slot riser(SVT),,,No MSPN,
SHD7B75608,HDD WUH722424ALN607 24T HDD M1 AVAP,,,M1285322-001,
SSS7B03479,SSD Micron 7450 EDSFF 7.68T SSD-STD,,,M1277072-001,
SM37B39448,MEMORY MTC40F204WS1RC48BB1 96G M1aAVAP,,,M1250771-001,
SM37B33473,MEMORY MTC20F104XS1RC48BB1 48G M1a AVAP,,,M1250765-001,
SB27A00824,ECAT_TLA Hadron GA_alt therm vend,,,No MSPN,
SB27A85119,BDPLANAR Carbon fix for new DIMM baffle,,,M1199837-001,
SB27B92434,"BDPLANAR C2030/S2130 MB w/ CSR, W-MX",,,M1089834-002,
SC57B91660,"CARDPOP AVA Card + Mech, Wiwynn-MX",,,M1065151-002,
SB47A02093,BRACKET 3FH Riser BKT,,,No MSPN,
SM37B91685,MEMORY MTC40F2047S1RC64BB1 128G M1AVAP,,,M1319100-001,
SM37B75606,MEMORY MTC40F2046S1RC56BD1 64G M1 AVAP,,,M1281487-001,
SSS7B87760,SSD Hyn HFS3T8GDJ0X132N 3.84T M.2 M1a,,,M1252878-001,
SC17A83238,CABLE A 991mm RJ45 Mgmt Cable,,,M1019946-006,
SC17B94408,CABLE 0.32m QSFP28 DAC Cable,,,M1132732-001,
SH47A24701,"HEATSINK Heatsink, Skylake CPU, >165W",,,No MSPN,
SM17A06250,"MECH_ASM GEN4 2.5"" 2X2 HDD FILLER",,,No MSPN,
SM17A40585,"MECH_ASM Assm, PCIe riser, 4 slot",,,No MSPN,
SM27A49620,MECHANICAL Memory Dummy,,,No MSPN,
SM27A61867,MECHANICAL MAGNESIUM OUTER PERF BLOCK,,,No MSPN,
SM17A53925,MECH_ASM BAFFLE TLA,,,No MSPN,
SM17A24404,"MECH_ASM Assm, Selenium Filler Module",,,No MSPN,
SC17A40952,CABLE 2m Mlx HDR Passive Cu QSFP56 Cbl,,,M1197256-001,
SSS7B64518,SSD KXDZFRJ97T68 E1.S 7.68T M1 AVAP,,,M1253615-001,
SSG7B83735,SWITCH Mellanox Switch MSN4700-WS2RO,,,M1309201-001,
4C57A95307,RISER CARD-BP-E1.L-S21A1,,,M1309776-001,
SC57A26292,CARDPOP PCIe G4 x16 Retimer Adapter,,,M1293035-001,
SC17A10992,CABLE Bixby PCIe x8 Cable 6,,,M1314949-001,
4SG7A89362,Lenovo-NVIDIA - 02YF117 - MELLANOX SN24,,,M1280792-001,
SC17A11001,CABLE Bixby PCIe x8 Cable 14,,,M1287641-001,
4C57A90181,PV Riser 1 BOM A rework for LCFC PC OPT,,,M1182878-003,
SC17A10993,CABLE Bixby PCIe x8 Cable 7,,,M1287636-001,
SC17A10986,CABLE Bixby PCIe x8 Cable 1,,,M1287632-001,
SF17A11937,FAN Cyborg Fan Module A01 AVC,,,M1094229-001,
SC17B75676,CABLE MB Power Cable,,,M1296945-001,
4C57A91154,RISER CARD-BP-E1.L-S2180,,,M1131308-002,
4C57A91158,RISER CARD-PCIE X16 CAGE-S2180,,,M1131314-002,
4TA7A91157,RISER CARD-M.2-BACKPLANE-S2180,,,M1131309-002,
4C57A91156,RISER CARD-PCIE X16 BFLY-S2180,,,M1131315-002,
4C57A91152,RISER CARD-PCIE-OCP MEZZ-S2180,,,M1131310-002,
4TA7A91153,MOTHERBOARD-S2180,,,M1130000-002,
4C57A91155,RISER CARD-PCIE X24 CAGE-S2180,,,M1131312-002,
SSA7B86709,SP Intel GNR ES2 Q462 M1,,,M1325159-001,
SC17A10985,CABLE Bixby Riser Card Power 1,,,No MSPN,
SP57B74049,PWR_SUPPLY Lite-On P2010 Non-LES PSU,,,M1279078-001,
SC17A61807,"CABLE 780/770mm, PCIe Gen4, signal cable",,,M1314919-001,
4C57A91164,"PCBA+MECH,BACKPLANE,E1.L BACKPLANE BOARD",,,M1131308-002,
SC17A11018,CABLE Bixby Backplane Power 4,,,M1287633-001,
SR17A32489,RAID_CARD M.2 NVMe 2-Bay RAID Kit,,,M1286555-001,
SC17B45708,CABLE MicroHi 2x5 to MiniFit 2x3,,,M1293043-001,
4X77A91115,"MMOD,RDIMM,64GB,DDR4,3200Mbits/s,1.2,C,2",,,M1262261-001,
4C57A09924,"TPM,C-2010,OTH,TPM2.0 CARD",,,M1039577-001,
4Z57A16096,420mm Fan Cable Assembly,,,M1082261-001,
SC87A19927,CHASSIS 24_2.5 chassis,,,M1094763-001,
4X97A09934,SN650C G2 MB to PDB,,,M1013205-001,
4Z57A16024,0.58m Mini SAS HD PCIe Cable,,,M1103893-001,
03GX581,"CABLE CBL EMASSY,CABLE,FANS 3-5,S2180",,,M1157195-001,
4X97A88806,E1.S Intrusion Switch Cable,,,M1274945-001,
4X97A88804,TOP Cover Intrusion Switch Cable,,,M1274942-001,
4C57A60792,OCS7100 Compute Motherboard,,,M1089834-001,
SM17B82897,MECH_ASM Server-FLEX-DBX100-G8.0STOR,,,M1260977-001,
SP57B73665,PWR_SUPPLY Delta P2011 1800W Power,,,M1274199-001,
SC57A01999,CARDPOP x16/x8 PCIe Riser 1,,,No MSPN,
SM17B82898,MECH_ASM Server-FLEX-DBX500-G8.0STOR,,,M1260976-001,
SC87B91661,CHASSIS OCS J2011 JBOD L6 Asm TI BP,,,M1255264-001,
SM37B93910,MEMORY HMCG84AEBRA 32G 1RX4 48R M1aAVAP,,,M1253320-001,
SM37B88466,MEMORY HMCT04AEERA 128G 4RX4 48,,,M1288563-001,
SSG7B95697,SWITCH 1G Mgmt Switch-M1 M1011427-002,,,M1011427-002,
SSG7B97435,"SWITCH 1G Mgmt Switch, M1011427-002, MX",,,M1011427-002,
STA7B77619,"ECAT_TLA Celestial Peak FPGA Card, Ing",,,M1096519-006,
SP27B88247,"PAD TIM Pad, PE9010 M.2, Top",,,M1294396-001,
SP27B88248,"PAD TIM Pad, PE9010 M.2, Bottom",,,M1294403-001,
SP27B77016,"PAD TIM Pad, PM9A3 Top, Laird",,,M1177174-001,
SP27B95018,"PAD TIM Pad, PM9A3 Bottom, Laird",,,M1177173-001,
SB27A00792,ECAT_TLA Helium_8S TLA,,,No MSPN,
SB27A00804,"ECAT_TLA Assm, Potassium mechanical TLA",,,No MSPN,
SB27A00805,"ECAT_TLA Assm, Beryllium mechanical TLA",,,No MSPN,
02JJ284,SP CLX 8272CL 26C/2.6G/195W/35.75M,,,M1102906-001,
SC17A40958,CABLE 15m Mlx HDR Optical QSFP56 Cbl,,,M1277698-001,
STA7B08371,ECAT_TLA Bixby 22B Young 4 x16 Riser,,,M1285219-001,
SM17A98399,"MECH_ASM CHASSIS ASSM TLA, MODULE 2 REAR",,,M1279517-001,
SM17A65410,MECH_ASM Slide Rail Phonolite w/ BKT,,,M1280440-001,
SC57B39450,"CARDPOP AVA Card Assembly, I",,,M1253337-001,
SC57A92086,CARDPOP Bixby Madden SVT Power Mezz,,,M1287638-001,
SP57B07050,PWR_SUPPLY AEI 2400W CFF v4 PT AC PSU,,,M1285446-001,
SM17A89818,"MECH_ASM ASSY, Rail kit",,,M1277196-001,
4XB7A84018,WUS5BB1A1E9ELE8 15.36T E1.L M1,,,M1244733-001,
SC57B88218,CARDPOP HM11 Pre-EVT CXL Board,,,M1319105-900,
SC57A45261,CARDPOP 2U 6-EDSFF Backplane,,,M1285220-001,
SSG7B71104,SWITCH Arista CCS-720DT Mgmt Switch,,,M1268844-001,
03LE265,"SP XCC SRM7T,8473C,52C/2.1G/350W/105M/E5",,,M1269943-001,
SC17B05907,CABLE NDR200 MM Fibre (20m) cable,,,M1280784-001,
SM37A68654,MEMORY H HMA84GR7DJR4N-XN 32GB D4-32R,,,M1122982-001,
SB27B88214,BDPLANAR HM11 Pre-EVT MB,,,M1319102-900,
03LD701,SP Intel SPR 8487C 56C/1.9G/350W M1,,,M1269948-001,
SC57B88215,CARDPOP HM11 Pre-EVT H-PDB,,,M1319108-900,
4SG7A87818,UFM Appliance 3.0,,,No MSPN,
SC17B75678,CABLE 1x3.5 SATA Simple Swap Cable,,,M1296946-001,
SM17B95713,MECH_ASM S2195-top-level-SGC400,,,M1333471-001,
SH47B77589,HEATSINK S2195_CPU_REMOTE_HSK_AVC_EVT,,,M1237997-001,
03NA597,MEMORY Sam M393A4G40CB3-CWE 32R 32G M1,,,M1272230-001,
STA7A75621,ECAT_TLA Pong-Lite TLA,,,M1314920-001,
4PU7A85813,M1 Geist PDU D0201,,,M1164597-001,
4B27A90088,C2184 MP MB (rework) KIT OPT-LCFC,,,M1176261-006,
SM27A78134,MECHANICAL LGA4677 Carrier,,,M1179576-001,
4XB7A91111,Sd SBFPFWBV307TMD E1.L M1 AVAP,,,M1282178-001,
SG27B77890,GPU Nvidia L40s GPU 48G FHFL-DS CSP,,,M1302084-001,
03NC587,ECAT_TLA Glacier Peak A2051 FPGA Card,,,M1262026-002,
SC57B80453,CARDPOP C9887 MP PDB,,,M1301708-001,
SM17B88491,MECH_ASM C46AB 1.5OU Sled Air Duct,,,M1326657-001,
SM17B76648,MECH_ASM S2195-CHASSIS-L3,,,M1293300-001,
SM17B88494,MECH_ASM C46AB 1.5OU Sled Air Duct CXL,,,M1326659-001,
SC17B87227,CABLE 2.0m DAC Flex Sleeve-AMP,,,M1314503-001,
01PF089,PWR_SUPPLY V3_2000W_MSFT_ITIC,,,M1102216-001,
SM17B80457,MECH_ASM C22A0-L3 CHASSIS-WELLTRUST,,,M1296733-001,
SSA7B97701,SP Intel EMR 8573C 52C/2.3G/385W M1 AR,,,M1296452-001,
SM17B88512,MECH_ASM C46AB PDB H Protect Cover,,,M1326660-001,
SF17A11897,FAN Cyborg Fan Module A01 DELTA,,,M1094229-001,
4TA7A91163,"PCBA+MECH,MOTHERBOARD,S2180",,,M1130000-002,
4P57A72435,"PSU,ARTESYN,PS1650,NON-LES,1650W,12.25VD",,,M1067330-001,
03KM270,MEMORY M MTC40F2046S1RC48BA1 64G M1 AVAP,,,M1201250-001,
4P57A89369,Lenovo-NVIDIA - 01PG800 - 1100W MTEF-PS,,,M1280798-001,
SF17B91103,FAN C41AB_6056MM FAN_NIDEC_EV,,,M1326668-001,
SC17B87232,CABLE 1.0m DAC Flex Sleeve-Mo,,,M1314502-001,
03LC724,MEMORY S M393A8G40CB4-CWE 64G M1 AVAP,,,M1262261-001,
SC17B30672,CABLE Bixby Pong-Lite Cable,,,M1317029-001,
SP57B70273,PWR_SUPPLY AEI 2400W CFF v4 PT AC PSU,,,M1277121-001,
SS17B81081,"SCREW SCREW,MACH,BUTTON, TORX,M2.5x4mm",,,M1131291-001,
4ZC7A08735,Samsung 32GB PC4-2666 RDIMM,,,M1068434-001,
SM17B34607,MECH_ASM MSFT 42U Rack Rear Door Kit,,,X902020-001,
4P57A80277,Delta ATS 1800W Non-LES PSU,,,M1129820-001,
4X97A88801,Internal UPI0/1 Cable Kit,,,No MSPN,
STA7B81607,ECAT_TLA S2195 DVT SATA BP BOM B,,,M1292862-903,
SC17A11026,CABLE Bixby Intrusion,,,M1287634-001,
SM27B87694,MECHANICAL C41AB Chassis Sliding Rail,,,M1314928-001,
03LC618,SSD_ASM HFS7T6GEJWX132N E1.S M1 AVAP,,,M1291212-001,
4Y37A82375,Brd 9500-16i HBA Card OPTION,,,M1193522-002,
4X97A88802,External UPI Cable,,,M1274873-001,
SM17A89813,"MECH_ASM CHASSIS ASSM TLA, MODULE 2 REAR",,,M1279517-001,
SM17B92337,MECH_ASM Fan Carrier Set,,,M1326658-001,
SC57B88219,CARDPOP HM11 Pre-EVT  GP Riser Card,,,M1319117-900,
4C57A64416,OCS7100-I Computer Motherboard,,,M1089834-001,
4X97A80275,50mm MB to PSU PWR Cable,,,M1173646-001,
4XB7A91070,HFS3T8GEJWX132N 3.84 E1.S M1 AVAP,,,M1291207-001,
SC17B45693,CABLE BF2 Power cable,,,M1293031-001,
SC17B74044,CABLE 6.5in Occulink 8X RA Cable,,,M1289371-001,
4Z57A15991,Power Relay Cable,,,M1041461-001,
4C57A87828,SCM Kit OPT-New GB no Mini-DP/USB-LCFC,,,M1180245-002,
SF17B91101,FAN C41AB_6056MM FAN_AVC_EV,,,M1326667-001,
SM17B82945,MECH_ASM C2184-OCP-DUMMY-ASSY-RC12,,,M1249503-002,
4P57A88083,"PSU,FLEXTRONICS,P2011,NON-LES,1800W",,,M1205515-002,
4Z57A15333,Longs Peak Occulink Cable,,,M1069000-001,
4TA7A82378,"STRCNTRL,9500-8E,12GB/S, 6GB/S SATA, GEN",,,M1218316-001,
03LC616,SSD_ASM HFS1T9GEJWX132N E1.S M1 AVAP,,,M1291203-001,
4X97A80276,390mm MB to Fan Cable,,,M1144937-001,
4C57A14904,"PCBA+MECH,RISER CARD,AVA M.2 CARD,W-HEAT",,,No MSPN,
SH47B88301,HEATSINK C46AB_CPU HS_AVC_EV,,,M1324974-001,
4XB7A90988,WUH722424ALN607 24T HDD M1 AVAP,,,M1285322-001,
03NA631,SSD Hyn HFS3T8GDJ0X132N 3.84T M.2 M1,,,M1252878-001,
SC17B70264,CABLE Front CXL Modular-2 PCIE Cable,,,M1299237-001,
4X97A88803,External Sideband Cable,,,M1274875-001,
4C57A79745,"PCBA+MECH,RISER CARD,WITH CAGE,X24,PCIE",,,M1131312-002,
4XF7A95040,KINGSLIDE 1U 3 SECTION FRICTION,,,M1297060-001,
4XF7A72455,OCS7200 Toolless HDD Tray,,,M1100345-001,
4X97A79741,"CBL EMASSY,HDD DATA CABLE MB MINI SAS",,,M1131307-001,
4TA7A86154,M.2 Riser Card,,,M1131309-002,
4X97A88800,Internal UPI3 Cable,,,M1274861-001,
4X97A80281,"160mm Power, CPU to Riser",,,M1140330-001,
4X97A88756,AMP P2010 PH4.2 2X12-MB,,,M1200550-001,
4XB7A93634,"SSD,E1.L,9.5mm,NVME,15.36TB,SOLIDIGM,P53",,,M1206353-001,
4C57A91165,"KIT LEN,PCBA X24 S2180",,,M1131312-002,
03NC384,"CARDPOP AVA Card + Mech, Wiwynn-MX",,,M1065151-002,
4F17A60905,"FAN,12VDC,40 MM",,,M1084359-001,
SL17B07083,LABEL PMDU Warning Label,,,M1195769-001,
SC57A63005,CARDPOP OCS F2010 JBOF Paddle Board,,,M1078332-001,
4X97A79759,"CBL EMASSY,POWER,SNGL SCKT",,,M1131303-001,
SM17B80459,MECH_ASM C22A0-CXL MODULE BKT-WELLTRUST,,,M1296804-001,
4XB7A91069,HFS1T9GEJWX132N 1.92 E1.S M1 AVAP,,,M1291203-001,
SM27B82944,MECHANICAL C2184-E1.S-DUMMY-NC50RT,,,M1186417-003,
4ZC7A15095,32GB 2Rx4 PC4-2666R 8Gb 1.2V,,,M1086479-001,
4C57A79758,"PCBA+MECH,RISER CARD,WITH CAGE,X16,PCIE",,,M1131314-002,
4X77A83430,S M321R8GA0BB0-CQK 64G 2Rx4 M1,,,M1205936-001,
4X97A95452,245mm CXL Modular-4 PCIe Cable,,,M1299239-001,
SCB7A93096,COVER Cable cover,,,M1031185-001,
4X97A88805,Front Intrusion Switch Cable,,,M1274944-001,
SA27B87666,"AIRDUCT Chassis Air Duct, Olympus V2",,,M1183193-002,
4C57A79823,"PCBA,DAUGHTERBOARD,IOM BOARD",,,M1078325-001,
SM17B94653,MECH_ASM S21A1E_Chassis,,,M1203995-900,
SB47A76906,BRACKET 2FH Riser BKT,,,No MSPN,
SC17A00222,CABLE SlimLine SAS Config 1,,,No MSPN,
SC17A00227,CABLE Radium power 1,,,No MSPN,
SC17B01127,CABLE Radium management 1,,,No MSPN,
SC57A02001,CARDPOP x16/x16 PCIe Riser 2,,,No MSPN,
4XG7A87544,"350W 52C, SRM7T, 99C2FG, E5 OPTION",,,M1269943-001,
SP57A80790,PWR_SUPPLY AEI 1800W CFF v4 PT AC PSU,,,M1280978-001,
SS17B76651,SCREW SCREW_S2195_HDD_MODULE_TOP_M3,,,M1293308-001,
4F17A89356,Lenovo-NVIDIA - 03GX979 - MTEF-FanR-L P,,,M1280701-001,
4F17A89360,Lenovo-NVIDIA - 03KH190 - NV MTEF-FanR-,,,M1280776-001,
4X97A88753,"CBL,740mm,AMPHL,PH4.2 2X2+SATA 7",,,M1200546-001,
4Z57A36848,500mm SATA Cable,,,M1067458-001,
4L67A87838,"1.7m, C13 to C14 Cord",,,M1270023-001,
SM17B80460,MECH_ASM C22A0-E1.S HOLDER-WELLTRUST,,,M1305049-001,
SC17B42781,CABLE Front CXL Modular1&2 Power Cable,,,M1299240-001,
SP17B69353,PACKAGING MSFT Gen9 Storage HS,,,No MSPN,
SS17B87905,SCREW screw_flat_6-32_12-5l,,,M1243779-001,
4C57A60793,M.2 Riser Card,,,M1083467-001,
4Z57A10134,"CBL,PWR,100mm",,,M1039691-001,
SC17A61216,CABLE 160mm RJ45 Cable,,,M1081093-001,
03GX582,"CABLE CBL EMASSY,CABLE, FANS 0-2,S2180",,,M1157196-001,
4L67A86746,1.3m 10A C13 to C14 Jumper Cord,,,M1270025-001,
4X97A90330,"CBL,CSTM,441.3mm",,,M1200545-001,
4XF7A95128,"MASSY,LATCH,EDSFF,15 MM - E1.S",,,M1152277-003,
02YG149,CABLE 375mm I/O Module Cable,,,M1088223-001,
SC17B44375,CABLE 2U FAN/Intrusion Cable,,,M1299235-001,
4C57A76314,Broadcom 9400-16I HBA,,,M1076946-001,
SM37C01512,MEMORY MTC20F104XS1RC56BB1 48G M1 AVAP,,,M1250767-001,
SM37B75604,MEMORY MTC40F204WS1RC56BB1 96G M1 AVAP,,,M1242811-001,
SM37B89957,MEMORY S M321RAJA0MB2-CCP 128G 64R M1,,,M1314926-001,
4B27B01933,MOTHERBOARD-S2185,,,M1205304-004,
4TA7B02107,RISER CARD-MCIO-INTRPOSE-S2185,,,M1247300-003,
STA7B97506,"ECAT_TLA Celestial Peak FPGA Card, I-MX",,,M1096519-006,
SC57A22738,CARDPOP x16/x8 PCIe Riser 1,,,No MSPN,
SC87B01384,CHASSIS 2U MS 24_2.5 chassis,,,No MSPN,
SH47A11795,HEATSINK Cyborg 165W HS A01 AVC,,,No MSPN,
SL27A02134,LATCH EIA latch standard (left),,,No MSPN,
SM17A02050,MECH_ASM PHY Module Dummy,,,No MSPN,
SM17A06249,"MECH_ASM GEN4 2.5"" 8X1 HDD FILLER",,,No MSPN,
4B27A88750,MOTHERBOARD S2185,,,M1205304-003,
4X97A88752,CBL S2185 204MM,,,M1189572-001,
SSA7C00684,SP INTEL GNR-SP 6782P-C Q63W FOC M1,,,M1344338-001,
SSA7C00423,SP Intel GNR ES2 Q5MU PS M1,,,M1336943-001,
SSA7C03969,SP INTEL 6782P-C 80C/2.2G/350W M1 DB,,,M1346962-001,
SSA7C00681,SP INTEL GNR-SP 6782P-C Q63W PS M1,,,M1344338-001,
0000001PG421,POP TPM Card,,,No MSPN,
SM37B75607,MEMORY MTC40F2046S1RC56BD1 64G M1 AVAP,,,M1281487-001,
SSM7001005,SUB_ASM M1283932-001,,,M1283932-001,
SSM7002007,SUB_ASM M1283931-001,,,M1283931-001,
SSM7003002,SUB_ASM M1283933-001,,,M1283933-001,
SM17B87910,MECH_ASM S21A1_fonrt_intrusion_door,,,M1243773-002,
SM27B82764,MECHANICAL PSU Mylar,,,M1280241-001,
SB27B70150,"BDPLANAR C2080 Motherboard Asm, I",,,M1119344-003,
SHD7B99677,HDD WSH723200ALN607 30T HDD M1 AVAP,,,M1324266-001,
SSS7B92808,SSD S MZEMO15THCLC-00AMV E1.L M1 AVAP,,,M1279944-001,
SSS7B75771,SSD HFS3T8GEJWX132N 3.84T E1.S M1aAVAP,,,M1291035-001,
SM37A21348,MEMORY S M393A2K40BB2-CTD 16G M1 AVAP,,,M1041573-001,
SM37C02703,MEMORY HMAG94DXNRB 64G 32R M1aAVAP,,,M1293859-001,
SM17B97510,MECH_ASM 2U Storage Drawer,,,M1058042-001,
SSS7B64511,SSD KXDZFRJ91T12 XD7P E1.S 1.92T M1aAVAP,,,M1253608-001,
SSG7B98582,SWITCH Cisco C9232 PSI TOR Switch NTAG,,,M1137412-001,
SSS7C02859,SSD Kx KLD2DLJC15T3 E1.L M1 AVAP,,,M1279693-001,
SSG7B98583,"SWITCH Citrix MPX-16201 LB, NTAG",,,M1291723-001,
ST27C06362,TAPE_DRIVE TAPE_DRIVE-IBM-4883-L9A,,,M1249774-001,
STP7C06357,TAPE_MEDIA TAPE_MEDIA-TAPEMEDIA,,,M1189893-001,
4B27B01932,MOTHERBOARD-S21A1,,,M1293112-002,
SHD7A74271,HDD ST 3.5 7.2K SATA 16T HDD M1-A,,,M1128013-001,
SHD7B92517,HDD Tos MG11ACP24TE 3.5 24T HDD M1 AVAP,,,M1295078-001,
SB27B88935,BDPLANAR S2195 PVT MB,,,M1297287-001,
SC57C00280,CARDPOP HM11 C41AB DVT CXL Board BOM A2,,,M1319105-903,
SC57B80451,CARDPOP C9887 MP CPU Board,,,M1301707-001,
SC57B99892,CARDPOP HM11 C41AB DVT CXL Board BOM A,,,M1319105-901,
SB27B99886,BDPLANAR HM11 C41AB DVT MB BOM A,,,M1319102-902,
SC57C06003,CARDPOP HM11 DC-SCM MP without DP USB,,,M1304365-002,
SB27C00276,BDPLANAR HM11 C41AB DVT MB BOM A-2,,,M1319102-906,
SC57C00278,CARDPOP HM11 C41AB DVT H-PDB BOM A-2,,,M1319108-904,
SM17B88492,MECH_ASM C46AB 1.5OU Sled Air Duct,,,M1326657-002,
SC17B93361,CABLE D4020 Dual Zone Bus Bar,,,M1275171-001,
SM27B93700,MECHANICAL PSU Slot Filler,,,M1279213-001,
SH47B77591,HEATSINK S2195_CPU_REMOTE_HSK_DELTA_EVT,,,M1207656-001,
SP57B96187,PWR_SUPPLY Delta P2012 2100W Non-LES PSU,,,M1277274-001,
SM17B88498,MECH_ASM C46AB 1.5OU Riser Bracket,,,M1326662-002,
SC17B99981,CABLE 2S PDB 12V Power Cable,,,M1325002-002,
SM17B88501,MECH_ASM C46AB CXL Bracket,,,M1326661-002,
SB47B93703,BRACKET 1OU EIA Adapter Bracket,,,M1239593-001,
SF17B91102,FAN C41AB_6056MM FAN_DELTA_DV,,,M1340387-001,
SH47C00348,HEATSINK C41/C43/C46AB_CPU HS_AVC_DV,,,M1324974-002,
SM17C05921,MECH_ASM HM11 MSFT G11 E1.S Ejector,,,M1284348-002,
SH47C00349,HEATSINK C41/C43/C46AB_CPU HS_BOYD_DV,,,M1324976-002,
SC17B99301,"CABLE 2.0m DAC 50G Dual TOR Y Cable, Cr",,,M1188152-001,
SC17B99985,CABLE 2S UPI3 Cable,,,M1324983-002,
SC17B84352,CABLE 4S/8S Sled CUP0 UPI1 Cable,,,M1336752-001,
SC17B84355,CABLE 4S/8S Sled CUP1 UPI0 Cable,,,M1336754-001,
SM27B93705,MECHANICAL OU-to-EIA Gap Air Blocker,,,M1241534-001,
SC17B87230,CABLE 1.5m DAC Flex Sleeve-AMP,,,M1314504-001,
SC17B84356,CABLE 4S/8S Sled CUP1 UPI2 Cable,,,M1336755-001,
SC17B99983,CABLE 2S UPI0/1 Cable,,,M1324981-002,
SM17B93713,MECH_ASM Power Shelf Rail Kit,,,M1308341-001,
SHD7C05873,HDD WD WSH72BV30ALN607 30T SATA M1 AVAP,,,M1349362-001,
SSS7B88909,SSD HFS7T6GFMWX183N 7.68T E1.S M1,,,M1328236-001,
SM37B92028,MEMORY S M321R8GA0PB0-CWM 64G M1aAVAP,,,M1290684-001,
SM37C07244,MEMORY HMCT04MHBRC 128G 2RX4 64R M1,,,M1325563-001,
SC17B99998,CABLE CPU1 PE2 To CXL Port0 MXIO Cable,,,M1324998-002,
SC17B99988,CABLE CPU0 PE5 To CXL Port0 MXIO Cable,,,M1324988-002,
SC17B99990,CABLE CPU0 PE2 To CXL Port0 MXIO Cable,,,M1324990-002,
SC17C02053,CABLE 4S/8S Rear Sled#2 Sideband Cable,,,M1336751-001,
SC17B99986,CABLE CPU0 PE4 To CXL1 Port0 MCIO Cable,,,M1324986-002,
SC17B99989,CABLE CPU0 PE5 To CXL Port1 MCIO Cable,,,M1324989-002,
SC17B99987,CABLE CPU0 PE4 To CXL1 Port1 MCIO Cable,,,M1324987-002,
SC17B99994,CABLE CPU1 PE4 To CXL1 Port0 MCIO Cable,,,M1324994-002,
SC17B99995,CABLE CPU1 PE4 To CXL1 Port1 MCIO Cable,,,M1324995-002,
SC17B99999,CABLE CPU1 PE2 To CXL Port1 MCIO Cable,,,M1324999-002,
SC17B99997,CABLE CPU1 PE5 To CXL Port1 MCIO Cable,,,M1324997-002,
SC17B99993,CABLE CPU0 PE3 To CXL1 Port1 MCIO Cable,,,M1324993-002,
SC17B99992,CABLE CPU0 PE3 To CXL1 Port0 MCIO Cable,,,M1324992-002,
SF17B88305,FAN C43/C46AB_6056MM FAN_DELTA_DV,,,M1336744-001,
SC17B87233,CABLE 1.0m DAC Flex Sleeve-AMP,,,M1314505-001,
SC17B97481,CABLE HM11 Cable,,,M1326670-002,
SM27B84108,MECHANICAL LGA4710-2 CarrierE2A,,,M1326664-001,
SC17B97480,CABLE HM11 Cable,,,M1326669-002,
SC17B94292,CABLE 4S Rear CPU1/0 UPI2 Cable,,,M1336759-001,
SC17B90091,CABLE 4S/8S Rear Sled#2 12V Power Cable,,,M1336746-001,
SC17C01728,CABLE HM11 Cable,,,M1324984-002,
SC17C01729,CABLE HM11 Cable,,,M1324985-002,
SC17B70265,CABLE Rear CXL Modular-4 PCIE Cable,,,M1299239-001,
SC57B88222,CARDPOP HM11 Pre-EVT DC-SCM 1.2(2nd),,,No MSPN,
SHD7C04114,HDD WSH722626ALN607 26T HDD M1 AVAP,,,M1282747-001,
SB27B88936,BDPLANAR S2195 PVT MB (2nd DC),,,M1297287-002,
SC57B98014,CARDPOP HM11 EVT C43AB  GP Riser,,,M1319117-900,
SC17B92237,CABLE HM11 Cable,,,M1324984-001,
SC17B42778,CABLE Front CXL Modular-1 PCIE Cable,,,M1299236-001,
SM27B82943,MECHANICAL C2184-RISER1-DUMMY-WVT-RC12,,,M1183377-002,
SC17B92940,CABLE C41AB FAN5 Cable,,,M1326673-001,
SC17B92941,CABLE C41AB FAN6 Cable,,,M1326674-001,
SC17B40000,CABLE TOP Cover Intrusion Switch Cable,,,M1274942-001,
SM17B88500,MECH_ASM C46AB CXL Bracket,,,M1326661-001,
SB27A87504,"BDPLANAR C2030 MB Asm-W, Certified",,,M1089834-002,
SM17A48103,MECH_ASM E2010 42U Rack Asm,,,M1034649-002,
SC17C00721,CABLE 4S FAN#6 Extension Cable,,,M1336767-001,
SC17C00717,CABLE 4S FAN#2 Extension Cable,,,M1336763-001,
SC17C00716,CABLE 4S FAN#1 Extension Cable,,,M1336762-001,
SC17B87228,CABLE 1.5m DAC Flex Sleeve-TE,,,M1314497-001,
SM27B93083,MECHANICAL Twist Cage Nut,,,M1316404-001,
SC17B84369,CABLE HM11 Cable,,,M1324996-001,
SC17B84366,CABLE HM11 Cable,,,M1324990-001,
SC17B92944,CABLE 2S FAN3 Cable,,,M1326671-001,
SC17B86265,CABLE HM11 Cable,,,M1324989-001,
SC17B92942,CABLE 2S FAN1 Cable,,,M1326669-001,
SC17B84364,CABLE HM11 Cable,,,M1324986-001,
SC17B84351,CABLE 2S UPI3 Cable,,,M1324983-001,
SC17B84349,CABLE 2S UPI0/1 Cable,,,M1324981-001,
SC17B84370,CABLE 4S/8S Sled Intrusion Switch Cable,,,M1324985-001,
SM37C06563,MEMORY MTC40F2046S1RC56BD2 64G M1 AVAP,,,M1346933-001,
SM37C01555,MEMORY S M321RYGA0PB0-CWM 96G M1 AVAP,,,M1291286-001,
SHD7B75610,HDD WUH722424ALN607 24T HDD M1aAVAP,,,M1285322-001,
SSS7B88905,SSD Kio KXD8FRJ97T68 7.68T E1.S M1 AVAP,,,M1325170-001,
SSS7B82282,SSD MTFDKBG960TFR-1BC1EFCMA M.2 M1aAVAP,,,M1240851-001,
SSA7C13114,SP Intel SPR 8473C 52C/2.1G/350W M1AROV,,,M1269943-001,
SSA7C13115,SP Intel SPR 8487C 56C/1.9G/350W M1AROV,,,M1269948-001,
SSA7C13116,SP Intel SPR 8473C E5 Q23G PS M1OV,,,M1268450-001,
SSA7C13117,SP Intel SPR 8455C 48C/2.0G/325W M1AROV,,,M1269944-001,
4B27A91438,MP Motherboard BOM C for GUAD kit OPT,,,M1176261-008,
4C57B00070,DC-SCM-M1110,,,M1180245-002,
SC17C09596,"CABLE 1.5m, 100G QSFP28 DAC Y",,,M1188155-001,
SSG7A67185,SWITCH Arista 7260X3 switch,,,No MSPN,
SP57B92716,PWR_SUPPLY Generic E4000 P4020 5.5KW PV,,,M1279207-001,
SB27B79935,BDPLANAR S21A1 MB,,,M1293112-001,
SM17B88519,MECH_ASM C41AB Chassis,,,M1326656-002,
4B27B00072,C2184 MP MB BOM B for VN,,,M1176261-007,
SC57B99890,CARDPOP HM11 C41AB DVT H-PDB BOM A,,,M1319108-902,
SC17C08679,"CABLE 2.0m, 100G QSFP28 DAC Y",,,M1188156-001,
SC17C05877,CABLE 2S PDB 12V Power Cable,,,M1325002-002,
SM17B88495,MECH_ASM C46AB 1.5OU Sled Air Duct CXL,,,M1326659-002,
SP57B98367,PWR_SUPPLY P2012 2100W PSU F-MX,,,M1179905-001,
SM17B93358,MECH_ASM Delta 3OU Power Shelf,,,M1278690-001,
SSG7C05112,SWITCH Arista 7050CX3 TOR Switch NTAG,,,M1343912-001,
SPU7C09758,PDU 42U JIO Vertical PMDU w/ Mylar,,,M1165669-001,
SSS7B64519,SSD KXDZFRJ97T68 XD7P E1.S 7.68T M1aAVAP,,,M1253615-001,
SHD7C04115,HDD WSH722626ALN607 26T HDD M1aAVAP,,,M1282747-001,
SM37C07826,MEMORY MTC40F204WS1RC56BB2 96G M1 AVAP,,,M1350945-001,
SB27C06308,BDPLANAR HM11 C4XAB PVT MB BOM A,,,M1319102-002,
SC17B99982,CABLE 2S Sideband Cable,,,M1325003-002,
SM17B93357,MECH_ASM M1 Gen 11 44OU Non HBI Rack,,,M1242709-001,
SC17C13524,CABLE 1.0m 100G QSFP28 DAC Y CABLE CR,,,M1188154-001,
SSA7C07887,SP INTEL GNR-SP 6783P-C Q642 PS M1,,,M1346963-001,
SC57C00604,CARDPOP HM11 DC-SCM MP with DP USB,,,M1281347-906,
SH47C07107,HEATSINK C41/C43/C46AB_CPU HS_BOYD_PV,,,M1324976-003,
SH47C07106,HEATSINK C41/C43/C46AB_CPU HS_AVC_PV,,,M1324974-003,
SC17B99984,CABLE 2S UPI2 Cable,,,M1324982-002,
SSS7C16624,SSD S MZEL615THBLF-00AMV E1.L M1 AVAP,,,M1279996-001,
SSA7C16625,Intel EMR 8555C 52C/2.1G/350W M1,,,M1297350-001,
4B27B09032,"Len PC MOTHERBD,S21A1",,,M1293112-001,
4B27B09033,MOTHERBOARD-S21A1,,,M1293112-002,
SHD7C16626,HDD ST24000NM010H 24T 3.5 M1aAVAP,,,M1283382-001,
SSS7C16627,SSD MZEMO30THCLF-00AMV E1.L M1 AVAP,,,M1280011-001,
SSS7C09913,SSD S MZEL615THBLF-00AMV E1.L M1 AVAP,,,M1279996-001,
SM17B93359,MECH_ASM M4010 Rack SCM,,,M1199147-001,
SM17B93696,MECH_ASM M1 G11 44OU Non HBI Rack,,,M1242709-002,
SM17C06771,MECH_ASM S21A1_HBA_RISER_bkt_EC,,,M1245302-002,
SC17C05876,CABLE 2S/4S Busbar 48V Power Cable,,,M1340388-001,
SB27B82063,BDPLANAR S2195 DVT MB (2nd DC),,,M1297287-901,
SM17B88520,MECH_ASM C41AB Chassis,,,M1326656-002,
SM17B88489,MECH_ASM C46AB 1.5OU sled,,,No MSPN,
SC17B99980,CABLE 2S/4S Busbar 48V Power Cable,,,M1340388-001,
SSG7B35376,SWITCH DCS-7010TX-48-R Arista,,,M1238441-001,
SM17C05483,MECH_ASM C41AB_Sled Rail,,,M1314928-002,
SF17B98514,FAN C41AB_6056MM FAN_AVC_DV,,,M1340386-001,
SC57B99894,CARDPOP HM11 C41AB DVT GP Riser BOM A,,,M1319117-901,
4C57A90186,RISER CARD-GP-C2184,,,M1207354-002,
SM37C06566,MEMORY MTC40F2047S1RC56BB2 128G M1aAVAP,,,M1350950-001,
SSS7B69815,SSD HFS1T9GDJ0X132N PE9010 M.2 M1aAVAP,,,M1252874-001,
4C57A99923,J2010 JBOD AC PDB,,,M1023578-002,
SR17C06540,RAID_CARD Bc 9602W-16e OCP3 HBA M1 AVAP,,,M1353760-001,
4X97A72427,J2010 JBOD 210mm DC PDB Cable,,,M1027848-001,
SM37B90003,MEMORY MTC40F2047S1RC56BB1 128G M1AVAP,,,M1317108-001,
SM37C06564,MEMORY MTC40F2046S1RC56BD2 64G M1aAVAP,,,M1346933-001,
SB27C04823,BDPLANAR S2185 MB,,,M1205304-004,
SC57C16761,CARDPOP HM11 C4XAB PVT H-PDB v2 BOM A,,,M1319108-005,
SM37C14128,MEMORY S M321RYGA0PB2-CWM 96G M1 AVAP,,,M1357311-001,
SH47C12865,HEATSINK HEAT SINK,,,M1204096-001,
SC87C14290,"CHASSIS Chassis,AVC",,,M1203995-002,
SHD7B99675,HDD Tos HDEB070SMB51 27T HDD M1 AVAP,,,M1319594-001,
SPU7C19731,"PDU 48U Vertical PMDU w/ Mylar, I-MX",,,M1131758-002,
SP27B94405,"PAD TIM Pad, Micron 7450, Bot, L",,,M1327160-001,
SP27B94402,"PAD TIM Pad, Micron 7450, Top, L",,,M1327081-001,
SH47C13792,"HEATSINK CPU_RHS, CM-VNM",,,M1242424-002,
SC57C06304,CARDPOP HM11 C4XAB PVT CXL Board BOM A,,,M1319105-002,
SM37B92957,MEMORY HMCG84AGBRA 32G 1RX4 M1aAVAP,,,M1203047-001,
SB27C04294,BDPLANAR S2180 MB,,,M1130000-003,
SP57B99258,PWR_SUPPLY PSU Delta MT ADAMS 5500W_PV,,,M1278310-001,
SM17C00835,MECH_ASM C2184-top-level-SGC400-case3,,,M1339013-001,
STC7B96791,"TRANSCVR Arista - QSFP-40G-LRL4, optic",,,M1079988-001,
SM37C08472,MEMORY H HMCGY4MHBRB 48G 64R M1 AVAP,,,M1297149-001,
SC57C06306,CARDPOP HM11 C4XAB PVT GP Riser BOM A,,,M1319117-002,
SC87C14291,"CHASSIS Chassis,AVC",,,M1245279-001,
SF17C11175,FAN C41AB_6056MM FAN_DELTA_PV,,,M1340387-002,
SM37B93347,MEMORY H HMCGY4MGBRB 48G 1Rx4 M1aAVAP,,,M1242812-001,
SC57C06302,CARDPOP HM11 C4XAB PVT H-PDB BOM A,,,M1319108-002,
SSS7C05586,SSD HFS1T9GFMWX183N 1.92T E1.S M1 AVAP,,,M1328235-001,
SP57B91310,"PWR_SUPPLY PSU,P2012,2100W,WITH MCU",,,M1283070-001,
SPU7C13613,"PDU 42U Vertical PMDU v1.2, I-MX",,,M1131759-002,
STA7B93873,ECAT_TLA S2195 MP SATA BP,,,M1292862-001,
SM17B88493,MECH_ASM C46AB 1.5OU Sled Air Duct,,,M1326657-003,
SC17C06380,CABLE 4S/8S Sled CPU1 UPI0 Cable,,,M1336754-002,
SC17C06378,CABLE 4S/8S Sled CPU0 UPI1 Cable,,,M1336752-002,
SM17B94086,MECH_ASM C43AB chassis,,,M1336732-002,
SB27B81605,BDPLANAR S2195 DVT MB,,,M1297287-900,
SC17C06381,CABLE 4S/8S Sled CPU1 UPI2 Cable,,,M1336755-002,
SC17C06379,CABLE 4S/8S Sled CPU0 UPI2 Cable,,,M1336753-002,
SC17B87229,CABLE 1.5m DAC Flex Sleeve-Mo,,,M1314501-001,
SM17B94089,MECH_ASM C43AB Fan Row Cage,,,M1336735-002,
SM17C02453,MECH_ASM C41AB 0.5OU blank,,,M1331059-001,
SC57B98097,CARDPOP J2010 JBOD AC PDB,,,M1023578-002,
SM37B99842,MEMORY MTC20F104XS1RC56BB2 48G M1 AVAP,,,M1336000-001,
SM17C09061,MECH_ASM C46AB Sled Rail,,,M1336740-003,
SM17B88499,MECH_ASM C46AB 1.5OU Riser Bracket,,,M1326662-003,
SC17B80374,CABLE CPU Board Power Cable2-Gold Plated,,,M1301710-001,
SC17B80375,CABLE CPU Board Power Cable1-Gold Plated,,,M1301709-001,
4B27B04147,"Len PC MOTHERBD,S2185 Vtm",,,M1205304-004,
SM17B93712,MECH_ASM E4000 44OU Side Panel Kit,,,M1242716-002,
SC17C06356,"CABLE CABLE-CBL,ASSY,3m,WC",,,M1131316-001,
SC17C06377,CABLE 4S/8S Rear Sled#2 Sideband Cable,,,M1336751-002,
SC17C06376,CABLE 4S/8S Rear Sled#1 Sideband Cable,,,M1336750-002,
SC17C06375,CABLE 4S/8S Sled#2 Sideband Cable,,,M1336749-002,
SC17C06374,CABLE 4S/8S Sled#1 Sideband Cable,,,M1336748-002,
SM17B95019,MECH_ASM E2030 Wingspan Asm,,,M1197825-002,
SC17B97483,CABLE HM11 Cable,,,M1326672-002,
SC17B97482,CABLE HM11 Cable,,,M1326671-002,
SC17B97484,CABLE HM11 Cable,,,M1326673-002,
SC17B97485,CABLE HM11 Cable,,,M1326674-002,
SC17C06371,CABLE 4S/8S Sled 12V Power Cable,,,M1336745-002,
SF17C07109,FAN C43AB/C46AB_6056MM FAN_DELTA_DV,,,M1336744-002,
SC57B96063,"CARDPOP J4400 DC-SCM,M1120,MAIN SOURCE",,,M1281347-904,
SC17B99996,CABLE CPU1 PE5 To CXL Port0 MXIO Cable,,,M1324996-002,
SM27B93701,"MECHANICAL 1OU Airflow Blocker, Gen 11",,,M1244027-001,
SF17C07108,FAN C43AB/C46AB_6056MM FAN_AVC_DV,,,M1336743-002,
SC17C06373,CABLE 4S/8S Rear Sled#1 12V Power Cable,,,M1336747-002,
SC17C00000,CABLE CPU1 PE3 To CXL1 Port0 MCIO Cable,,,M1325000-002,
SC17B99991,CABLE CPU0 PE2 To CXL Port1 MCIO Cable,,,M1324991-002,
SC17C06384,CABLE 4S Rear CPU0/1 UPI2 Cable,,,M1336758-002,
SC17C06382,CABLE 4S Rear CPU0 UPI1 Cable,,,M1336756-002,
SC17C06385,CABLE 4S Rear CPU1/0 UPI2 Cable,,,M1336759-002,
SC17C06383,CABLE 4S Rear CPU0 UPI0 Cable,,,M1336757-002,
SC17C06372,CABLE 4S/8S Rear Sled#2 12V Power Cable,,,M1336746-002,
STP7C06355,TAPE_MEDIA TAPE_MEDIA-TAPEMEDIA,,,M1142876-001,
SM17B76649,MECH_ASM s2195_hdd_cage_asm,,,M1293316-001,
SC57B80237,CARDPOP CXL DVT module,,,M1290486-901,
SC17B39991,CABLE Internal Sideband Cable,,,M1274862-001,
SC57B97437,CARDPOP HM11 EVT C43AB H-PDB,,,M1319108-901,
SM17B88496,MECH_ASM C46AB 1.5OU Sled Air Duct CXL,,,M1326659-002,
SC17C00001,CABLE CPU1 PE3 To CXL1 Port1 MCIO Cable,,,M1325001-002,
STA7B81606,ECAT_TLA S2195 DVT SATA BP BOM A,,,M1292862-902,
SM17C00863,MECH_ASM C43AB Sled Rail Set_EVT1,,,M1336740-001,
SC17B75677,CABLE MB Signal Cable,,,M1297527-001,
SL67B25803,LINECORD 1.5m C13-C14 Power Cable - IN,,,M1188147-001,
SC17C06409,CABLE 4S Fan Module Cable,,,M1336761-002,
SC57C00282,CARDPOP HM11 C41AB DVT GP Riser BOM A-2,,,M1319117-903,
SM17B98029,MECH_ASM 1.5OU Sled Chassis_EVT1,,,M1336733-001,
SC57B96064,"CARDPOP J4400 DC-SCM,M1120,SECOND SOURCE",,,M1281347-905,
SM17B98030,MECH_ASM 1.5OU Sled Air Duct_EVT1,,,M1326657-001,
SC17C00013,CABLE 2S FAN4 Cable,,,M1326672-002,
SCB7C06531,"COVER INSERT,CB PLASTIC DUMMY EDSFF",,,M1132711-002,
SM27A78136,MECHANICAL TE 1-2351053-2,,,No MSPN,
STR7B26281,TRANSISTOR MOSFET,,,No MSPN,
STR7B26284,TRANSISTOR MOSFET,,,No MSPN,
SCA7A05089,CONNECTOR TE 2331813-3,,,No MSPN,
SCA7A05011,CONNECTOR Foxconn ATF5883-22B21-2F,,,No MSPN,
SCA7A05109,CONNECTOR Foxconn white/white DDR5,,,No MSPN,
SCA7B83154,CONNECTOR HSR2093-L2100-9H,,,No MSPN,
SCA7A24141,CONNECTOR Card edge/Gen Z,,,No MSPN,
SL87B25964,"LOGIC_IC Hot-Swap eFuse Switch, 60A/18V",,,No MSPN,
SCA7B83158,CONNECTOR 2407998-1,,,No MSPN,
SL87A81178,LOGIC_IC Power Controllers,,,No MSPN,
SH47A97791,HEATSINK PCH_HS,,,No MSPN,
SCA7B83156,CONNECTOR 3-2340321-6,,,No MSPN,
SL57A32314,LINEAR_IC IC I2C 4Ch Sw w/Reset 20TSSOP,,,No MSPN,
SC97A23832,"CHIPSET IC,VOL REG,MPQ8633AGLE-Z",,,No MSPN,
SI17B50286,INDUCTOR Assembly 0.1uH +-10% 50A 0.19mo,,,No MSPN,
SM27B03509,MECHANICAL C2184_CLIP_BASE_GP,,,No MSPN,
SL87B01588,LOGIC_IC eFuse 2.7-18V 0.5-4A 34mOhm,,,No MSPN,
SI17B50288,INDUCTOR Assembly 0.055uH +-15% 115A 0.1,,,No MSPN,
SL57B83138,"LINEAR_IC IC,BUCK REG,MP8853GQ-C977-Z",,,No MSPN,
SI17B50516,INDUCTOR Assembly 0.15uH +-15% 85A 0.37m,,,No MSPN,
SL87A46662,LOGIC_IC Power Controllers,,,No MSPN,
SCA7B83159,CONNECTOR 2339207-2,,,No MSPN,
0000077P8020,LOGIC_IC Logic,,,No MSPN,
SM27A86915,MECHANICAL C2184_CLIP_BASE,,,No MSPN,
SC97A23839,"CHIPSET IC,POWER STAGE,RAA221340",,,No MSPN,
SH47A97792,HEATSINK VR_HS,,,No MSPN,
SCA7A05185,CONNECTOR TE 1-2333799-0,,,No MSPN,
SCA7B83155,CONNECTOR HFB1030-L302L-9H,,,No MSPN,
SCA7A24045,CONNECTOR Card edge/Gen Z,,,No MSPN,
STR7A81171,TRANSISTOR Power MOSFET,,,No MSPN,
SR27B26675,RAW_CARD C2184 PVT PCB TI efuse,,,No MSPN,
SI17B50175,INDUCTOR Molding 0.68uH +-20% 16.6A 4.9m,,,No MSPN,
4C57B01829,RISER CARD-GP-C2184,,,M1207354-002,
SM17B98028,MECH_ASM C43AB 3OU Chassis_EVT1,,,M1336732-001,
SC17C00012,CABLE 2S FAN3 Cable,,,M1326671-002,
SC17C00014,CABLE 2S FAN5 Cable,,,M1326673-002,
SC17C00015,CABLE 2S FAN6 Cable,,,M1326674-002,
SC17C00011,CABLE 2S FAN2 Cable,,,M1326670-002,
SC17C00010,CABLE 2S FAN1 Cable,,,M1326669-002,
SC17B84353,CABLE 4S/8S Sled CUP0 UPI2 Cable,,,M1336753-001,
SH47C06364,"HEATSINK HEATSINK-HTSINK,HAYS",,,M1211740-002,
SA27B76654,AIRDUCT S2195_airduct_SET,,,M1293302-001,
SC17C02052,CABLE 4S/8S Rear Sled#1 Sideband Cable,,,M1336750-001,
SHD7C10190,HDD ST32000NM002K 32T SED HDD M1 AVAP,,,M1357383-001,
SM37C03045,MEMORY HMCG94AHBRA 64G 2RX4 M1 AVAP,,,M1296394-001,
SM37B89951,MEMORY HMCGM4MHBRB 96G 2RX4 M1 AVAP,,,M1300258-001,
SSA7C10448,SP AMD 9535V 64C 300W 2.4G M1 DB,,,M1363407-001,
SSA7C10446,SP AMD 9V45 96C 400W 2.6G M1 DB,,,M1335058-001,
SM37B28937,MEMORY HMABAGL7CBR4N-XN 128G 32R M1 AVAP,,,M1243032-001,
SHD7C06556,HDD ST30000NMV02K 3.5 SATA SED M1 AVAP,,,M1344685-001,
SSA7C03970,SP INTEL 6783P-C 80C/2.2G/350W M1 DB,,,M1357688-001,
SM37C09911,MEMORY Hyn HMCT04MGBRC 128G M1 AVAP,,,M1325565-001,
SB27C19096,BDPLANAR HM11 C4XAB PVT MB BOM A v2,,,M1319102-005,
SM37B89955,MEMORY S M321RYGA0PB2-CCP 96G 64R M1,,,M1317343-001,
SM37C09339,MEMORY MTC20F1045S1RC56BD1 32G M1aAVAP,,,M1309073-001,
SR17C08970,RAID_CARD Broadcom 9600-16E 24G M1 AVAP,,,M1357385-001,
SM17C07216,MECH_ASM J4401_CHASSIS_ASM,,,M1377614-001,
03LF468,MEMORY MTA36ASF8G72PZ-3G2F1 64G M1 AVAP,,,M1200277-001,
SM17C06649,MECH_ASM 48V 6056 dual fan module,,,M1374210-001,
SR17C06715,RAID_CARD Bd 9600-16e HBA M1 AVAP,,,M1357385-001,
SM17C17574,MECH_ASM E4000 rack twist cage nut,,,M1316404-002,
SC17C06415,CABLE 4S FAN#6 Extension Cable,,,M1336767-002,
SC17C06412,CABLE 4S FAN#3 Extension Cable,,,M1336764-002,
SC17C06411,CABLE 4S FAN#2 Extension Cable,,,M1336763-002,
SC17C06410,CABLE 4S FAN#1 Extension Cable,,,M1336762-002,
SC17C06414,CABLE 4S FAN#5 Extension Cable,,,M1336766-002,
SC17C06413,CABLE 4S FAN#4 Extension Cable,,,M1336765-002,
SC17B40002,CABLE E1.S Intrusion Switch Cable,,,M1274945-001,
SH47B88303,HEATSINK C46AB_CPU HS_BOYD_EV,,,M1324976-001,
SM17B98057,MECH_ASM C46AB PDB H Protect Cover_EVT1,,,M1326660-001,
SC87C22450,"CHASSIS OCS J2011 JBOD L6 Asm,",,,M1255264-001,
SM17B34606,"ROW Manager ,1U,M2010,1759,NTAG",,,M1138338-001,
SSS7C12775,SSD HFS3T8GFMWX183N E1.S M1 AVAP,,,M1328232-001,
SM17C09063,MECH_ASM C43AB Interlock,,,M1336742-003,
SC17B42779,CABLE Rear CXL Modular-3 PCIE Cable,,,M1299238-001,
SC17B84358,CABLE 4S Rear  CPU0 UPI1 Cable,,,M1336756-001,
SC17B84359,CABLE 4S Rear CPU0/1 UPI2 Cable,,,M1336758-001,
SC17B90094,CABLE 2S/4S Busbar 48V Power Cable,,,M1325004-001,
SC17B92238,CABLE HM11 Cable,,,M1324985-001,
SC17B94291,CABLE 4S Rear  CPU0 UPI0 Cable,,,M1336757-001,
SC17C00435,CABLE 4S/8S Sled 12V Power Cable,,,M1336745-001,
SC17C00436,CABLE 4S/8S Rear Sled#1 12V Power Cable,,,M1336747-001,
SC17C02050,CABLE 4S/8S Sled#1 Sideband Cable,,,M1336748-001,
SC17C02051,CABLE 4S/8S Sled#2 Sideband Cable,,,M1336749-001,
SM17B98031,MECH_ASM C43AB Fan Row Cage_EVT1,,,M1336735-001,
SM17C00943,MECH_ASM C43AB Interlock_EVT1,,,M1336742-001,
SC17B40001,CABLE Front Intrusion Switch Cable,,,M1274944-001,
SC17B86274,CABLE Front E1.S Intrusion Switch Cable,,,M1324984-001,
SC17B92200,CABLE 4S Cover Intrusion Switch Cable,,,M1336760-001,
SC17C00715,CABLE 4S Fan Module Cable,,,M1336761-001,
SC17C00718,CABLE 4S FAN#3 Extension Cable,,,M1336764-001,
SC17C00719,CABLE 4S FAN#4 Extension Cable,,,M1336765-001,
SC17C00720,CABLE 4S FAN#5 Extension Cable,,,M1336766-001,
SC17C05824,CABLE 210mm Grounding Cable,,,M1344394-001,
SC17C06359,"CABLE CABLE-CBL,LUG,205mm",,,M1239027-001,
SC17C06416,CABLE Rear Cover Intrusion Switch Cable,,,M1336760-002,
SM27B81789,MECHANICAL E1.S Cable Sheild_TE,,,M1305048-001,
03LA077,MEMORY HMCG94AEBRA 64G 2RX4 48R M1 AVAP,,,M1253319-001,
03LC568,HDD_ASM WUH722424ALN607 24T HDD M1 AVAP,,,M1285322-001,
03LD274,SSD_ASM S MZCLO3T8HBLT-00AMZ E1.S M1AVAP,,,M1206006-001,
03NC090,SSD_ASM MZCLO1T9HCJR-00AMZ E1.S M1AVAP,,,M1260238-001,
03NC398,MEMORY S M321R8GA0PB0-CWM 64G M1AVAP,,,M1290684-001,
03NX294,HDD WSH722626ALN607 26T HDD M1 AVAP,,,M1282747-001,
4X77A87176,MTA72ASS8G72LZ-3G2R2 M1 AVAP,,,M1249971-001,
SSS7B69376,SSD Sd SBFPFWBV153TMD E1.L 9.5mm M1aAVAP,,,M1280519-001,
SSS7B82379,SSD MTFDKBG1T9TFR-1BC1EFCMA M.2 M1aAVAP,,,M1240853-001,
SC57C08699,CARDPOP J4401_3.5 inch_20-Bay_RDB_SKU B,,,M1364100-901,
SC57C08704,CARDPOP J4401_3.5 inch_12-Bay_FDB_SKU B,,,M1364095-901,
SM17C16031,MECH_ASM J4401_ATTENUATOR_ASM,,,M1377625-001,
SC57C08697,CARDPOP J4401_Cable Adapter_SKU B,,,M1364105-901,
SSG7C24622,SWITCH Cisco 8101-32FH-0CO1 TOR,,,M1386178-001,
SSG7C24623,SWITCH Arista DCS-7050C TOR Switch,,,M1386145-001,
SC17B93173,CABLE Slide 48V Input Power Cable,,,M1374207-001,
SC17B87226,CABLE 2.0m DAC Flex Sleeve-Mo,,,M1314499-001,
SSS7C19935,SSD S MZVL6960HFLB-00AMV M.2 M1aAVAP,,,M1357908-001,
4X77B04858,MTC40F2046S1RC56BD2 M1 AVAP,,,M1346933-001,
4X77A86735,HMCGM4MGBRB 96G 56R M1 AVAP,,,M1242810-001,
4X77A87482,MTA18ASF4G72PZ-3G2F1 32G M1 AVAP,,,M1211908-001,
4XB7A86452,MZCLO1T9HCJR-00AMZ E1.S M1AVAP,,,M1206003-001,
4XB7A86753,Tos MG10ACP20TA 3.5/o SED M1 AVAP,,,M1242982-001,
4XB7A88515,KXDZFRJ97T68 E1.S 7.68T M1 AVAP,,,M1253616-001,
4XB7A88723,DW HFS3T8GEEWX091N E1.S M1AVAP,,,M1173427-001,
4XB7A89475,ST24000NM010H 24T 3.5/o M1 AVAP,,,M1283382-001,
SF17C11174,FAN C41AB_6056MM FAN_AVC_PV,,,M1340386-002,
4C57A90182,C2184_riser1 Option RW USI,,,M1182878-003,
SM27B35247,MECHANICAL C2288_CX7_Filler_WO_perf,,,M1255690-001,
03KL714,MEMORY MTA36ASF8G72LZ-3G2F1 64G M1 AVAP,,,M1249816-001,
SC57C08698,CARDPOP J4401_3.5 inch_20-Bay_RDB_SKU A1,,,M1364100-900,
SC57C18549,CARDPOP J4401_3.5 inch_12-Bay_FDB_SKU A1,,,M1364095-900,
SB27C18399,BDPLANAR S219B Turin 1P12 R+R HPM-EVM,,,M1362439-901,
SM17C19648,MECH_ASM J4401_CHASSIS_ASM_2FANS,,,M1380597-001,
SC57C08696,CARDPOP J4401_Cable Adapter_SKU A1,,,M1364105-900,
SM17C08576,MECH_ASM J4401_CABLE CHAIN,,,M1377626-001,
SM17C07220,MECH_ASM J4401-L11_PARTS,,,M1377624-001,
SM17C11472,MECH_ASM J4401_CABLE CHAIN_IGUS,,,M1377627-001,
SM17C19651,MECH_ASM J4401_ATTENUATOR_ASM_SE,,,M1384238-001,
4C57B01828,Riser CARD-FPGA-C2184,,,M1182880-003,
4TA7B03801,"PC LEN VN,S2180 MOTHERBD",,,M1130000-003,
SHD7B92519,HDD Tos MG11ACP24TE 3.5 24T HDD M1aAVAP,,,M1295078-001,
SM37C13110,MEMORY M321R8GA0EB2-CWM 64G 2R M1 AVAP,,,M1361196-001,
SB27C08891,BDPLANAR S21F2 DPU F2 1P4 ADI MB_SKU A,,,M1333489-903,
SHD7C15728,HDD ST24000NM014H 24T SATA M1 AVAP,,,M1351008-001,
SSS7B75767,SSD HFS1T9GEJWX132N 1.92T E1.S M1aAVAP,,,M1291031-001,
SC87C15863,CHASSIS S419B COMMON CHASSIS ASSY,,,M1385038-001,
SM37C06565,MEMORY MTC40F2047S1RC56BB2 128G M1 AVAP,,,M1350950-001,
SC57C26305,CARDPOP HM11 C4XAB PVT H-PDB v3 BOM A,,,M1319108-006,
SM37B90001,MEMORY S M321RAJA0MB0-CWM 128G M1AVAP,,,M1317107-001,
STA7C08895,ECAT_TLA S21F2 270mm QSFP112 Cable Riser,,,M1348358-902,
SM17C21514,MECH_ASM S21A1_HBA_RISER_bkt_EC_AVC,,,M1245302-002,
SSS7C16637,SSD S MZCL93T8HFLB-00AMZ E1.S M1 AVAP,,,M1320054-001,
SM17B87183,MECH_ASM S21A1_HDD_carrier,,,M1218207-002,
STA7C08897,ECAT_TLA S21F2 E1.L 12-BAY NVMe BP_SKU A,,,M1346637-901,
4TA7B05788,RISER CARD-E1S-INTRPOSE-S2185,,,M1200247-002,
SC87C15863,CHASSIS S419B COMMON CHASSIS ASSY,,,M1385038-001,
SC57C13541,CARDPOP S419B 48V BUSBAR PDB,,,M1373904-900,
SC57C13495,CARDPOP S419B 2x CDFPx16 PE RETIMER,,,M1373907-900,
SB17C15840,BATTERY Liteon 1kW BBU,,,M1375818-001,
SC57C13497,CARDPOP S419B 8x QSFP-DDx4 SAS HBA,,,M1373901-900,
SM17B87184,MECH_ASM S21A1_LP_RISER_bkt,,,M1215571-002,
SC57C10452,CARDPOP HM11 C46AB DVT V-PDB BOM A,,,M1319111-001,
SM17B88477,MECH_ASM C46AB Chassis,,,M1377240-001,
SM17B88483,MECH_ASM C46AB Fan Row Cage,,,M1377189-001,
SSS7C17766,SSD S MZCL91T9HFLU-00AMZ E1.S M1 AVAP,,,M1320050-001,
SSG7C20433,SWITCH Mellanox MSN2700 Switch,,,M1077277-002,
SF17C15228,FAN AVC_Vitenam_4356_48V,,,M1348781-001,
STA7C08893,ECAT_TLA S21F2 E1.S 4-Bay NVMe BP_SKU A,,,M1346646-900,
SM17C09060,MECH_ASM C46AB 1.5OU sled,,,M1336733-002,
SC17C19525,CABLE 4S/8S Rear Sled#1 12V Power Cable,,,M1336747-002,
SB47C06838,BRACKET S21A1_HBA_Bracket,,,M1245305-001,
SF17C16822,FAN C43AB/C46AB_6056MM FAN_AVC_PV,,,M1336743-003,
SM17B88480,MECH_ASM C46AB Rear Cage,,,M1377213-001,
SM27B87856,"MECHANICAL E1.S Slot Opening, WT",,,M1186417-003,
SC17C13696,CABLE Direct Attach X8 PCIE5.0 Cable,,,M1375710-001,
SC17C13711,CABLE E1.S 11/12/13/14 DA Cable,,,M1375718-001,
SC17C13712,CABLE E1.S 7/8/9/10 DA Cable,,,M1375717-001,
SM17C09058,MECH_ASM C43AB 3OU chassis,,,M1336732-002,
SM17C09059,MECH_ASM C43AB 3OU Fan Row Cage,,,M1336735-002,
SP57B93698,PWR_SUPPLY Delta P4000 3000W Non-LES PSU,,,M1278691-001,
SC17C13694,CABLE 12V Input Power Cable,,,M1375708-001,
SM17C17924,MECH_ASM HM11 T2 PV Riser BRKT,,,M1326662-004,
SC17C13703,CABLE Retimer1 Card Cable B,,,M1375713-001,
SC17C13708,CABLE Retimer1 Card Cable A,,,M1375714-001,
SC17C13702,CABLE SAS HBA Cable,,,M1375712-001,
SC17C13709,CABLE Retimer2 Card Cable B,,,M1375715-001,
SC17C13710,CABLE Retimer2 Card Cable A,,,M1375716-001,
SP57B46803,PWR_SUPPLY Flextronics PS1650 1650W PSU,,,M1249695-001,
SC17C13802,CABLE BBU Cable,,,M1375720-001,
SC17C13695,CABLE Sideband Signal Cable,,,M1375709-001,
SC17C13701,CABLE Direct Attach X8 PCIE5.0 Cable,,,M1375711-001,
SM17C15866,MECH_ASM S419B DUMMY HBA RETIMER,,,M1385036-001,
SM17C09335,MECH_ASM S219B-PCIE-RISER-BRKT-ASSEMBLY,,,M1371795-001,
SM27C17109,"MECHANICAL CLIP,SUPPORT,PCIE",,,M1082504-001,
SC17C09000,"CABLE CBL,ASSY,275mm,AMP P2010 PLUS",,,M1289184-001,
SM17B88518,MECH_ASM C41AB Chassis,,,M1326656-001,
SM17C23374,MECH_ASM S419B DUMMY BBU,,,M1385033-001,
SC17B93172,CABLE System 48V Input Power,,,M1374209-001,
SC17B80315,CABLE 2m 100GbE 30AWG QSFP DAC Cable,,,M1290097-001,
SC17B90093,CABLE 2S PDB 12V Power Cable,,,M1325002-001,
SC57B88221,CARDPOP HM11 Pre-EVT DC-SCM 1.2(Main),,,M1281347-902,
SC17B92938,CABLE C41AB FAN3 Cable,,,M1326671-001,
SC17B92937,CABLE C41AB FAN2 Cable,,,M1326670-001,
SM17B88497,MECH_ASM C46AB 1.5OU Riser Bracket,,,M1326662-001,
SL67B86392,"LINECORD 250VAC, 10A",,,M1309980-001,
SC17B84375,CABLE 2S Sideband Cable,,,M1325003-001,
SC17B86270,CABLE HM11 Cable,,,M1324998-001,
SL67B86395,"LINECORD 250VAC, 10A",,,M1309983-001,
SC17B92946,CABLE 2S FAN5 Cable,,,M1326673-001,
SC17B92943,CABLE 2S FAN2 Cable,,,M1326670-001,
SC17B92947,CABLE 2S FAN6 Cable,,,M1326674-001,
SC17B86271,CABLE HM11 Cable,,,M1324999-001,
SC17C08725,CABLE Internal SlimSAS/Sideband Cable,,,M1374204-001,
SC17B86269,CABLE HM11 Cable,,,M1324997-001,
SC17B86273,CABLE HM11 Cable,,,M1325001-001,
SC17B86266,CABLE HM11 Cable,,,M1324991-001,
SC17B84350,CABLE 2S UPI2 Cable,,,M1324982-001,
SL67B86393,"LINECORD 250VAC, 10A",,,M1309981-001,
SL67B86397,"LINECORD 250VAC, 10A",,,M1251956-001,
SC17C00009,CABLE Intrusion Switch Cable,,,M1324985-002,
SC17C00008,CABLE Front E1.S Intrusion Switch Cable,,,M1324984-002,
SL67B86396,"LINECORD 250VAC, 10A",,,M1252110-001,
SL67B86391,"LINECORD 125VAC, 15A",,,M1310064-001,
STA7B08080,ECAT_TLA TPM CARD ASSY,,,M1079925-001,
SL67B86394,"LINECORD 250VAC, 10A",,,M1309982-001,
4XB7A88514,KXDZFRJ91T12 E1.S 1.92T M1 AVAP,,,M1253612-001,
4X77A96355,MTC40F2047S1RC56BB1 M1AVAP,,,M1317108-001,
4XB7A88724,DW MZEL215THBLA-00AMV E1.L M1AVAP,,,M1186366-001,
4XB7B02924,WSH722626ALN607 26T HDD M1 AVAP,,,M1282747-001,
4XB7B08437,ST24000NM014H 24T SATA M1 AVAP,,,M1351008-001,
4XB7A88635,KXDZFRJ93T84 3.84T E1.S M1 AVAP,,,M1253614-001,
4X77A90987,MTC40F2046S1RC56BD1 64G M1AVAP,,,M1281487-001,
4X77A87045,HMAG84EXNRA 32G 2RX4 M1 AVAP,,,M1249633-001,
SM37B91686,MEMORY MTC40F2047S1RC64BB1 128G M1aAVAP,,,M1319100-001,
SM37C26802,MEMORY HMCT14MHERC 256G 64R M1 AVAP,,,M1381415-001,
SSG7C26842,SWITCH Mellanox Switch MSN4600-WS2RO,,,M1193323-001,
SM37C20209,MEMORY MTC20F1045S1RC56BD2 32G M1 AVAP,,,M1338885-001,
SF17C04470,FAN MR630X_v3_4056_AVC-VNM,,,M1202129-002,
SSS7C17596,SSD S MZ3LO7T6HBLT-00A07 E3.S M1 AVAP,,,M1373438-001,
SB27C27998,BDPLANAR S21F2 DPU F2 1P4 ADI MB_SKU A2,,,M1333489-903,
SF17C17409,"FAN FAN,13.2VDC,DUAL ROTOR,40X56, AVC VT",,,M1248369-001,
SC87C09334,CHASSIS S219B-L3-CHASSSIS-XIO-ASSEMBLY,,,M1371779-001,
4TA7B05786,RISER CARD-MCIO-INTRPOSE-S2185,,,M1247300-003,
4TA7B01164,MOTHERBOARD-S2180,,,M1130000-003,
4C57B01830,CARDPOP PV Riser 1 LCFC VN,,,M1182878-003,
4TA7A75954,C2030/S2130 MB w/ CSR-L,,,M1089834-002,
4TA7B05785,RISER CARD-MCIO-INTRPOSE-S2185,,,M1247300-003,
4X77A85320,MTC20F104XS1RC48BB1 48G 1R M1,,,M1250765-001,
4X77A95668,HMCT04AEERA 128G 4RX4 48R M1,,,M1288563-001,
4X77B07625,S M321RYGA0PB2-CWM 96G M1 AVAP,,,M1357311-001,
4XB7A96356,MZCLO7T6HBLA-00AMZ 7.68T E1.S M1,,,M1285837-001,
SB27B71238,BDPLANAR C9887 PVT2 MB BOM B(FXN),,,M1274937-002,
SB27B71240,BDPLANAR C9887 PVT2 MB BOM C(WUS),,,M1274934-002,
SB27B83182,BDPLANAR S2185 MB PV,,,M1205304-003,
SB27B97436,BDPLANAR HM11 EVT C43AB MB,,,M1319102-901,
SB27B99887,BDPLANAR HM11 C41AB DVT MB BOM B,,,M1319102-903,
SB27B99888,BDPLANAR HM11 C41AB DVT MB BOM C,,,M1319102-904,
SB27B99889,BDPLANAR HM11 C41AB DVT MB BOM D,,,M1319102-905,
SB27C00277,BDPLANAR HM11 C41AB DVT MB BOM A-3,,,M1319102-907,
SB27C04304,BDPLANAR S2180 MB,,,M1130000-004,
SB27C06552,BDPLANAR HM11 C4XAB PVT MB BOM A 2nd DC,,,M1319102-004,
SB27C17104,BDPLANAR ZT S21A1 MB PV,,,M1293112-001,
SB27C17105,BDPLANAR ZT S21A1 MB MP,,,M1293112-002,
SB27C23198,BDPLANAR S2185 Motherboard,,,M1205304-005,
SB47C13303,BRACKET HBA 9600-16E 24G S21F2,,,M1362882-001,
SB47C16633,BRACKET NON-VENT HBA DUMMY BLANK S21F2,,,M1369415-001,
SC17C06386,CABLE 4S Fan Module Cable,,,M1336761-002,
SC17C06387,CABLE 4S FAN#1 Extension Cable,,,M1336762-002,
SC17C06388,CABLE 4S FAN#2 Extension Cable,,,M1336763-002,
SC17C06389,CABLE 4S FAN#3 Extension Cable,,,M1336764-002,
SC17C06390,CABLE 4S FAN#4 Extension Cable,,,M1336765-002,
SC17C06391,CABLE 4S FAN#5 Extension Cable,,,M1336766-002,
SC17C06392,CABLE 4S FAN#6 Extension Cable,,,M1336767-002,
SC17C26843,CABLE 68mm MB Power and Signal Cable,,,M1200987-002,
SC57B99893,CARDPOP HM11 C41AB DVT CXL Board BOM B,,,M1319105-902,
SC57C00281,CARDPOP HM11 C41AB DVT CXL Board BOM A3,,,M1319105-904,
SC57C04297,S2180 M11R1 TPM 4C23S4 TPM_SVT,,,M1039577-001,
SC57C06553,CARDPOP HM11 C4XAB PVT CXL BOM A 2nd DC,,,M1319105-004,
SC87C09333,CHASSIS S219B-L3-CHASSIS-XSTORE-ASSEMBLY,,,M1371742-001,
SF17B98515,FAN C43/C46AB_6056MM FAN_AVC_DV,,,M1336743-001,
SF17C04469,FAN MR630X_v3_4028_AVC-VNM,,,M1202127-002,
SH47B68993,HEATSINK HTSINK S2185 NARROWER,,,M1211767-001,
SH47C03940,HEATSINK S2195_CPU_REMOTEHSK_AVC_EVT_VN,,,M1237997-001,
SH47C08298,HEATSINK HEATSINKHTSINK S2185 6Pipe,,,M1189035-001,
SH47C08299,HEATSINK HEATSINKHTSINK S2185 6Pipe TH,,,M1189035-001,
SH47C09746,HEATSINK HEATSINKHTSINK S2185 6Pipe,,,M1189035-001,
SH47C14453,HEATSINK CPU_RHS CM-CHN,,,M1242424-002,
SH47C15980,HEATSINK S219B_CPU_HSK_AVC_EVT,,,M1371515-001,
SH47C21570,HEATSINK AVC Heatsink S2185,,,M1375902-001,
SHD7B99676,HDD Tos HDEB070SMB51 27T HDD M1aAVAP,,,M1319594-001,
SHD7B99678,HDD WSH723200ALN607 30T HDD M1aAVAP,,,M1324266-001,
SHD7C05875,HDD WD WSH72BV30ALN607 30T SATA M1aAVAP,,,M1349362-001,
SHD7C06558,HDD ST30000NMV02K 3.5 SATA SED M1aAVAP,,,M1344685-001,
SHD7C10191,HDD ST32000NM002K 32T SED HDD M1aAVAP,,,M1357383-001,
SM17B87185,MECH_ASM S21A1_HBA_RISER_bkt,,,M1245302-001,
SM17C00834,MECH_ASM S2195-top-level-SGC400-case3,,,M1350718-001,
SM17C01964,MECH_ASM C2184-top-level-SGC400-case3WT,,,M1339013-001,
SM17C01965,MECH_ASM C2184-top-level-SGC400-case3IG,,,M1339013-001,
SM17C08877,MECH_ASM CHAS MECH-L3 MECH-L3 S21F2E,,,M1350713-001,
SM17C08878,MECH_ASM CHAS MECH-L3 S21F2S,,,M1350711-001,
SM27B87704,MECHANICAL E1.S Slot Opening AVC,,,M1186417-003,
SM27B87857,MECHANICAL E1.S Slot Opening Ing,,,M1186417-003,
SM37B01620,MEMORY HMCG84MEBRA-MP 32G 1RX4 M1 AVAP,,,M1191323-001,
SM37B01846,MEMORY HMCG84MEBRA-MP 32G 1RX4 M1a AVAP,,,M1191323-001,
SM37B04380,MEMORY H HMCG94MEBRA 64G 2RX4 M1 AVAP,,,M1190042-001,
SM37B31922,MEMORY M MTC40F2046S1RC48BA1 64G M1 AVAP,,,M1201250-001,
SM37B42924,MEMORY Hyx HMAG84EXNRA 32G M1 AVAP,,,M1249633-001,
SM37B42925,MEMORY Hyx HMAG84EXNRA 32G M1aAVAP,,,M1249633-001,
SM37B45787,MEMORY S M321R8GA0BB0-CQK 64G /P M1AVAP,,,M1205936-001,
SM37B45788,MEMORY M321R8GA0BB0-CQK 64G /P M1aAVAP,,,M1205936-001,
SM37B75602,MEMORY HMCG94AGBRA 64G 2RX4 5600 M1 AVAP,,,M1217722-001,
SM37B77735,MEMORY HMCG94AEBRA 64G 2RX4 48R M1 AVAP,,,M1253319-001,
SM37B89952,MEMORY HMCGM4MHBRB 96G 2RX4 64R M1aAVAP,,,M1300258-001,
SM37B89958,MEMORY S M321RAJA0MB2-CCP 128G 64R M1a,,,M1314926-001,
SM37B90004,MEMORY MTC40F2047S1RC56BB1 128G M1aAVAP,,,M1317108-001,
SM37B92027,MEMORY S M321R8GA0PB0-CWM 64G M1AVAP,,,M1290684-001,
SM37B92956,MEMORY HMCG84AGBRA 32G 1RX4 M1 AVAP,,,M1203047-001,
SM37B93909,MEMORY HMCG84AEBRA 32G 1RX4 48R M1 AVAP,,,M1253320-001,
SM37B98266,MEMORY MTC40F204WS1RC64BC1 64R M1 AVAP,,,M1333783-001,
SM37B98267,MEMORY MTC40F204WS1RC64BC1 64R M1aAVAP,,,M1333783-001,
SM37B98597,MEMORY MTC20F104XS1RC64BC1 48G M1 AVAP,,,M1334102-001,
SM37B98598,MEMORY MTC20F104XS1RC64BC1 48G M1aAVAP,,,M1334102-001,
SM37B99843,MEMORY MTC20F104XS1RC56BB2 48G M1aAVAP,,,M1336000-001,
SM37C01556,MEMORY S M321RYGA0PB0-CWM 96G M1aAVAP,,,M1291286-001,
SM37C02857,MEMORY HMAG84DXNRB 32G 32R M1 AVAP,,,M1279778-001,
SM37C02858,MEMORY HMAG84DXNRB 32G 32R M1aAVAP,,,M1279778-001,
SM37C07245,MEMORY HMCT04MHBRC 128G 2RX4 64R M1aAVAP,,,M1325563-001,
SM37C07827,MEMORY MTC40F204WS1RC56BB2 96G M1aAVAP,,,M1350945-001,
SM37C09338,MEMORY MTC20F1045S1RC56BD1 32G M1 AVAP,,,M1309073-001,
SM37C13111,MEMORY M321R8GA0EB2-CWM 64G 2R M1aAVAP,,,M1361196-001,
SM37C14129,MEMORY S M321RYGA0PB2-CWM 96G M1aAVAP,,,M1357311-001,
SM37C18898,MEMORY S M321R8GA0EB0-CWM 64G M1 AVAP,,,M1362959-001,
SM37C18899,MEMORY S M321R8GA0EB0-CWM 64G M1aAVAP,,,M1362959-001,
SM37C20210,MEMORY MTC20F1045S1RC56BD2 32G M1aAVAP,,,M1338885-001,
SP57B98368,PWR_SUPPLY P2012-G 2100W PSU F-MX,,,M1283070-001,
SSS7A75154,SSD HFS3T8GD0FEI-A430A 3.84T M.2 M1 AVAP,,,M1156144-001,
SSS7B64319,SSD HFS960GDJ0X132N 960G M.2 M1AVAP,,,M1252799-001,
SSS7B68120,SSD KXDZFRJ93T84 3.84T E1.S M1 AVAP,,,M1253613-001,
SSS7B69814,SSD HFS1T9GDJ0X132N PE9010 M.2 M1 AVAP,,,M1252874-001,
SSS7B75775,SSD HFS7T6GEJWX132N 7.68T E1.S M1aAVAP,,,M1291036-001,
SSS7B76028,SSD S MZEMO30THCLF-00AMV E1.L M1aAVAP,,,M1280011-001,
SSS7B82281,SSD MTFDKBG960TFR-1BC1EFCMA M.2 M1 AVAP,,,M1240851-001,
SSS7B82378,SSD MTFDKBG1T9TFR-1BC1EFCMA M.2 M1 AVAP,,,M1240853-001,
SSS7B88908,SSD Kio KXD8FRJ97T68 7.68T E1.S M1aAVAP,,,M1325170-001,
SSS7B88912,SSD HFS7T6GFMWX183N 7.68T E1.S M1a,,,M1328236-001,
SSS7C02861,SSD Kx KLD2DLJC15T3 E1.L M1aAVAP,,,M1279693-001,
SSS7C05587,SSD HFS1T9GFMWX183N 1.92T E1.S M1aAVAP,,,M1328235-001,
SSS7C17598,SSD S MZ3LO15THBLA-00A07 E3.S M1 AVAP,,,M1374048-001,
SSS7C17599,SSD S MZ3LO15THBLA-00A07 E3.S M1aAVAP,,,M1374048-001,
SSS7C19706,SSD S MZCL97T6HFLA-00AMZ E1.S M1 AVAP,,,M1368760-001,
SSS7C19708,SSD S MZCL97T6HFLA-00AMZ E1.S M1aAVAP,,,M1368760-001,
STA7B67794,ECAT_TLA Glacier Peak-PVT_M1262026-001,,,M1262026-001,
STA7B93575,ECAT_TLA Glacier Peak_M1262026-001 Ing,,,M1262026-001,
STA7B93576,ECAT_TLA Glacier Peak_M1262026-002 Ing,,,M1262026-002,
STA7B93874,ECAT_TLA S2195 DVT SATA BP BOM B,,,M1292862-002,
STA7C08358,ECAT_TLA S2185 MCIO Interposer,,,M1247300-003,
STA7C08360,ECAT_TLA S2185 E1.S Interposer,,,M1200247-002,
SF17C08554,"FAN C2080 40x56 12V Fan Asm, AVC-VNM",,,M1174441-003,
SM17C23577,MECH_ASM M1 Olympus 48U Rack with Sides,,,M1291334-001,
SM17C17908,MECH_ASM M1_edsff_dummy_ruler_190079,,,M1132711-002,
SC57C24250,CARDPOP HM11 DC-SCM MP with DP USB,,,M1281347-908,
SB27C26056,BDPLANAR S219B Turin 1P12 R+R HPM ZCN,,,M1362439-902,
SH47B77592,HEATSINK S2195_CPU_REMOTE_HSK_BOYD_EVT,,,M1243117-001,
SM17C13057,MECH_ASM D4020 Dual Zone Bus Bar Asm,,,M1275171-002,
SC17C18578,CABLE 8S Busbar 48V Power Cable,,,M1380615-001,
SC17C27741,CABLE Direct Attach X16 PCIE5.0 Cable,,,M1367357-002,
SM17C14492,MECH_ASM F4200 SLED ASSY,,,M1375627-001,
SC17C27739,CABLE System FAN Cable,,,M1367347-002,
SHD7A74373,HDD ST14000NM0001 14T 3.5 SAS M1 AVAP,,,M1136743-001,
SN37B83022,NETWRK_CRD CONNECTX-7 OCP 3.0 200 GBEa,,,M1296705-001,
SC87C14488,CHASSIS F4200 CHASSIS ASSY,,,M1375626-001,
SC17C13481,CABLE Direct Attached CDFP Cable 1,,,M1375636-001,
SC17C28480,"CABLE CABLE CHAIN,MINI-SAS/LAN,J2012",,,M1381309-001,
SM17C14504,MECH_ASM F4200 SLED RAIL,,,M1375628-001,
SF17C14527,FAN 80x80x56 Fan Module,,,M1375634-001,
SC17C13492,CABLE DC-SCM Cable,,,M1375640-001,
SC17C19093,"CABLE CBL EMASSY,FAN,SNGL SCKT,FANS 3-5",,,M1211764-001,
SC17B87225,CABLE 2.0m DAC Flex Sleeve-TE,,,M1314496-001,
SC17B87231,CABLE 1.0m DAC Flex Sleeve-TE,,,M1314498-001,
SM17C14496,MECH_ASM F4200 PCIE SWITCH BD TRAY ASSY,,,M1375630-001,
SC17C13493,CABLE E3.S Intrusion Switch Cable,,,M1375641-001,
SSS7C28631,SSD S SBFPFWBV614TMD 61.44T E1.L M1 AVAP,,,M1389236-001,
SSS7C09915,SSD S MZEL615THBLF-00AMV E1.L M1aAVAP,,,M1279996-001,
SM37C03046,MEMORY HMCG94AHBRA 64G 2RX4 M1aAVAP,,,M1296394-001,
SB27B98272,BDPLANAR C2184 MB BOM B,,,M1176261-007,
SB27C28009,BDPLANAR HM11 C4XAB PV MB BOM A v3 ZDT,,,M1319102-007,
M1283382-0010A,"HDD HDD,3.5 IN,26.1mm,SATA,24TB,7200rpm,",,,M1283382-001,
M1346933-0010A,"MEMORY MMOD,RDIMM,64GB,DDR5,5600Mbits/s,",,,M1346933-001,
SSA7C19859,SP AMD Turin 9V45 96C 400W 2.6G M1 AR,,,M1335058-001,
M1296452-0010A,"SP PROCSR,CPU,INTEL,INTEL_ XEON_",,,M1296452-001,
SM37C08474,MEMORY S M321R6GA0PB2-CCP 48G M1 AVAP,,,M1325801-001,
M1206003-0010A,"SSD SSD,E1.S,NVME,1.92TB,SAMSUNG,MZCLO1T",,,M1206003-001,
SSS7C12776,SSD HFS3T8GFMWX183N E1.S M1aAVAP,,,M1328232-001,
M1217722-0010A,"MEMORY MMOD,RDIMM,64GB,DDR5,5600Mbits/s,",,,M1217722-001,
SB27C30612,BDPLANAR C219B motherboard Wiwynn 002,,,M1295166-002,
SC17C15796,"CABLE OSFP TO QSFP,DAC 26AWG,1.5M",,,M1372882-001,
M1269944-0010A,"SP PROCSR,CPU,INTEL,XEON PLATINUM 8455C,",,,M1269944-001,
M1262026-00200,"CARDPOP FPGAC,GLACIER PEAK,WCS,2,100 G",,,M1262026-002,
SC17C15797,"CABLE OSFP TO QSFP,DAC 26AWG,2.0M",,,M1372885-001,
SC17C15795,"CABLE OSFP TO QSFP,DAC 26AWG, 1.0M",,,M1378664-001,
M1253615-0010A,"SSD SSD,E1.S,15mm,NVME,7.68TB,KIOXIA,XD7",,,M1253615-001,
M1255264-00100,"CHASSIS CHAS,EM-L6,J2011,CHASSIS",,,M1255264-001,
SL17C28479,LABEL M1 Product Regulatory Label,,,M1118013-004,
M1171500-00100,SWITCH NETDISCRETE-ARISTA-DCS-7050CX3,,,M1171500-001,
SH47C08156,HEATSINK S219B_CPU_HSK_AVC_DVT,,,M1387341-001,
M1204112-00100,"SCREW SCREW,MACH,PAN,TORX,T10,M3,4mm",,,M1204112-001,
SC17C19732,"CABLE 1.5m Relay Cable, RoW-H",,,M1150995-002,
M1277274-00100,"PWR_SUPPLY PSU,P2012,M1277274-001,NON-LE",,,M1277274-001,
M1131758-00200,"PDU PDU,PDU,PMDU WCS,STANDARD-FUSED,0Fee",,,M1131758-002,
SC87C26202,CHASSIS S219B-L3-CHASSIS-XSTORE-ASSY-DVT,,,M1371742-001,
M1205309-00100,"PWR_SUPPLY PSU,FLEXTRONICS,MIS-S-1100ADE",,,M1205309-001,
SC17C27742,CABLE Direct Attach X16 PCIE5.0 Cable,,,M1367357-002,
M1259404-0010A,"HDD HDD,3.5 IN,26.1mm,SATA,20TB,7200rpm,",,,M1259404-001,
M1034773-00200,"MECH_ASM RCAB,7844393,WHITE,48U,2280X597",,,M1034773-002,
M1168449-0010A,"NETWRK_CRD NIC,CONNECTX-5 EX,OCP 3.0,100",,,M1168449-001,
M1252799-0010A,"SSD SSD,M.2,NVME,960GB,HYNIX,PE9010",,,M1252799-001,
M1206215-00100,SWITCH NETDISCRETE-NOKIA-7215-PSI,,,M1206215-001,
M1077277-00100,SWITCH MELLANOX-MSN2700-CS2ROS-PSI,,,M1077277-001,
SC87C26203,CHASSIS S219B-L3-CHASSIS-XIO-ASSY-DVT,,,M1371779-001,
M1218316-0010A,"CARDPOP STRCNTRL,9500-8E,12GB/S, 6GB/S S",,,M1218316-001,
SC17C27740,CABLE System FAN Cable,,,M1367347-002,
M1129703-00100,"CARDPOP FPGAC,A2030,WCS,LOW PROFILE",,,M1129703-001,
SL67B82962,LINECORD Power Whip cable 30A 4.5m,,,M1193087-002,
M1202129-00200,"FAN FAN,12VDC,ASSY,DUAL ROTOR,40X4",,,M1202129-002,
M1027014-00100,"MECHANICAL CARR,ASSY,HDD,J2010",,,M1027014-001,
M1205954-00100,"FAN FAN,13.2VDC,L80MM 4056 FAN, DELTA, A",,,M1205954-001,
SC17C09791,CABLE Front E1.S Intrusion Switch Cable,,,M1274942-002,
M1241694-00400,"CHASSIS CHAS,MECH-L3,WCS,OLYMPUS,C2184,C",,,M1241694-004,
M1242424-00210,"HEATSINK HTSINK MASSY,XCC,BAFFLE,REMOTE",,,M1242424-002,
M1203995-00210,"CHASSIS CHAS,MECH-L3,S2185E",,,M1203995-002,
M1152277-00310,"MECHANICAL MASSY,LATCH,EDSFF,15 MM - E1.",,,M1152277-003,
M1113202-00110,CABLE NWINTCBL-MULTI-MFG-DAC-1.5m-1-ZQSF,,,M1113202-001,
M1297060-00100,"MECHANICAL RAIL,SLIDE",,,M1297060-001,
M1200987-00110,"CABLE CBL EMASSY,MB TO PSU,68MM,RAPI",,,M1200987-001,
M1204096-00110,"HEATSINK HTSINK,S2185,DELTA NARROWER",,,M1204096-001,
M1183378-00100,"MECHANICAL KIT MASSY,SLIDE,1047MM,GEN9,1",,,M1183378-001,
SM17C27105,MECH_ASM S219B_OCP_CAGE_REAR_BRKT,,,M1371799-001,
M1131291-00100,"SCREW SCREW,MACH,BUTTON (DOME),TORX,M2.5",,,M1131291-001,
M1011427-00100,"SWITCH NASSY,MGMTSW,U1A-H10060-DRB",,,M1011427-001,
M1249786-00100,"CABLE CBL,CONN,520mm,MCIO X8- PCIE 98P P",,,M1249786-001,
M1168811-00100,"CABLE CBL,PWR,1500mm,WCS,INLINE,PDU,3V,W",,,M1168811-001,
M1200545-00100,"CABLE CBL,CSTM,441.3mm,AMP,CORSICA",,,M1200545-001,
M1027007-00100,"MECHANICAL RAIL,RAIL BRACKET ASSY,J2010",,,M1027007-001,
M1235047-00100,"MECHANICAL BARR,GEN9,AIRFLOW BLOCKER ASS",,,M1235047-001,
M1243955-00100,"CABLE CBL,ASSY,340mm,ASSY,DUAL ROTOR",,,M1243955-001,
SM17C27103,MECH_ASM S219B_E1L_CONNECTOR_BRKT_X4,,,M1371764-001,
SM17C27099,MECH_ASM S219B_E1S_CONNECTOR_BRKT_X4,,,M1371787-001,
SM17C27101,MECH_ASM S219B_E1L_CONNECTOR_BRKT_X2,,,M1371766-001,
M1211758-00200,"MECHANICAL BLOCK,CB CNC E1S DUMMY RULER",,,M1211758-002,
M1200539-00100,"CABLE CBL,CSTM,370mm,AMPHENOL,MB MCIO X8",,,M1200539-001,
M1215571-00200,"MECHANICAL MASSY,BRACKET, LP RISER",,,M1215571-002,
M1176179-00100,CABLE NWINTCBL-AMPHENOL-NDAAFS-M206-DAC-,,,M1176179-001,
M1245305-00100,"BRACKET BRKT,BLANK,HBA",,,M1245305-001,
M1176180-00100,CABLE NWINTCBL-AMPHENOL-NDAAFS-M201-DAC-,,,M1176180-001,
SC17B04500,"CABLE CBL,LAN,1120mm,INTERNA,RJ45",,,M1027846-001,
M1157196-00100,"CABLE CBL EMASSY,CABLE,FAN,FANS 0-2,S218",,,M1157196-001,
M1200551-00100,"CABLE CBL,CSTM,248mm,AMPHENOL,AMP P2010",,,M1200551-001,
M1245302-00210,"BRACKET BRKT,ASSEMBLY,HBA",,,M1245302-002,
M1203748-00100,CABLE NWINTCBL-AMPHENOL-NDAAFS-M202-DAC-,,,M1203748-001,
M1157195-00100,"CABLE CBL EMASSY,CABLE,FAN,FANS 3-5,S218",,,M1157195-001,
M1150204-00100,"BRACKET BRKT,HORIZONTAL CABLE MANAGER,PA",,,M1150204-001,
M1179576-00100,"MECHANICAL MASSY,SOCKET E,EGS CARRIER MO",,,M1179576-001,
M1218207-00210,"BRACKET BRKT,HDD CARRIER",,,M1218207-002,
M1189572-00100,"CABLE CBL,CSTM,204mm,S2185,PMBUS MB2X9P",,,M1189572-001,
M1200546-00100,"CABLE CBL,CSTM,740mm,AMPHENOL,PH4.2 2X2+",,,M1200546-001,
M1186417-00310,"MECHANICAL INSERT,PLASTIC,E1.S SLOT OPEN",,,M1186417-003,
M1249503-00200,"MECHANICAL MASSY,INSERT,METAL,OCP NIC,SL",,,M1249503-002,
M1019946-01110,CABLE NWCBL-MULTI-MFG-CAT6-COPPER-12ft-P,,,M1019946-011,
M1210173-00100,"CABLE CBL,PWR,145mm,EMASSY,INTRUSION",,,M1210173-001,
M1019946-00600,"CABLE CBL,CAT6,991mm,RJ45,24AWG,PVC,WHIT",,,M1019946-006,
M1032032-00110,"MECHANICAL CPLR,CAT6,BLACK,PLASTIC,STRAI",,,M1032032-001,
M1200552-00100,"CABLE CBL,CSTM,160mm,AMPHENOL, MB PH2.54",,,M1200552-001,
M1205306-00100,"MECHANICAL CLIP,LOTES E1A CPU CLIP",,,M1205306-001,
M1126954-00100,"MECHANICAL MASSY,BRKT,SLIDE,PMDU ALIGNME",,,M1126954-001,
M1019946-00700,"CABLE CBL,CAT6,838mm,RJ45,24AWG,PVC,WHIT",,,M1019946-007,
M1019946-00500,"CABLE CBL,CAT6,1143mm,RJ45,24AWG,PVC,WHI",,,M1019946-005,
M1183377-00100,"MECHANICAL INSERT,STEEL,PCIE SLOT COVER,",,,M1183377-001,
M1107282-00100,"MECHANICAL SLEEVE,C13,YELLOW,SECURE",,,M1107282-001,
M1019946-00400,"CABLE CBL,CAT6,1295mm,RJ45,24AWG,PVC,WHI",,,M1019946-004,
M1015345-00100,"CABLE CBL,RJ45,200mm,SPLITTER,VOICE ONLY",,,M1015345-001,
M1019946-00300,"CABLE CBL,CAT6,1448mm,RJ45,24AWG,PVC,WHI",,,M1019946-003,
M1019946-00200,"CABLE CBL,CAT6,1524mm,RJ45,24AWG,PVC,WHI",,,M1019946-002,
M1118013-00320,"LABEL LABEL,REGULATORY,PRODUCT,WHITE,STA",,,M1118013-003,
4PU7B07525,"4U 22kW Horiz PDU, M1357347-001",,,M1357347-001,
4X77A96703,MTC40F2047S1RC64BB1 128G M1,,,M1319100-001,
03NC061,MEMORY S M321RAJA0MB2-CCP 128G 64R M1,,,M1314926-001,
03LE106,MEMORY MTA72ASS8G72LZ-3G2R2 64G M1 AVAP,,,M1249971-001,
4X77B05085,HMCT04MHBRC 128G 2RX4 M1 AVAP,,,M1325563-001,
4XB7A91071,HFS7T6GEJWX132N 7.68 E1.S M1 AVAP,,,M1291212-001,
4X77B09875,MTC20F1045S1RC56BD2 32G M1 AVAP,,,M1338885-001,
4XB7A69650,HFS15T3DGLX070N E1.L 15.36T M1,,,M1165654-001,
SSS7C28460,SSD S MZCL915THBLF-00AMZ E1.S M1 AVAP,,,M1367122-001,
SR17C27160,RAID_CARD 9602W-16e P3-50160-03 M1 AVAP,,,M1353760-002,
SB27C26060,BDPLANAR S219B Turin 1P12 R+R HPM TCN C,,,M1362439-906,
SP57C27834,"PWR_SUPPLY PSU, Liteon P2015",,,M1333128-002,
SB27C26058,BDPLANAR S219B Turin 1P12 I+I HPM TCN,,,M1362439-904,
SH47C08155,HEATSINK S219B_CPU_HSK_Delta_DVT,,,M1387342-001,
SSA7C32032,SP Intel EMR 8555C 52C/2.1G/350W M1 AR,,,M1297350-001,
SC87C29505,"CHASSIS CHAS,EM-L6,J2012",,,M1381307-001,
SC17C26161,"CABLE CBL,CSTM,204mm,S2185",,,M1189572-001,
SC17B96132,CABLE 165mm MB to PDB Cable,,,M1013205-002,
SM17C09062,MECH_ASM C46AB Chassis Rail Set,,,M1368534-002,
SM17B94582,MECH_ASM C46AB Interlock Set,,,M1377180-001,
SPU7B03491,PDU 48U Vertical PMDU-D,,,M1188144-001,
SSG7C17170,SWITCH Arista DCS-7060X6 Switch,,,M1347585-001,
ST27C16737,TAPE_DRIVE TAPE_DRIVETPLIB-DPLY-9-06406,,,M1334297-001,
SPU7C32719,"PDU 48U Vertical PMDU w/ Mylar, I-VN",,,M1131758-002,
SN37B77647,NETWRK_CRD CX7134DAS-VEAI_C11 M1aAVAP,,,M1296705-001,
SC17C16739,"CABLE CABLECBL,ASSY,4m,WCS,WCS,MINI SAS",,,M1200411-001,
SM17C08577,MECH_ASM J4401_CABLE CHAIN,,,M1393652-001,
SC17C13485,CABLE Direct Attached CDFP Cable 2,,,M1375636-001,
SC17C13494,CABLE Direct Attached CDFP Cable 1,,,M1375637-001,
SM17C17909,MECH_ASM M1_E1S_dummy_ruler_w/gasket,,,M1211758-002,
SM17C19371,MECH_ASM S219B-TSFF-HBA-FACE-PLATE-ASM,,,No MSPN,
M1253608-0010A,"SSD E1.S,15mm,NVME,1.92TB,KIOXIA",,,M1253608-001,
M1205999-0010A,"SSD SSD,E1.S,NVME,1.92TB,PE9110",,,M1205999-001,
M1118013-00400,"LABEL LABEL,REGULATORY,PRODUCT,WHITE",,,M1118013-004,
M1218160-0010A,"HDD HDD,3.5 IN,SATA,20TB,7200rpm,C",,,M1218160-001,
M1291031-0010A,"SSD E1.S,15mm,NVME,1.92TB,HYNIX",,,M1291031-001,
SM37C28699,MEMORY Hyn HMCT04MGBRC540N 128G M1 AVAP,,,M1392772-001,
SHD7C30928,HDD WSH72CV35ALN607 35T-V HDD M1 AVAP,,,M1393339-001,
SM37C28697,MEMORY Hyn HMCT04MGBRC539N 128G M1 AVAP,,,M1392771-001,
SM37C28703,MEMORY Hyn HMCT04MGBRC546N 128G M1 AVAP,,,M1392773-001,
4B27B00071,MOTHERBOARD-C2184,,,M1176261-006,
M1255264-00110,"CHASSIS CHAS,EM-L6,J2011,CHASSIS",,,M1255264-001,
SE27C29634,"CABLE_EXT 1.5m Relay Cable, ROW, FXN",,,M1168811-001,
SE27C33288,CABLE_EXT 1.5m 100G DAC QSFP,,,M1113202-001,
M1131758-00210,"PDU PDU,PDU,PMDU WCS,STANDARD-FUSE",,,M1131758-002,
SB27C32042,BDPLANAR S21F2 DPU F2 1P4 ADI MB,,,M1333489-001,
M1248369-00110,"FAN FAN,13.2VDC,DUAL ROTOR,40X56,",,,M1248369-001,
SC17C26164,"CABLE CBL,CSTM,370mm",,,M1200539-001,
M1011427-00200,"SWITCH NASSY,MGMTSW,U1A-H10060-DRB",,,M1011427-002,
SC17C26167,"CABLE CBL,CSTM,248mm",,,M1200551-001,
SC17C26166,"CABLE CBL,CSTM,740mm",,,M1200546-001,
M1375902-00100,"HEATSINK HTSINK,S2185,AVC NARROWER",,,M1375902-001,
SC17C27013,CABLE Slide 48V Input Power Cable,,,M1374207-001,
SC17C27014,CABLE Internal SlimSAS/Sideband Cable,,,M1374205-001,
SE27C29637,"CABLE_EXT 1.5m Relay Cable, IN, FXN",,,M1168810-001,
STA7C32043,ECAT_TLA S21F2 E1.L 12-BAY NVMe BP,,,M1346637-001,
STA7C32044,ECAT_TLA S21F2 250mm QSFP112 Cable Riser,,,M1348358-001,
SL67C31148,"LINECORD RELAY,RJ45, C14 SAF-T-GRID,1.5M",,,M1387013-001,
SC17C27012,CABLE System 48V Input Power,,,M1374209-001,
SM17C32580,MECH_ASM S419B-BBU-DUMMY-SPONGE,,,M1410776-001,
SE27C27899,"CABLE_EXT 1.5m Power Relay Cable, F",,,M1168811-002,
STA7C32045,ECAT_TLA S21F2 E1.S 4-Bay NVMe BP,,,M1346646-001,
4C57B04439,BACKPLATE-S2195,,,M1292862-001,
4B27B04146,MOTHERBOARD-S21A1,,,M1293112-002,
SC87C27107,"CHASSIS CHAS,MECH-L3,S21F2S",,,M1350711-001,
SC87C27108,"CHASSIS CHAS,MECH-L3,MECH-L3,S21F2E",,,M1350713-001,
STA7C28824,ECAT_TLA J4401_3.5 inch_20-Bay_RDB_SKU A,,,M1364100-902,
SC17C26168,"CABLE CBL,CSTM,160mm",,,M1200552-001,
SC17C28578,"CABLE CBL,CSTM,190mm,MCIO CABLE",,,M1289142-001,
SC17C28574,"CABLE CBL,CBL,CSTM,MCIO CABLE",,,M1345663-001,
SC17C28579,"CABLE CBL,CSTM,260mm,MCIO CABLE",,,M1289143-001,
SC17C28577,"CABLE CBL,CSTM,170mm,MCIO CABLE",,,M1289141-001,
SC17C28573,"CABLE CBL,CSTM,360mm,MCIO CABLE",,,M1289144-001,
STA7C28819,ECAT_TLA J4401_3.5 inch_12-Bay_FDB_SKU A,,,M1364095-902,
SC17C28576,CABLE Cable6,,,M1344556-001,
SC17C28580,"CABLE CBL,ASSY,275mm,AMP P2010 PLUS",,,M1289185-001,
SB27C17894,BDPLANAR C2080 Motherboard Asm-W -001,,,M1119344-001,
SC17C28572,"CABLE CBL,ASSY,275mm,AMP P2010 PLUS",,,M1289184-001,
SC17C28571,"CABLE CBL EMASSY,FAN,SNGL SCKT,FANS 0-2",,,M1211765-001,
SC17C28570,"CABLE CBL EMASSY,FAN,SNGL SCKT,FANS 3-5",,,M1211764-001,
SM17C27109,"MECH_ASM BRKT,ASSEMBLY,HBA",,,M1350714-001,
SC17C28568,"CABLE CBL,CSTM,204mm,S2185",,,M1189572-001,
SC57C18845,CARDPOP J4401_Cable Adapter_SKU A,,,M1364105-902,
SC17C28569,"CABLE CBL,CSTM,200mm",,,M1344553-001,
SM17C19649,MECH_ASM J4401_CHASSIS_ASM_2FANS,,,M1393367-001,
SC17C28575,"CABLE CBL,CSTM,80mm,",,,M1344555-001,
SM17C15697,MECH_ASM J4401_HDD_DRIVE_TRAY_F_ASM,,,M1393511-001,
SB47C27110,"BRACKET NON-VENT HBA DUMMY BLANK, S21F2",,,M1369415-001,
SM17C16028,MECH_ASM J4401_CABLE_TRAY_ASM,,,M1393596-001,
SB47C27111,"BRACKET HBA,9600-16E,24G,S21F2",,,M1362882-001,
SM17C07471,MECH_ASM J4401_BUSBAR_BOX,,,M1393595-001,
ST27C09734,"TAPE_DRIVE TAPE_DRIVETAPEDRV,0TB,IBM-48",,,M1242357-001,
SSS7C29914,SSD SBFPFABV153TOF1 15.26T E3.S M1 AVAP,,,M1391928-001,
SH47C38520,"HEATSINK CPU_RHS, CM-VNM",,,M1242424-002,
SE27C29636,"CABLE_EXT HAR 1.5m Relay Cable, ROW",,,M1150995-002,
SC17B93692,CABLE MB Power and Signal Cable,,,M1334005-001,
STA7C28826,ECAT_TLA J4401_3.5 inch_20-Bay_RDB_SKU C,,,M1364100-904,
STA7C28822,ECAT_TLA J4401_3.5 inch_12-Bay_FDB_SKU C,,,M1364095-904,
STA7C26393,ECAT_TLA M1120 DC-SCM 1.2 (Infineon) MP,,,M1304365-003,
STA7C28827,ECAT_TLA J4401_3.5 inch_20-Bay_RDB_SKU D,,,M1364100-905,
SC87C33718,CHASSIS S219B-L3-CHASSIS-XIO-ASSY-PVT,,,M1371779-001,
STA7C28823,ECAT_TLA J4401_3.5 inch_12-Bay_FDB_SKU D,,,M1364095-905,
SM17C29849,MECH_ASM J4401_CHASSIS_ASM_2FANS_SS,,,M1393367-001,
SF17C18460,FAN 48V 6056 dual fan module,,,M1407968-001,
STA7C28825,ECAT_TLA J4401_3.5 inch_20-Bay_RDB_SKU B,,,M1364100-903,
SC57C18847,CARDPOP J4401_Cable Adapter_SKU C,,,M1364105-904,
SC17C32359,CABLE MB Power Cable,,,M1296945-001,
SC87C33717,CHASSIS S219B-L3-CHASSIS-XSTORE-ASSY-PVT,,,M1371742-001,
SF17C18459,FAN 48V 6056 dual fan module,,,M1407970-001,
STA7C28821,ECAT_TLA J4401_3.5 inch_12-Bay_FDB_SKU B,,,M1364095-903,
SC57C28818,CARDPOP J4401_Cable Adapter_SKU D,,,M1364105-905,
SC17C30789,"CABLE CBL,230mm,RISER CABLE W/ PCBA",,,M1375710-001,
SM17C29850,MECH_ASM J4401_HDD_DRIVE_TRAY_ASM_SS,,,M1393511-001,
SM17C29851,MECH_ASM J4401_CABLE_TRAY_ASM_SS,,,M1393596-001,
SC17C15252,"CABLE CBL 140mm,FAN Cable",,,M1413138-001,
SC17C32051,"CABLE CBL,470mm,SAS HBA CABLE",,,M1375712-001,
SC17C30791,"CABLE CBL,520mm,PCIE RE-TIMER CARD CABLE",,,M1375714-001,
SC17C32052,"CABLE CBL,550mm,PCIE RE-TIMER CARD CABLE",,,M1375713-001,
SC57C18846,CARDPOP J4401_Cable Adapter_SKU B,,,M1364105-903,
SC17C30790,"CABLE CBL,620mm,RISER CABLE W/ PCBA",,,M1375711-001,
SC17C15253,"CABLE CBL 140mm,FAN Cable",,,M1413139-001,
SM17C29852,MECH_ASM J4401_BUSBAR_BOX_SS,,,M1393595-001,
SC17C32576,"CABLE CBL,410/570mm,INTRUSION SW Y-CABLE",,,M1375641-001,
